
 /----------------------------------------------------------------------------\
 |  yosys -- Yosys Open SYnthesis Suite                                       |
 |  Copyright (C) 2012 - 2026  Claire Xenia Wolf <claire@yosyshq.com>         |
 |  Distributed under an ISC-like license, type "license" to see terms        |
 \----------------------------------------------------------------------------/
 Yosys 0.67+92 (git sha1 30fe16c7f-dirty, Release, Clang /usr/bin/clang++ 18.1.8)

-- Executing script file `-' --
[TCL: yosys -import] Command name collision: found pre-existing command `cd' -> skip.
[TCL: yosys -import] Command name collision: found pre-existing command `eval' -> skip.
[TCL: yosys -import] Command name collision: found pre-existing command `exec' -> skip.
[TCL: yosys -import] Command name collision: found pre-existing command `read' -> skip.
[TCL: yosys -import] Command name collision: found pre-existing command `trace' -> skip.

1. Executing Verilog-2005 frontend: /home/sun/Desktop/yosys-sta/LED/top.v
Parsing SystemVerilog input from `/home/sun/Desktop/yosys-sta/LED/top.v' to AST representation.
Generating RTLIL representation for module `\top'.
Successfully finished Verilog frontend.

2. Executing SYNTH pass.

2.1. Executing HIERARCHY pass (managing design hierarchy).

2.1.1. Analyzing design hierarchy..
Top module:  \top

2.1.2. Analyzing design hierarchy..
Top module:  \top
Removed 0 unused modules.

2.2. Executing PROC pass (convert processes to netlists).

2.2.1. Executing PROC_CLEAN pass (remove empty switches from decision trees).
Cleaned up 0 empty switches.

2.2.2. Executing PROC_RMDEAD pass (remove dead branches from decision trees).
Marked 1 switch rules as full_case in process $proc$/home/sun/Desktop/yosys-sta/LED/top.v:7$1 in module top.
Removed a total of 0 dead cases.

2.2.3. Executing PROC_PRUNE pass (remove redundant assignments in processes).
Removed 1 redundant assignment.
Promoted 0 assignments to connections.

2.2.4. Executing PROC_INIT pass (extract init attributes).

2.2.5. Executing PROC_ARST pass (detect async resets in processes).

2.2.6. Executing PROC_ROM pass (convert switches to ROMs).
rejecting switch: rhs not const
rejecting switch: has nested switches
Converted 0 switches.

2.2.7. Executing PROC_MUX pass (convert decision trees to multiplexers).
Creating decoders for process `\top.$proc$/home/sun/Desktop/yosys-sta/LED/top.v:7$1'.
     1/2: $0\count[31:0]
     2/2: $0\led[15:0]

2.2.8. Executing PROC_DLATCH pass (convert process syncs to latches).

2.2.9. Executing PROC_DFF pass (convert process syncs to FFs).
Creating register for signal `\top.\led' using process `\top.$proc$/home/sun/Desktop/yosys-sta/LED/top.v:7$1'.
  created $dff cell `$procdff$14' with positive edge clock.
Creating register for signal `\top.\count' using process `\top.$proc$/home/sun/Desktop/yosys-sta/LED/top.v:7$1'.
  created $dff cell `$procdff$15' with positive edge clock.

2.2.10. Executing PROC_MEMWR pass (convert process memory writes to cells).

2.2.11. Executing PROC_CLEAN pass (remove empty switches from decision trees).
Found and cleaned up 2 empty switches in `\top.$proc$/home/sun/Desktop/yosys-sta/LED/top.v:7$1'.
Removing empty process `top.$proc$/home/sun/Desktop/yosys-sta/LED/top.v:7$1'.
Cleaned up 2 empty switches.

2.2.12. Executing OPT_EXPR pass (perform const folding).
Optimizing module top.
Replacing $eq cell `$eq$/home/sun/Desktop/yosys-sta/LED/top.v:10$2' in module `top' with $logic_not.

2.3. Executing CHECK pass (checking for obvious problems).
Checking module top...
Found and reported 0 problems.

2.4. Executing FLATTEN pass (flatten design).

2.5. Executing OPT_EXPR pass (perform const folding).
Optimizing module top.

2.6. Executing OPT_CLEAN pass (remove unused cells and wires).
Finding unused cells or wires in module \top..
  removing unused non-port wire $procmux$8_CMP.
  removing unused non-port wire $procmux$7_Y.
  removing unused non-port wire $procmux$10_CMP.
  removing unused non-port wire $procmux$13_CMP.
  removing unused non-port wire $procmux$12_Y.
Removed 0 unused cells and 5 unused wires.

2.7. Executing CHECK pass (checking for obvious problems).
Checking module top...
Found and reported 0 problems.

2.8. Executing OPT pass (performing simple optimizations).

2.8.1. Executing OPT_EXPR pass (perform const folding).
Optimizing module top.

2.8.2. Executing OPT_MERGE pass (detect identical cells).
Finding identical cells in module `\top'.
Computing hashes of 9 cells of `\top'.
Finding duplicate cells in `\top'.
Removed a total of 0 cells.

2.8.3. Executing OPT_MUXTREE pass (detect dead branches in mux trees).
Running muxtree optimizer on module \top..
  Creating internal representation of mux trees.
  Evaluating internal representation of mux trees.
    Root of a mux tree: $procmux$12 (pure)
		eval $procmux$12 (replace 1 enable 1)
		eval $procmux$9 (replace 1 enable 1)
    Root of a mux tree: $procmux$7 (pure)
		eval $procmux$7 (replace 1 enable 1)
		eval $ternary$/home/sun/Desktop/yosys-sta/LED/top.v:11$5 (replace 1 enable 1)
  Analyzing evaluation results.
Removed 0 multiplexer ports.

2.8.4. Executing OPT_REDUCE pass (consolidate $*mux and $reduce_* inputs).
  Optimizing cells in module \top.
Performed a total of 0 changes.

2.8.5. Executing OPT_MERGE pass (detect identical cells).
Finding identical cells in module `\top'.
Computing hashes of 9 cells of `\top'.
Finding duplicate cells in `\top'.
Removed a total of 0 cells.

2.8.6. Executing OPT_DFF pass (perform DFF optimizations).

2.8.7. Executing OPT_CLEAN pass (remove unused cells and wires).
Finding unused cells or wires in module \top..

2.8.8. Executing OPT_EXPR pass (perform const folding).
Optimizing module top.

2.8.9. Finished fast OPT passes. (There is nothing left to do.)

2.9. Executing FSM pass (extract and optimize FSM).

2.9.1. Executing FSM_DETECT pass (finding FSMs in design).

2.9.2. Executing FSM_EXTRACT pass (extracting FSM from design).

2.9.3. Executing FSM_OPT pass (simple optimizations of FSMs).

2.9.4. Executing OPT_CLEAN pass (remove unused cells and wires).
Finding unused cells or wires in module \top..

2.9.5. Executing FSM_OPT pass (simple optimizations of FSMs).

2.9.6. Executing FSM_RECODE pass (re-assigning FSM state encoding).

2.9.7. Executing FSM_INFO pass (dumping all available information on FSM cells).

2.9.8. Executing FSM_MAP pass (mapping FSMs to basic logic).

2.10. Executing OPT pass (performing simple optimizations).

2.10.1. Executing OPT_EXPR pass (perform const folding).
Optimizing module top.

2.10.2. Executing OPT_MERGE pass (detect identical cells).
Finding identical cells in module `\top'.
Computing hashes of 9 cells of `\top'.
Finding duplicate cells in `\top'.
Removed a total of 0 cells.

2.10.3. Executing OPT_MUXTREE pass (detect dead branches in mux trees).
Running muxtree optimizer on module \top..
  Creating internal representation of mux trees.
  Evaluating internal representation of mux trees.
    Root of a mux tree: $procmux$12 (pure)
		eval $procmux$12 (replace 1 enable 1)
		eval $procmux$9 (replace 1 enable 1)
    Root of a mux tree: $procmux$7 (pure)
		eval $procmux$7 (replace 1 enable 1)
		eval $ternary$/home/sun/Desktop/yosys-sta/LED/top.v:11$5 (replace 1 enable 1)
  Analyzing evaluation results.
Removed 0 multiplexer ports.

2.10.4. Executing OPT_REDUCE pass (consolidate $*mux and $reduce_* inputs).
  Optimizing cells in module \top.
Performed a total of 0 changes.

2.10.5. Executing OPT_MERGE pass (detect identical cells).
Finding identical cells in module `\top'.
Computing hashes of 9 cells of `\top'.
Finding duplicate cells in `\top'.
Removed a total of 0 cells.

2.10.6. Executing OPT_DFF pass (perform DFF optimizations).
Adding SRST signal on $procdff$14 ($dff) from module top (D = $procmux$9_Y, Q = \led, rval = 16'0000000000000001).
Adding EN signal on $auto$ff.cc:337:slice$16 ($sdff) from module top (D = { \led [14:0] \led [15] }, Q = \led).
Adding SRST signal on $procdff$15 ($dff) from module top (D = $add$/home/sun/Desktop/yosys-sta/LED/top.v:11$4_Y, Q = \count, rval = 0).

2.10.7. Executing OPT_CLEAN pass (remove unused cells and wires).
Finding unused cells or wires in module \top..
  removing unused `$mux' cell `$ternary$/home/sun/Desktop/yosys-sta/LED/top.v:11$5'.
  removing unused `$mux' cell `$procmux$7'.
  removing unused `$mux' cell `$procmux$9'.
  removing unused `$mux' cell `$procmux$12'.
  removing unused non-port wire $0\led[15:0].
  removing unused non-port wire $0\count[31:0].
  removing unused non-port wire $ternary$/home/sun/Desktop/yosys-sta/LED/top.v:11$5_Y.
  removing unused non-port wire $procmux$9_Y.
Removed 4 unused cells and 4 unused wires.

2.10.8. Executing OPT_EXPR pass (perform const folding).
Optimizing module top.

2.10.9. Rerunning OPT passes. (Maybe there is more to do..)

2.10.10. Executing OPT_MUXTREE pass (detect dead branches in mux trees).
Running muxtree optimizer on module \top..
  Creating internal representation of mux trees.
  No muxes found in this module.
Removed 0 multiplexer ports.

2.10.11. Executing OPT_REDUCE pass (consolidate $*mux and $reduce_* inputs).
  Optimizing cells in module \top.
Performed a total of 0 changes.

2.10.12. Executing OPT_MERGE pass (detect identical cells).
Finding identical cells in module `\top'.
Computing hashes of 6 cells of `\top'.
Finding duplicate cells in `\top'.
Removed a total of 0 cells.

2.10.13. Executing OPT_DFF pass (perform DFF optimizations).

2.10.14. Executing OPT_CLEAN pass (remove unused cells and wires).
Finding unused cells or wires in module \top..

2.10.15. Executing OPT_EXPR pass (perform const folding).
Optimizing module top.

2.10.16. Finished fast OPT passes. (There is nothing left to do.)

2.11. Executing WREDUCE pass (reducing word size of cells).
Removed top 9 bits (of 32) from port B of cell top.$ge$/home/sun/Desktop/yosys-sta/LED/top.v:11$3 ($ge).
Removed top 31 bits (of 32) from port B of cell top.$add$/home/sun/Desktop/yosys-sta/LED/top.v:11$4 ($add).

2.12. Executing PEEPOPT pass (run peephole optimizers).

2.13. Executing OPT_CLEAN pass (remove unused cells and wires).
Finding unused cells or wires in module \top..

2.14. Executing ALUMACC pass (create $alu and $macc cells).
Extracting $alu and $macc cells in module top:
  creating $macc model for $add$/home/sun/Desktop/yosys-sta/LED/top.v:11$4 ($add).
  creating $alu model for $macc $add$/home/sun/Desktop/yosys-sta/LED/top.v:11$4.
  creating $alu model for $ge$/home/sun/Desktop/yosys-sta/LED/top.v:11$3 ($ge): new $alu
  creating $alu cell for $ge$/home/sun/Desktop/yosys-sta/LED/top.v:11$3: $auto$alumacc.cc:512:replace_alu$22
  creating $alu cell for $add$/home/sun/Desktop/yosys-sta/LED/top.v:11$4: $auto$alumacc.cc:512:replace_alu$35
  created 2 $alu and 0 $macc cells.

2.15. Executing SHARE pass (SAT-based resource sharing).

2.16. Executing OPT pass (performing simple optimizations).

2.16.1. Executing OPT_EXPR pass (perform const folding).
Optimizing module top.

2.16.2. Executing OPT_MERGE pass (detect identical cells).
Finding identical cells in module `\top'.
Computing hashes of 11 cells of `\top'.
Finding duplicate cells in `\top'.
Removed a total of 0 cells.

2.16.3. Executing OPT_MUXTREE pass (detect dead branches in mux trees).
Running muxtree optimizer on module \top..
  Creating internal representation of mux trees.
  No muxes found in this module.
Removed 0 multiplexer ports.

2.16.4. Executing OPT_REDUCE pass (consolidate $*mux and $reduce_* inputs).
  Optimizing cells in module \top.
    New input vector for $reduce_or cell $auto$opt_dff.cc:362:combine_resets$20: { \rst $auto$rtlil.cc:3270:ReduceAnd$28 $auto$rtlil.cc:3267:Not$32 }
  Optimizing cells in module \top.
Performed a total of 1 changes.

2.16.5. Executing OPT_MERGE pass (detect identical cells).
Finding identical cells in module `\top'.
Computing hashes of 11 cells of `\top'.
Finding duplicate cells in `\top'.
Removed a total of 0 cells.

2.16.6. Executing OPT_DFF pass (perform DFF optimizations).

2.16.7. Executing OPT_CLEAN pass (remove unused cells and wires).
Finding unused cells or wires in module \top..
  removing unused `$reduce_or' cell `$auto$alumacc.cc:548:replace_alu$33'.
  removing unused non-port wire $ge$/home/sun/Desktop/yosys-sta/LED/top.v:11$3_Y.
  removing unused non-port wire $auto$rtlil.cc:3271:ReduceOr$34.
Removed 1 unused cells and 2 unused wires.

2.16.8. Executing OPT_EXPR pass (perform const folding).
Optimizing module top.

2.16.9. Rerunning OPT passes. (Maybe there is more to do..)

2.16.10. Executing OPT_MUXTREE pass (detect dead branches in mux trees).
Running muxtree optimizer on module \top..
  Creating internal representation of mux trees.
  No muxes found in this module.
Removed 0 multiplexer ports.

2.16.11. Executing OPT_REDUCE pass (consolidate $*mux and $reduce_* inputs).
  Optimizing cells in module \top.
Performed a total of 0 changes.

2.16.12. Executing OPT_MERGE pass (detect identical cells).
Finding identical cells in module `\top'.
Computing hashes of 10 cells of `\top'.
Finding duplicate cells in `\top'.
Removed a total of 0 cells.

2.16.13. Executing OPT_DFF pass (perform DFF optimizations).

2.16.14. Executing OPT_CLEAN pass (remove unused cells and wires).
Finding unused cells or wires in module \top..

2.16.15. Executing OPT_EXPR pass (perform const folding).
Optimizing module top.

2.16.16. Finished fast OPT passes. (There is nothing left to do.)

2.17. Executing MEMORY pass.

2.17.1. Executing OPT_MEM pass (optimize memories).
Performed a total of 0 transformations.

2.17.2. Executing OPT_MEM_PRIORITY pass (removing unnecessary memory write priority relations).
Performed a total of 0 transformations.

2.17.3. Executing OPT_MEM_FEEDBACK pass (finding memory read-to-write feedback paths).

2.17.4. Executing MEMORY_BMUX2ROM pass (converting muxes to ROMs).

2.17.5. Executing MEMORY_DFF pass (merging $dff cells to $memrd).

2.17.6. Executing OPT_CLEAN pass (remove unused cells and wires).
Finding unused cells or wires in module \top..

2.17.7. Executing MEMORY_SHARE pass (consolidating $memrd/$memwr cells).

2.17.8. Executing OPT_MEM_WIDEN pass (optimize memories where all ports are wide).
Performed a total of 0 transformations.

2.17.9. Executing OPT_CLEAN pass (remove unused cells and wires).
Finding unused cells or wires in module \top..

2.17.10. Executing MEMORY_COLLECT pass (generating $mem cells).

2.18. Executing OPT_CLEAN pass (remove unused cells and wires).
Finding unused cells or wires in module \top..

3. Executing SHARE pass (SAT-based resource sharing).

4. Executing ONEHOT pass.

5. Executing MUXPACK pass ($mux cell cascades to $pmux).
Converted 0 (p)mux cells into 0 pmux cells.

6. Executing OPT_DEMORGAN pass (push inverters through $reduce_* cells).
Inspecting $reduce_and cell $auto$alumacc.cc:92:get_eq$27 (32 inputs)
  0 / 32 inputs are inverted, not pushing
Inspecting $reduce_or cell $auto$opt_dff.cc:362:combine_resets$20 (3 inputs)
  0 / 3 inputs are inverted, not pushing

7. Executing OPT_FFINV pass (push inverters through FFs).
Discovering LUTs.
Pushed 0 inverters.

8. Executing SYNTH pass.

8.1. Executing OPT pass (performing simple optimizations).

8.1.1. Executing OPT_EXPR pass (perform const folding).
Optimizing module top.
Stripping 6 LSB bits of $alu cell $auto$alumacc.cc:512:replace_alu$22 in module top.

8.1.2. Executing OPT_MERGE pass (detect identical cells).
Finding identical cells in module `\top'.
Computing hashes of 16 cells of `\top'.
Finding duplicate cells in `\top'.
Removed a total of 0 cells.

8.1.3. Executing OPT_DFF pass (perform DFF optimizations).

8.1.4. Executing OPT_CLEAN pass (remove unused cells and wires).
Finding unused cells or wires in module \top..
  removing unused non-port wire $auto$rtlil.cc:3267:Not$39.
  removing unused non-port wire $auto$rtlil.cc:3267:Not$41.
  removing unused non-port wire $auto$rtlil.cc:3267:Not$43.
  removing unused non-port wire $auto$rtlil.cc:3267:Not$45.
  removing unused non-port wire $auto$rtlil.cc:3267:Not$47.
  removing unused non-port wire $auto$rtlil.cc:3267:Not$49.
Removed 0 unused cells and 6 unused wires.

8.1.5. Finished fast OPT passes.

8.2. Executing MEMORY_MAP pass (converting memories to logic and flip-flops).

8.3. Executing OPT pass (performing simple optimizations).

8.3.1. Executing OPT_EXPR pass (perform const folding).
Optimizing module top.

8.3.2. Executing OPT_MERGE pass (detect identical cells).
Finding identical cells in module `\top'.
Computing hashes of 16 cells of `\top'.
Finding duplicate cells in `\top'.
Removed a total of 0 cells.

8.3.3. Executing OPT_MUXTREE pass (detect dead branches in mux trees).
Running muxtree optimizer on module \top..
  Creating internal representation of mux trees.
  No muxes found in this module.
Removed 0 multiplexer ports.

8.3.4. Executing OPT_REDUCE pass (consolidate $*mux and $reduce_* inputs).
  Optimizing cells in module \top.
Performed a total of 0 changes.

8.3.5. Executing OPT_MERGE pass (detect identical cells).
Finding identical cells in module `\top'.
Computing hashes of 16 cells of `\top'.
Finding duplicate cells in `\top'.
Removed a total of 0 cells.

8.3.6. Executing OPT_SHARE pass.

8.3.7. Executing OPT_DFF pass (perform DFF optimizations).

8.3.8. Executing OPT_CLEAN pass (remove unused cells and wires).
Finding unused cells or wires in module \top..

8.3.9. Executing OPT_EXPR pass (perform const folding).
Optimizing module top.

8.3.10. Finished fast OPT passes. (There is nothing left to do.)

8.4. Executing TECHMAP pass (map to technology primitives).

8.4.1. Executing Verilog-2005 frontend: /home/sun/Desktop/oss-cad-suite/lib/../share/yosys/techmap.v
Parsing Verilog input from `/home/sun/Desktop/oss-cad-suite/lib/../share/yosys/techmap.v' to AST representation.
Generating RTLIL representation for module `\_90_simplemap_bool_ops'.
Generating RTLIL representation for module `\_90_simplemap_reduce_ops'.
Generating RTLIL representation for module `\_90_simplemap_logic_ops'.
Generating RTLIL representation for module `\_90_simplemap_compare_ops'.
Generating RTLIL representation for module `\_90_simplemap_various'.
Generating RTLIL representation for module `\_90_simplemap_registers'.
Generating RTLIL representation for module `\_90_shift_ops_shr_shl_sshl_sshr'.
Generating RTLIL representation for module `\_90_shift_shiftx'.
Generating RTLIL representation for module `\_90_fa'.
Generating RTLIL representation for module `\_90_lcu_brent_kung'.
Generating RTLIL representation for module `\_90_alu'.
Generating RTLIL representation for module `\_90_macc'.
Generating RTLIL representation for module `\_90_alumacc'.
Generating RTLIL representation for module `$__div_mod_u'.
Generating RTLIL representation for module `$__div_mod_trunc'.
Generating RTLIL representation for module `\_90_div'.
Generating RTLIL representation for module `\_90_mod'.
Generating RTLIL representation for module `$__div_mod_floor'.
Generating RTLIL representation for module `\_90_divfloor'.
Generating RTLIL representation for module `\_90_modfloor'.
Generating RTLIL representation for module `\_90_pow'.
Generating RTLIL representation for module `\_90_demux'.
Generating RTLIL representation for module `\_90_lut'.
Generating RTLIL representation for module `$connect'.
Generating RTLIL representation for module `$input_port'.
Successfully finished Verilog frontend.

8.4.2. Continuing TECHMAP pass.
Cell type mappings to use:
    $xnor: _90_simplemap_bool_ops
    $xor: _90_simplemap_bool_ops
    $or: _90_simplemap_bool_ops
    $and: _90_simplemap_bool_ops
    $not: _90_simplemap_bool_ops
    $reduce_bool: _90_simplemap_reduce_ops
    $reduce_xnor: _90_simplemap_reduce_ops
    $reduce_xor: _90_simplemap_reduce_ops
    $reduce_or: _90_simplemap_reduce_ops
    $reduce_and: _90_simplemap_reduce_ops
    $logic_or: _90_simplemap_logic_ops
    $logic_and: _90_simplemap_logic_ops
    $logic_not: _90_simplemap_logic_ops
    $nex: _90_simplemap_compare_ops
    $ne: _90_simplemap_compare_ops
    $eqx: _90_simplemap_compare_ops
    $eq: _90_simplemap_compare_ops
    $bweqx: _90_simplemap_various
    $bwmux: _90_simplemap_various
    $bmux: _90_simplemap_various
    $tribuf: _90_simplemap_various
    $pmux: _90_simplemap_various
    $mux: _90_simplemap_various
    $concat: _90_simplemap_various
    $slice: _90_simplemap_various
    $pos: _90_simplemap_various
    $buf: _90_simplemap_various
    $dlatchsr: _90_simplemap_registers
    $adlatch: _90_simplemap_registers
    $dlatch: _90_simplemap_registers
    $dffsre: _90_simplemap_registers
    $dffsr: _90_simplemap_registers
    $sdffce: _90_simplemap_registers
    $sdffe: _90_simplemap_registers
    $sdff: _90_simplemap_registers
    $aldffe: _90_simplemap_registers
    $aldff: _90_simplemap_registers
    $adffe: _90_simplemap_registers
    $adff: _90_simplemap_registers
    $dffe: _90_simplemap_registers
    $dff: _90_simplemap_registers
    $ff: _90_simplemap_registers
    $sr: _90_simplemap_registers
    $sshr: _90_shift_ops_shr_shl_sshl_sshr
    $sshl: _90_shift_ops_shr_shl_sshl_sshr
    $shl: _90_shift_ops_shr_shl_sshl_sshr
    $shr: _90_shift_ops_shr_shl_sshl_sshr
    $shiftx: _90_shift_shiftx
    $shift: _90_shift_shiftx
    $fa: _90_fa
    $lcu: _90_lcu_brent_kung
    $alu: _90_alu
    $macc_v2: _90_macc
    $macc: _90_macc
    $mul: _90_alumacc
    $neg: _90_alumacc
    $sub: _90_alumacc
    $add: _90_alumacc
    $gt: _90_alumacc
    $ge: _90_alumacc
    $le: _90_alumacc
    $lt: _90_alumacc
    $__div_mod_u: $__div_mod_u
    $__div_mod_trunc: $__div_mod_trunc
    $div: _90_div
    $mod: _90_mod
    $__div_mod_floor: $__div_mod_floor
    $divfloor: _90_divfloor
    $modfloor: _90_modfloor
    $pow: _90_pow
    $demux: _90_demux
    $sop: _90_lut
    $lut: _90_lut
    $connect: $connect
    $input_port: $input_port

Using extmapper simplemap for cells of type $not.
Mapping top.$auto$opt_expr.cc:979:replace_const_cells$48 ($not) with simplemap.
Mapping top.$auto$opt_expr.cc:979:replace_const_cells$46 ($not) with simplemap.
Mapping top.$auto$opt_expr.cc:979:replace_const_cells$44 ($not) with simplemap.
Mapping top.$auto$opt_expr.cc:979:replace_const_cells$42 ($not) with simplemap.
Mapping top.$auto$opt_expr.cc:979:replace_const_cells$40 ($not) with simplemap.
Mapping top.$auto$opt_expr.cc:979:replace_const_cells$38 ($not) with simplemap.
Parameter \A_SIGNED = 0
Parameter \B_SIGNED = 0
Parameter \A_WIDTH = 1
Parameter \B_WIDTH = 32
Parameter \Y_WIDTH = 32

8.4.3. Executing AST frontend in derive mode using pre-parsed AST for module `\_90_alu'.
Parameter \A_SIGNED = 0
Parameter \B_SIGNED = 0
Parameter \A_WIDTH = 1
Parameter \B_WIDTH = 32
Parameter \Y_WIDTH = 32
Generating RTLIL representation for module `$paramod$6a42b6fefed750f8a1c58eab59479d960557103c\_90_alu'.

8.4.4. Continuing TECHMAP pass.
Using template $paramod$6a42b6fefed750f8a1c58eab59479d960557103c\_90_alu for cells of type $alu.
Mapping top.$auto$alumacc.cc:512:replace_alu$35 ($alu) using $paramod$6a42b6fefed750f8a1c58eab59479d960557103c\_90_alu.
Mapping top.$auto$alumacc.cc:83:get_gt$31 ($not) with simplemap.
Using extmapper simplemap for cells of type $or.
Mapping top.$auto$alumacc.cc:82:get_gt$29 ($or) with simplemap.
Using extmapper simplemap for cells of type $reduce_and.
Mapping top.$auto$alumacc.cc:92:get_eq$27 ($reduce_and) with simplemap.
Mapping top.$auto$alumacc.cc:106:get_cf$25 ($not) with simplemap.
Parameter \A_SIGNED = 0
Parameter \B_SIGNED = 0
Parameter \A_WIDTH = 26
Parameter \B_WIDTH = 17
Parameter \Y_WIDTH = 26

8.4.5. Executing AST frontend in derive mode using pre-parsed AST for module `\_90_alu'.
Parameter \A_SIGNED = 0
Parameter \B_SIGNED = 0
Parameter \A_WIDTH = 26
Parameter \B_WIDTH = 17
Parameter \Y_WIDTH = 26
Generating RTLIL representation for module `$paramod$060d28a60a69f847ce26a32daddc1393efec1530\_90_alu'.

8.4.6. Continuing TECHMAP pass.
Using template $paramod$060d28a60a69f847ce26a32daddc1393efec1530\_90_alu for cells of type $alu.
Mapping top.$auto$alumacc.cc:512:replace_alu$22 ($alu) using $paramod$060d28a60a69f847ce26a32daddc1393efec1530\_90_alu.
Using extmapper simplemap for cells of type $reduce_or.
Mapping top.$auto$opt_dff.cc:362:combine_resets$20 ($reduce_or) with simplemap.
Using extmapper simplemap for cells of type $sdff.
Mapping top.$auto$ff.cc:337:slice$18 ($sdff) with simplemap.
Using extmapper simplemap for cells of type $sdffe.
Mapping top.$auto$ff.cc:337:slice$17 ($sdffe) with simplemap.
Using extmapper simplemap for cells of type $logic_not.
Mapping top.$eq$/home/sun/Desktop/yosys-sta/LED/top.v:10$2 ($logic_not) with simplemap.
Using extmapper simplemap for cells of type $xor.
Mapping top.$techmap$auto$alumacc.cc:512:replace_alu$35.$xor$/home/sun/Desktop/oss-cad-suite/lib/../share/yosys/techmap.v:296$129 ($xor) with simplemap.
Parameter \WIDTH = 32

8.4.7. Executing AST frontend in derive mode using pre-parsed AST for module `\_90_fa'.
Parameter \WIDTH = 32
Generating RTLIL representation for module `$paramod\_90_fa\WIDTH=32'00000000000000000000000000100000'.

8.4.8. Continuing TECHMAP pass.
Using template $paramod\_90_fa\WIDTH=32'00000000000000000000000000100000 for cells of type $fa.
Mapping top.$auto$alumacc.cc:512:replace_alu$35.fa ($fa) using $paramod\_90_fa\WIDTH=32'00000000000000000000000000100000.
Parameter \WIDTH = 32

8.4.9. Executing AST frontend in derive mode using pre-parsed AST for module `\_90_lcu_brent_kung'.
Parameter \WIDTH = 32
Generating RTLIL representation for module `$paramod\_90_lcu_brent_kung\WIDTH=32'00000000000000000000000000100000'.

8.4.10. Executing PROC pass (convert processes to netlists).

8.4.10.1. Executing PROC_CLEAN pass (remove empty switches from decision trees).
Cleaned up 0 empty switches.

8.4.10.2. Executing PROC_RMDEAD pass (remove dead branches from decision trees).
Removed a total of 0 dead cases.

8.4.10.3. Executing PROC_PRUNE pass (remove redundant assignments in processes).
Removed 0 redundant assignments.
Promoted 66 assignments to connections.

8.4.10.4. Executing PROC_INIT pass (extract init attributes).

8.4.10.5. Executing PROC_ARST pass (detect async resets in processes).

8.4.10.6. Executing PROC_ROM pass (convert switches to ROMs).
Converted 0 switches.

8.4.10.7. Executing PROC_MUX pass (convert decision trees to multiplexers).
Creating decoders for process `$paramod\_90_lcu_brent_kung\WIDTH=32'00000000000000000000000000100000.$proc$/home/sun/Desktop/oss-cad-suite/lib/../share/yosys/techmap.v:226$299'.

8.4.10.8. Executing PROC_DLATCH pass (convert process syncs to latches).
No latch inferred for signal `$paramod\_90_lcu_brent_kung\WIDTH=32'00000000000000000000000000100000.\i' from process `$paramod\_90_lcu_brent_kung\WIDTH=32'00000000000000000000000000100000.$proc$/home/sun/Desktop/oss-cad-suite/lib/../share/yosys/techmap.v:226$299'.
No latch inferred for signal `$paramod\_90_lcu_brent_kung\WIDTH=32'00000000000000000000000000100000.\j' from process `$paramod\_90_lcu_brent_kung\WIDTH=32'00000000000000000000000000100000.$proc$/home/sun/Desktop/oss-cad-suite/lib/../share/yosys/techmap.v:226$299'.
No latch inferred for signal `$paramod\_90_lcu_brent_kung\WIDTH=32'00000000000000000000000000100000.\p' from process `$paramod\_90_lcu_brent_kung\WIDTH=32'00000000000000000000000000100000.$proc$/home/sun/Desktop/oss-cad-suite/lib/../share/yosys/techmap.v:226$299'.
No latch inferred for signal `$paramod\_90_lcu_brent_kung\WIDTH=32'00000000000000000000000000100000.\g' from process `$paramod\_90_lcu_brent_kung\WIDTH=32'00000000000000000000000000100000.$proc$/home/sun/Desktop/oss-cad-suite/lib/../share/yosys/techmap.v:226$299'.

8.4.10.9. Executing PROC_DFF pass (convert process syncs to FFs).

8.4.10.10. Executing PROC_MEMWR pass (convert process memory writes to cells).

8.4.10.11. Executing PROC_CLEAN pass (remove empty switches from decision trees).
Removing empty process `$paramod\_90_lcu_brent_kung\WIDTH=32'00000000000000000000000000100000.$proc$/home/sun/Desktop/oss-cad-suite/lib/../share/yosys/techmap.v:226$299'.
Cleaned up 0 empty switches.

8.4.10.12. Executing OPT_EXPR pass (perform const folding).
Optimizing module $paramod\_90_lcu_brent_kung\WIDTH=32'00000000000000000000000000100000.

8.4.11. Executing OPT pass (performing simple optimizations).

8.4.11.1. Executing OPT_EXPR pass (perform const folding).
Optimizing module $paramod\_90_lcu_brent_kung\WIDTH=32'00000000000000000000000000100000.

8.4.11.2. Executing OPT_MERGE pass (detect identical cells).
Finding identical cells in module `$paramod\_90_lcu_brent_kung\WIDTH=32'00000000000000000000000000100000'.
Computing hashes of 173 cells of `$paramod\_90_lcu_brent_kung\WIDTH=32'00000000000000000000000000100000'.
Finding duplicate cells in `$paramod\_90_lcu_brent_kung\WIDTH=32'00000000000000000000000000100000'.
Removed a total of 0 cells.

8.4.11.3. Executing OPT_DFF pass (perform DFF optimizations).

8.4.11.4. Executing OPT_CLEAN pass (remove unused cells and wires).
Finding unused cells or wires in module $paramod\_90_lcu_brent_kung\WIDTH=32'00000000000000000000000000100000..
  removing unused `$and' cell `$and$/home/sun/Desktop/oss-cad-suite/lib/../share/yosys/techmap.v:241$304'.
  removing unused `$and' cell `$and$/home/sun/Desktop/oss-cad-suite/lib/../share/yosys/techmap.v:241$352'.
  removing unused `$and' cell `$and$/home/sun/Desktop/oss-cad-suite/lib/../share/yosys/techmap.v:241$376'.
  removing unused `$and' cell `$and$/home/sun/Desktop/oss-cad-suite/lib/../share/yosys/techmap.v:241$388'.
  removing unused `$and' cell `$and$/home/sun/Desktop/oss-cad-suite/lib/../share/yosys/techmap.v:241$394'.
  removing unused `$and' cell `$and$/home/sun/Desktop/oss-cad-suite/lib/../share/yosys/techmap.v:249$397'.
  removing unused `$and' cell `$and$/home/sun/Desktop/oss-cad-suite/lib/../share/yosys/techmap.v:249$400'.
  removing unused `$and' cell `$and$/home/sun/Desktop/oss-cad-suite/lib/../share/yosys/techmap.v:249$403'.
  removing unused `$and' cell `$and$/home/sun/Desktop/oss-cad-suite/lib/../share/yosys/techmap.v:249$406'.
  removing unused `$and' cell `$and$/home/sun/Desktop/oss-cad-suite/lib/../share/yosys/techmap.v:249$409'.
  removing unused `$and' cell `$and$/home/sun/Desktop/oss-cad-suite/lib/../share/yosys/techmap.v:249$412'.
  removing unused `$and' cell `$and$/home/sun/Desktop/oss-cad-suite/lib/../share/yosys/techmap.v:249$415'.
  removing unused `$and' cell `$and$/home/sun/Desktop/oss-cad-suite/lib/../share/yosys/techmap.v:249$418'.
  removing unused `$and' cell `$and$/home/sun/Desktop/oss-cad-suite/lib/../share/yosys/techmap.v:249$421'.
  removing unused `$and' cell `$and$/home/sun/Desktop/oss-cad-suite/lib/../share/yosys/techmap.v:249$424'.
  removing unused `$and' cell `$and$/home/sun/Desktop/oss-cad-suite/lib/../share/yosys/techmap.v:249$427'.
  removing unused `$and' cell `$and$/home/sun/Desktop/oss-cad-suite/lib/../share/yosys/techmap.v:249$430'.
  removing unused `$and' cell `$and$/home/sun/Desktop/oss-cad-suite/lib/../share/yosys/techmap.v:249$433'.
  removing unused `$and' cell `$and$/home/sun/Desktop/oss-cad-suite/lib/../share/yosys/techmap.v:249$436'.
  removing unused `$and' cell `$and$/home/sun/Desktop/oss-cad-suite/lib/../share/yosys/techmap.v:249$439'.
  removing unused `$and' cell `$and$/home/sun/Desktop/oss-cad-suite/lib/../share/yosys/techmap.v:249$442'.
  removing unused `$and' cell `$and$/home/sun/Desktop/oss-cad-suite/lib/../share/yosys/techmap.v:249$445'.
  removing unused `$and' cell `$and$/home/sun/Desktop/oss-cad-suite/lib/../share/yosys/techmap.v:249$448'.
  removing unused `$and' cell `$and$/home/sun/Desktop/oss-cad-suite/lib/../share/yosys/techmap.v:249$451'.
  removing unused `$and' cell `$and$/home/sun/Desktop/oss-cad-suite/lib/../share/yosys/techmap.v:249$454'.
  removing unused `$and' cell `$and$/home/sun/Desktop/oss-cad-suite/lib/../share/yosys/techmap.v:249$457'.
  removing unused `$and' cell `$and$/home/sun/Desktop/oss-cad-suite/lib/../share/yosys/techmap.v:249$460'.
  removing unused `$and' cell `$and$/home/sun/Desktop/oss-cad-suite/lib/../share/yosys/techmap.v:249$463'.
  removing unused `$and' cell `$and$/home/sun/Desktop/oss-cad-suite/lib/../share/yosys/techmap.v:249$466'.
  removing unused `$and' cell `$and$/home/sun/Desktop/oss-cad-suite/lib/../share/yosys/techmap.v:249$469'.
  removing unused `$and' cell `$and$/home/sun/Desktop/oss-cad-suite/lib/../share/yosys/techmap.v:249$472'.
  removing unused non-port wire $0\i[31:0].
  removing unused non-port wire $0\j[31:0].
  removing unused non-port wire $0\p[31:0].
  removing unused non-port wire $0\g[31:0].
  removing unused non-port wire $or$/home/sun/Desktop/oss-cad-suite/lib/../share/yosys/techmap.v:231$301_Y.
  removing unused non-port wire $or$/home/sun/Desktop/oss-cad-suite/lib/../share/yosys/techmap.v:240$303_Y.
  removing unused non-port wire $and$/home/sun/Desktop/oss-cad-suite/lib/../share/yosys/techmap.v:241$304_Y.
  removing unused non-port wire $or$/home/sun/Desktop/oss-cad-suite/lib/../share/yosys/techmap.v:240$351_Y.
  removing unused non-port wire $and$/home/sun/Desktop/oss-cad-suite/lib/../share/yosys/techmap.v:241$352_Y.
  removing unused non-port wire $or$/home/sun/Desktop/oss-cad-suite/lib/../share/yosys/techmap.v:240$375_Y.
  removing unused non-port wire $and$/home/sun/Desktop/oss-cad-suite/lib/../share/yosys/techmap.v:241$376_Y.
  removing unused non-port wire $or$/home/sun/Desktop/oss-cad-suite/lib/../share/yosys/techmap.v:240$387_Y.
  removing unused non-port wire $and$/home/sun/Desktop/oss-cad-suite/lib/../share/yosys/techmap.v:241$388_Y.
  removing unused non-port wire $or$/home/sun/Desktop/oss-cad-suite/lib/../share/yosys/techmap.v:240$393_Y.
  removing unused non-port wire $and$/home/sun/Desktop/oss-cad-suite/lib/../share/yosys/techmap.v:241$394_Y.
  removing unused non-port wire $or$/home/sun/Desktop/oss-cad-suite/lib/../share/yosys/techmap.v:248$396_Y.
  removing unused non-port wire $and$/home/sun/Desktop/oss-cad-suite/lib/../share/yosys/techmap.v:249$397_Y.
  removing unused non-port wire $or$/home/sun/Desktop/oss-cad-suite/lib/../share/yosys/techmap.v:248$399_Y.
  removing unused non-port wire $and$/home/sun/Desktop/oss-cad-suite/lib/../share/yosys/techmap.v:249$400_Y.
  removing unused non-port wire $or$/home/sun/Desktop/oss-cad-suite/lib/../share/yosys/techmap.v:248$402_Y.
  removing unused non-port wire $and$/home/sun/Desktop/oss-cad-suite/lib/../share/yosys/techmap.v:249$403_Y.
  removing unused non-port wire $or$/home/sun/Desktop/oss-cad-suite/lib/../share/yosys/techmap.v:248$405_Y.
  removing unused non-port wire $and$/home/sun/Desktop/oss-cad-suite/lib/../share/yosys/techmap.v:249$406_Y.
  removing unused non-port wire $or$/home/sun/Desktop/oss-cad-suite/lib/../share/yosys/techmap.v:248$408_Y.
  removing unused non-port wire $and$/home/sun/Desktop/oss-cad-suite/lib/../share/yosys/techmap.v:249$409_Y.
  removing unused non-port wire $or$/home/sun/Desktop/oss-cad-suite/lib/../share/yosys/techmap.v:248$411_Y.
  removing unused non-port wire $and$/home/sun/Desktop/oss-cad-suite/lib/../share/yosys/techmap.v:249$412_Y.
  removing unused non-port wire $or$/home/sun/Desktop/oss-cad-suite/lib/../share/yosys/techmap.v:248$414_Y.
  removing unused non-port wire $and$/home/sun/Desktop/oss-cad-suite/lib/../share/yosys/techmap.v:249$415_Y.
  removing unused non-port wire $or$/home/sun/Desktop/oss-cad-suite/lib/../share/yosys/techmap.v:248$417_Y.
  removing unused non-port wire $and$/home/sun/Desktop/oss-cad-suite/lib/../share/yosys/techmap.v:249$418_Y.
  removing unused non-port wire $or$/home/sun/Desktop/oss-cad-suite/lib/../share/yosys/techmap.v:248$420_Y.
  removing unused non-port wire $and$/home/sun/Desktop/oss-cad-suite/lib/../share/yosys/techmap.v:249$421_Y.
  removing unused non-port wire $or$/home/sun/Desktop/oss-cad-suite/lib/../share/yosys/techmap.v:248$423_Y.
  removing unused non-port wire $and$/home/sun/Desktop/oss-cad-suite/lib/../share/yosys/techmap.v:249$424_Y.
  removing unused non-port wire $or$/home/sun/Desktop/oss-cad-suite/lib/../share/yosys/techmap.v:248$426_Y.
  removing unused non-port wire $and$/home/sun/Desktop/oss-cad-suite/lib/../share/yosys/techmap.v:249$427_Y.
  removing unused non-port wire $or$/home/sun/Desktop/oss-cad-suite/lib/../share/yosys/techmap.v:248$429_Y.
  removing unused non-port wire $and$/home/sun/Desktop/oss-cad-suite/lib/../share/yosys/techmap.v:249$430_Y.
  removing unused non-port wire $or$/home/sun/Desktop/oss-cad-suite/lib/../share/yosys/techmap.v:248$432_Y.
  removing unused non-port wire $and$/home/sun/Desktop/oss-cad-suite/lib/../share/yosys/techmap.v:249$433_Y.
  removing unused non-port wire $or$/home/sun/Desktop/oss-cad-suite/lib/../share/yosys/techmap.v:248$435_Y.
  removing unused non-port wire $and$/home/sun/Desktop/oss-cad-suite/lib/../share/yosys/techmap.v:249$436_Y.
  removing unused non-port wire $or$/home/sun/Desktop/oss-cad-suite/lib/../share/yosys/techmap.v:248$438_Y.
  removing unused non-port wire $and$/home/sun/Desktop/oss-cad-suite/lib/../share/yosys/techmap.v:249$439_Y.
  removing unused non-port wire $or$/home/sun/Desktop/oss-cad-suite/lib/../share/yosys/techmap.v:248$441_Y.
  removing unused non-port wire $and$/home/sun/Desktop/oss-cad-suite/lib/../share/yosys/techmap.v:249$442_Y.
  removing unused non-port wire $or$/home/sun/Desktop/oss-cad-suite/lib/../share/yosys/techmap.v:248$444_Y.
  removing unused non-port wire $and$/home/sun/Desktop/oss-cad-suite/lib/../share/yosys/techmap.v:249$445_Y.
  removing unused non-port wire $or$/home/sun/Desktop/oss-cad-suite/lib/../share/yosys/techmap.v:248$447_Y.
  removing unused non-port wire $and$/home/sun/Desktop/oss-cad-suite/lib/../share/yosys/techmap.v:249$448_Y.
  removing unused non-port wire $or$/home/sun/Desktop/oss-cad-suite/lib/../share/yosys/techmap.v:248$450_Y.
  removing unused non-port wire $and$/home/sun/Desktop/oss-cad-suite/lib/../share/yosys/techmap.v:249$451_Y.
  removing unused non-port wire $or$/home/sun/Desktop/oss-cad-suite/lib/../share/yosys/techmap.v:248$453_Y.
  removing unused non-port wire $and$/home/sun/Desktop/oss-cad-suite/lib/../share/yosys/techmap.v:249$454_Y.
  removing unused non-port wire $or$/home/sun/Desktop/oss-cad-suite/lib/../share/yosys/techmap.v:248$456_Y.
  removing unused non-port wire $and$/home/sun/Desktop/oss-cad-suite/lib/../share/yosys/techmap.v:249$457_Y.
  removing unused non-port wire $or$/home/sun/Desktop/oss-cad-suite/lib/../share/yosys/techmap.v:248$459_Y.
  removing unused non-port wire $and$/home/sun/Desktop/oss-cad-suite/lib/../share/yosys/techmap.v:249$460_Y.
  removing unused non-port wire $or$/home/sun/Desktop/oss-cad-suite/lib/../share/yosys/techmap.v:248$462_Y.
  removing unused non-port wire $and$/home/sun/Desktop/oss-cad-suite/lib/../share/yosys/techmap.v:249$463_Y.
  removing unused non-port wire $or$/home/sun/Desktop/oss-cad-suite/lib/../share/yosys/techmap.v:248$465_Y.
  removing unused non-port wire $and$/home/sun/Desktop/oss-cad-suite/lib/../share/yosys/techmap.v:249$466_Y.
  removing unused non-port wire $or$/home/sun/Desktop/oss-cad-suite/lib/../share/yosys/techmap.v:248$468_Y.
  removing unused non-port wire $and$/home/sun/Desktop/oss-cad-suite/lib/../share/yosys/techmap.v:249$469_Y.
  removing unused non-port wire $or$/home/sun/Desktop/oss-cad-suite/lib/../share/yosys/techmap.v:248$471_Y.
  removing unused non-port wire $and$/home/sun/Desktop/oss-cad-suite/lib/../share/yosys/techmap.v:249$472_Y.
Removed 31 unused cells and 67 unused wires.

8.4.11.5. Finished fast OPT passes.

8.4.12. Continuing TECHMAP pass.
Using template $paramod\_90_lcu_brent_kung\WIDTH=32'00000000000000000000000000100000 for cells of type $lcu.
Mapping top.$auto$alumacc.cc:512:replace_alu$35.lcu ($lcu) using $paramod\_90_lcu_brent_kung\WIDTH=32'00000000000000000000000000100000.
Using extmapper simplemap for cells of type $pos.
Mapping top.$auto$alumacc.cc:512:replace_alu$35.B_conv ($pos) with simplemap.
Mapping top.$auto$alumacc.cc:512:replace_alu$35.A_conv ($pos) with simplemap.
Using extmapper simplemap for cells of type $mux.
Mapping top.$techmap$auto$alumacc.cc:512:replace_alu$35.$ternary$/home/sun/Desktop/oss-cad-suite/lib/../share/yosys/techmap.v:279$128 ($mux) with simplemap.
Mapping top.$techmap$auto$alumacc.cc:512:replace_alu$35.$not$/home/sun/Desktop/oss-cad-suite/lib/../share/yosys/techmap.v:279$127 ($not) with simplemap.
Mapping top.$techmap$auto$alumacc.cc:512:replace_alu$22.$xor$/home/sun/Desktop/oss-cad-suite/lib/../share/yosys/techmap.v:296$171 ($xor) with simplemap.
Parameter \WIDTH = 26

8.4.13. Executing AST frontend in derive mode using pre-parsed AST for module `\_90_fa'.
Parameter \WIDTH = 26
Generating RTLIL representation for module `$paramod\_90_fa\WIDTH=32'00000000000000000000000000011010'.

8.4.14. Continuing TECHMAP pass.
Using template $paramod\_90_fa\WIDTH=32'00000000000000000000000000011010 for cells of type $fa.
Mapping top.$auto$alumacc.cc:512:replace_alu$22.fa ($fa) using $paramod\_90_fa\WIDTH=32'00000000000000000000000000011010.
Parameter \WIDTH = 26

8.4.15. Executing AST frontend in derive mode using pre-parsed AST for module `\_90_lcu_brent_kung'.
Parameter \WIDTH = 26
Generating RTLIL representation for module `$paramod\_90_lcu_brent_kung\WIDTH=32'00000000000000000000000000011010'.

8.4.16. Executing PROC pass (convert processes to netlists).

8.4.16.1. Executing PROC_CLEAN pass (remove empty switches from decision trees).
Cleaned up 0 empty switches.

8.4.16.2. Executing PROC_RMDEAD pass (remove dead branches from decision trees).
Removed a total of 0 dead cases.

8.4.16.3. Executing PROC_PRUNE pass (remove redundant assignments in processes).
Removed 0 redundant assignments.
Promoted 54 assignments to connections.

8.4.16.4. Executing PROC_INIT pass (extract init attributes).

8.4.16.5. Executing PROC_ARST pass (detect async resets in processes).

8.4.16.6. Executing PROC_ROM pass (convert switches to ROMs).
Converted 0 switches.

8.4.16.7. Executing PROC_MUX pass (convert decision trees to multiplexers).
Creating decoders for process `$paramod\_90_lcu_brent_kung\WIDTH=32'00000000000000000000000000011010.$proc$/home/sun/Desktop/oss-cad-suite/lib/../share/yosys/techmap.v:226$569'.

8.4.16.8. Executing PROC_DLATCH pass (convert process syncs to latches).
No latch inferred for signal `$paramod\_90_lcu_brent_kung\WIDTH=32'00000000000000000000000000011010.\i' from process `$paramod\_90_lcu_brent_kung\WIDTH=32'00000000000000000000000000011010.$proc$/home/sun/Desktop/oss-cad-suite/lib/../share/yosys/techmap.v:226$569'.
No latch inferred for signal `$paramod\_90_lcu_brent_kung\WIDTH=32'00000000000000000000000000011010.\j' from process `$paramod\_90_lcu_brent_kung\WIDTH=32'00000000000000000000000000011010.$proc$/home/sun/Desktop/oss-cad-suite/lib/../share/yosys/techmap.v:226$569'.
No latch inferred for signal `$paramod\_90_lcu_brent_kung\WIDTH=32'00000000000000000000000000011010.\p' from process `$paramod\_90_lcu_brent_kung\WIDTH=32'00000000000000000000000000011010.$proc$/home/sun/Desktop/oss-cad-suite/lib/../share/yosys/techmap.v:226$569'.
No latch inferred for signal `$paramod\_90_lcu_brent_kung\WIDTH=32'00000000000000000000000000011010.\g' from process `$paramod\_90_lcu_brent_kung\WIDTH=32'00000000000000000000000000011010.$proc$/home/sun/Desktop/oss-cad-suite/lib/../share/yosys/techmap.v:226$569'.

8.4.16.9. Executing PROC_DFF pass (convert process syncs to FFs).

8.4.16.10. Executing PROC_MEMWR pass (convert process memory writes to cells).

8.4.16.11. Executing PROC_CLEAN pass (remove empty switches from decision trees).
Removing empty process `$paramod\_90_lcu_brent_kung\WIDTH=32'00000000000000000000000000011010.$proc$/home/sun/Desktop/oss-cad-suite/lib/../share/yosys/techmap.v:226$569'.
Cleaned up 0 empty switches.

8.4.16.12. Executing OPT_EXPR pass (perform const folding).
Optimizing module $paramod\_90_lcu_brent_kung\WIDTH=32'00000000000000000000000000011010.

8.4.17. Executing OPT pass (performing simple optimizations).

8.4.17.1. Executing OPT_EXPR pass (perform const folding).
Optimizing module $paramod\_90_lcu_brent_kung\WIDTH=32'00000000000000000000000000011010.

8.4.17.2. Executing OPT_MERGE pass (detect identical cells).
Finding identical cells in module `$paramod\_90_lcu_brent_kung\WIDTH=32'00000000000000000000000000011010'.
Computing hashes of 134 cells of `$paramod\_90_lcu_brent_kung\WIDTH=32'00000000000000000000000000011010'.
Finding duplicate cells in `$paramod\_90_lcu_brent_kung\WIDTH=32'00000000000000000000000000011010'.
Removed a total of 0 cells.

8.4.17.3. Executing OPT_DFF pass (perform DFF optimizations).

8.4.17.4. Executing OPT_CLEAN pass (remove unused cells and wires).
Finding unused cells or wires in module $paramod\_90_lcu_brent_kung\WIDTH=32'00000000000000000000000000011010..
  removing unused `$and' cell `$and$/home/sun/Desktop/oss-cad-suite/lib/../share/yosys/techmap.v:241$574'.
  removing unused `$and' cell `$and$/home/sun/Desktop/oss-cad-suite/lib/../share/yosys/techmap.v:241$613'.
  removing unused `$and' cell `$and$/home/sun/Desktop/oss-cad-suite/lib/../share/yosys/techmap.v:241$631'.
  removing unused `$and' cell `$and$/home/sun/Desktop/oss-cad-suite/lib/../share/yosys/techmap.v:241$640'.
  removing unused `$and' cell `$and$/home/sun/Desktop/oss-cad-suite/lib/../share/yosys/techmap.v:249$643'.
  removing unused `$and' cell `$and$/home/sun/Desktop/oss-cad-suite/lib/../share/yosys/techmap.v:249$646'.
  removing unused `$and' cell `$and$/home/sun/Desktop/oss-cad-suite/lib/../share/yosys/techmap.v:249$649'.
  removing unused `$and' cell `$and$/home/sun/Desktop/oss-cad-suite/lib/../share/yosys/techmap.v:249$652'.
  removing unused `$and' cell `$and$/home/sun/Desktop/oss-cad-suite/lib/../share/yosys/techmap.v:249$655'.
  removing unused `$and' cell `$and$/home/sun/Desktop/oss-cad-suite/lib/../share/yosys/techmap.v:249$658'.
  removing unused `$and' cell `$and$/home/sun/Desktop/oss-cad-suite/lib/../share/yosys/techmap.v:249$661'.
  removing unused `$and' cell `$and$/home/sun/Desktop/oss-cad-suite/lib/../share/yosys/techmap.v:249$664'.
  removing unused `$and' cell `$and$/home/sun/Desktop/oss-cad-suite/lib/../share/yosys/techmap.v:249$667'.
  removing unused `$and' cell `$and$/home/sun/Desktop/oss-cad-suite/lib/../share/yosys/techmap.v:249$670'.
  removing unused `$and' cell `$and$/home/sun/Desktop/oss-cad-suite/lib/../share/yosys/techmap.v:249$673'.
  removing unused `$and' cell `$and$/home/sun/Desktop/oss-cad-suite/lib/../share/yosys/techmap.v:249$676'.
  removing unused `$and' cell `$and$/home/sun/Desktop/oss-cad-suite/lib/../share/yosys/techmap.v:249$679'.
  removing unused `$and' cell `$and$/home/sun/Desktop/oss-cad-suite/lib/../share/yosys/techmap.v:249$682'.
  removing unused `$and' cell `$and$/home/sun/Desktop/oss-cad-suite/lib/../share/yosys/techmap.v:249$685'.
  removing unused `$and' cell `$and$/home/sun/Desktop/oss-cad-suite/lib/../share/yosys/techmap.v:249$688'.
  removing unused `$and' cell `$and$/home/sun/Desktop/oss-cad-suite/lib/../share/yosys/techmap.v:249$691'.
  removing unused `$and' cell `$and$/home/sun/Desktop/oss-cad-suite/lib/../share/yosys/techmap.v:249$694'.
  removing unused `$and' cell `$and$/home/sun/Desktop/oss-cad-suite/lib/../share/yosys/techmap.v:249$697'.
  removing unused `$and' cell `$and$/home/sun/Desktop/oss-cad-suite/lib/../share/yosys/techmap.v:249$700'.
  removing unused `$and' cell `$and$/home/sun/Desktop/oss-cad-suite/lib/../share/yosys/techmap.v:249$703'.
  removing unused non-port wire $0\i[31:0].
  removing unused non-port wire $0\j[31:0].
  removing unused non-port wire $0\p[25:0].
  removing unused non-port wire $0\g[25:0].
  removing unused non-port wire $or$/home/sun/Desktop/oss-cad-suite/lib/../share/yosys/techmap.v:231$571_Y.
  removing unused non-port wire $or$/home/sun/Desktop/oss-cad-suite/lib/../share/yosys/techmap.v:240$573_Y.
  removing unused non-port wire $and$/home/sun/Desktop/oss-cad-suite/lib/../share/yosys/techmap.v:241$574_Y.
  removing unused non-port wire $or$/home/sun/Desktop/oss-cad-suite/lib/../share/yosys/techmap.v:240$612_Y.
  removing unused non-port wire $and$/home/sun/Desktop/oss-cad-suite/lib/../share/yosys/techmap.v:241$613_Y.
  removing unused non-port wire $or$/home/sun/Desktop/oss-cad-suite/lib/../share/yosys/techmap.v:240$630_Y.
  removing unused non-port wire $and$/home/sun/Desktop/oss-cad-suite/lib/../share/yosys/techmap.v:241$631_Y.
  removing unused non-port wire $or$/home/sun/Desktop/oss-cad-suite/lib/../share/yosys/techmap.v:240$639_Y.
  removing unused non-port wire $and$/home/sun/Desktop/oss-cad-suite/lib/../share/yosys/techmap.v:241$640_Y.
  removing unused non-port wire $or$/home/sun/Desktop/oss-cad-suite/lib/../share/yosys/techmap.v:248$642_Y.
  removing unused non-port wire $and$/home/sun/Desktop/oss-cad-suite/lib/../share/yosys/techmap.v:249$643_Y.
  removing unused non-port wire $or$/home/sun/Desktop/oss-cad-suite/lib/../share/yosys/techmap.v:248$645_Y.
  removing unused non-port wire $and$/home/sun/Desktop/oss-cad-suite/lib/../share/yosys/techmap.v:249$646_Y.
  removing unused non-port wire $or$/home/sun/Desktop/oss-cad-suite/lib/../share/yosys/techmap.v:248$648_Y.
  removing unused non-port wire $and$/home/sun/Desktop/oss-cad-suite/lib/../share/yosys/techmap.v:249$649_Y.
  removing unused non-port wire $or$/home/sun/Desktop/oss-cad-suite/lib/../share/yosys/techmap.v:248$651_Y.
  removing unused non-port wire $and$/home/sun/Desktop/oss-cad-suite/lib/../share/yosys/techmap.v:249$652_Y.
  removing unused non-port wire $or$/home/sun/Desktop/oss-cad-suite/lib/../share/yosys/techmap.v:248$654_Y.
  removing unused non-port wire $and$/home/sun/Desktop/oss-cad-suite/lib/../share/yosys/techmap.v:249$655_Y.
  removing unused non-port wire $or$/home/sun/Desktop/oss-cad-suite/lib/../share/yosys/techmap.v:248$657_Y.
  removing unused non-port wire $and$/home/sun/Desktop/oss-cad-suite/lib/../share/yosys/techmap.v:249$658_Y.
  removing unused non-port wire $or$/home/sun/Desktop/oss-cad-suite/lib/../share/yosys/techmap.v:248$660_Y.
  removing unused non-port wire $and$/home/sun/Desktop/oss-cad-suite/lib/../share/yosys/techmap.v:249$661_Y.
  removing unused non-port wire $or$/home/sun/Desktop/oss-cad-suite/lib/../share/yosys/techmap.v:248$663_Y.
  removing unused non-port wire $and$/home/sun/Desktop/oss-cad-suite/lib/../share/yosys/techmap.v:249$664_Y.
  removing unused non-port wire $or$/home/sun/Desktop/oss-cad-suite/lib/../share/yosys/techmap.v:248$666_Y.
  removing unused non-port wire $and$/home/sun/Desktop/oss-cad-suite/lib/../share/yosys/techmap.v:249$667_Y.
  removing unused non-port wire $or$/home/sun/Desktop/oss-cad-suite/lib/../share/yosys/techmap.v:248$669_Y.
  removing unused non-port wire $and$/home/sun/Desktop/oss-cad-suite/lib/../share/yosys/techmap.v:249$670_Y.
  removing unused non-port wire $or$/home/sun/Desktop/oss-cad-suite/lib/../share/yosys/techmap.v:248$672_Y.
  removing unused non-port wire $and$/home/sun/Desktop/oss-cad-suite/lib/../share/yosys/techmap.v:249$673_Y.
  removing unused non-port wire $or$/home/sun/Desktop/oss-cad-suite/lib/../share/yosys/techmap.v:248$675_Y.
  removing unused non-port wire $and$/home/sun/Desktop/oss-cad-suite/lib/../share/yosys/techmap.v:249$676_Y.
  removing unused non-port wire $or$/home/sun/Desktop/oss-cad-suite/lib/../share/yosys/techmap.v:248$678_Y.
  removing unused non-port wire $and$/home/sun/Desktop/oss-cad-suite/lib/../share/yosys/techmap.v:249$679_Y.
  removing unused non-port wire $or$/home/sun/Desktop/oss-cad-suite/lib/../share/yosys/techmap.v:248$681_Y.
  removing unused non-port wire $and$/home/sun/Desktop/oss-cad-suite/lib/../share/yosys/techmap.v:249$682_Y.
  removing unused non-port wire $or$/home/sun/Desktop/oss-cad-suite/lib/../share/yosys/techmap.v:248$684_Y.
  removing unused non-port wire $and$/home/sun/Desktop/oss-cad-suite/lib/../share/yosys/techmap.v:249$685_Y.
  removing unused non-port wire $or$/home/sun/Desktop/oss-cad-suite/lib/../share/yosys/techmap.v:248$687_Y.
  removing unused non-port wire $and$/home/sun/Desktop/oss-cad-suite/lib/../share/yosys/techmap.v:249$688_Y.
  removing unused non-port wire $or$/home/sun/Desktop/oss-cad-suite/lib/../share/yosys/techmap.v:248$690_Y.
  removing unused non-port wire $and$/home/sun/Desktop/oss-cad-suite/lib/../share/yosys/techmap.v:249$691_Y.
  removing unused non-port wire $or$/home/sun/Desktop/oss-cad-suite/lib/../share/yosys/techmap.v:248$693_Y.
  removing unused non-port wire $and$/home/sun/Desktop/oss-cad-suite/lib/../share/yosys/techmap.v:249$694_Y.
  removing unused non-port wire $or$/home/sun/Desktop/oss-cad-suite/lib/../share/yosys/techmap.v:248$696_Y.
  removing unused non-port wire $and$/home/sun/Desktop/oss-cad-suite/lib/../share/yosys/techmap.v:249$697_Y.
  removing unused non-port wire $or$/home/sun/Desktop/oss-cad-suite/lib/../share/yosys/techmap.v:248$699_Y.
  removing unused non-port wire $and$/home/sun/Desktop/oss-cad-suite/lib/../share/yosys/techmap.v:249$700_Y.
  removing unused non-port wire $or$/home/sun/Desktop/oss-cad-suite/lib/../share/yosys/techmap.v:248$702_Y.
  removing unused non-port wire $and$/home/sun/Desktop/oss-cad-suite/lib/../share/yosys/techmap.v:249$703_Y.
Removed 25 unused cells and 55 unused wires.

8.4.17.5. Finished fast OPT passes.

8.4.18. Continuing TECHMAP pass.
Using template $paramod\_90_lcu_brent_kung\WIDTH=32'00000000000000000000000000011010 for cells of type $lcu.
Mapping top.$auto$alumacc.cc:512:replace_alu$22.lcu ($lcu) using $paramod\_90_lcu_brent_kung\WIDTH=32'00000000000000000000000000011010.
Mapping top.$auto$alumacc.cc:512:replace_alu$22.B_conv ($pos) with simplemap.
Mapping top.$auto$alumacc.cc:512:replace_alu$22.A_conv ($pos) with simplemap.
Mapping top.$techmap$auto$alumacc.cc:512:replace_alu$22.$ternary$/home/sun/Desktop/oss-cad-suite/lib/../share/yosys/techmap.v:279$170 ($mux) with simplemap.
Mapping top.$techmap$auto$alumacc.cc:512:replace_alu$22.$not$/home/sun/Desktop/oss-cad-suite/lib/../share/yosys/techmap.v:279$169 ($not) with simplemap.
Mapping top.$techmap$auto$alumacc.cc:512:replace_alu$35.fa.$or$/home/sun/Desktop/oss-cad-suite/lib/../share/yosys/techmap.v:206$298 ($or) with simplemap.
Mapping top.$techmap$auto$alumacc.cc:512:replace_alu$35.fa.$xor$/home/sun/Desktop/oss-cad-suite/lib/../share/yosys/techmap.v:206$297 ($xor) with simplemap.
Using extmapper simplemap for cells of type $and.
Mapping top.$techmap$auto$alumacc.cc:512:replace_alu$35.fa.$and$/home/sun/Desktop/oss-cad-suite/lib/../share/yosys/techmap.v:205$296 ($and) with simplemap.
Mapping top.$techmap$auto$alumacc.cc:512:replace_alu$35.fa.$and$/home/sun/Desktop/oss-cad-suite/lib/../share/yosys/techmap.v:205$295 ($and) with simplemap.
Mapping top.$techmap$auto$alumacc.cc:512:replace_alu$35.fa.$xor$/home/sun/Desktop/oss-cad-suite/lib/../share/yosys/techmap.v:205$294 ($xor) with simplemap.
Mapping top.$techmap$auto$alumacc.cc:512:replace_alu$35.lcu.$or$/home/sun/Desktop/oss-cad-suite/lib/../share/yosys/techmap.v:248$441 ($or) with simplemap.
Mapping top.$techmap$auto$alumacc.cc:512:replace_alu$35.lcu.$and$/home/sun/Desktop/oss-cad-suite/lib/../share/yosys/techmap.v:248$440 ($and) with simplemap.
Mapping top.$techmap$auto$alumacc.cc:512:replace_alu$35.lcu.$or$/home/sun/Desktop/oss-cad-suite/lib/../share/yosys/techmap.v:248$453 ($or) with simplemap.
Mapping top.$techmap$auto$alumacc.cc:512:replace_alu$35.lcu.$or$/home/sun/Desktop/oss-cad-suite/lib/../share/yosys/techmap.v:248$438 ($or) with simplemap.
Mapping top.$techmap$auto$alumacc.cc:512:replace_alu$35.lcu.$and$/home/sun/Desktop/oss-cad-suite/lib/../share/yosys/techmap.v:248$437 ($and) with simplemap.
Mapping top.$techmap$auto$alumacc.cc:512:replace_alu$35.lcu.$or$/home/sun/Desktop/oss-cad-suite/lib/../share/yosys/techmap.v:248$450 ($or) with simplemap.
Mapping top.$techmap$auto$alumacc.cc:512:replace_alu$35.lcu.$or$/home/sun/Desktop/oss-cad-suite/lib/../share/yosys/techmap.v:248$435 ($or) with simplemap.
Mapping top.$techmap$auto$alumacc.cc:512:replace_alu$35.lcu.$and$/home/sun/Desktop/oss-cad-suite/lib/../share/yosys/techmap.v:248$434 ($and) with simplemap.
Mapping top.$techmap$auto$alumacc.cc:512:replace_alu$35.lcu.$and$/home/sun/Desktop/oss-cad-suite/lib/../share/yosys/techmap.v:248$455 ($and) with simplemap.
Mapping top.$techmap$auto$alumacc.cc:512:replace_alu$35.lcu.$or$/home/sun/Desktop/oss-cad-suite/lib/../share/yosys/techmap.v:248$432 ($or) with simplemap.
Mapping top.$techmap$auto$alumacc.cc:512:replace_alu$35.lcu.$and$/home/sun/Desktop/oss-cad-suite/lib/../share/yosys/techmap.v:248$431 ($and) with simplemap.
Mapping top.$techmap$auto$alumacc.cc:512:replace_alu$35.lcu.$or$/home/sun/Desktop/oss-cad-suite/lib/../share/yosys/techmap.v:248$456 ($or) with simplemap.
Mapping top.$techmap$auto$alumacc.cc:512:replace_alu$35.lcu.$or$/home/sun/Desktop/oss-cad-suite/lib/../share/yosys/techmap.v:248$429 ($or) with simplemap.
Mapping top.$techmap$auto$alumacc.cc:512:replace_alu$35.lcu.$and$/home/sun/Desktop/oss-cad-suite/lib/../share/yosys/techmap.v:248$428 ($and) with simplemap.
Mapping top.$techmap$auto$alumacc.cc:512:replace_alu$35.lcu.$or$/home/sun/Desktop/oss-cad-suite/lib/../share/yosys/techmap.v:248$447 ($or) with simplemap.
Mapping top.$techmap$auto$alumacc.cc:512:replace_alu$35.lcu.$or$/home/sun/Desktop/oss-cad-suite/lib/../share/yosys/techmap.v:248$426 ($or) with simplemap.
Mapping top.$techmap$auto$alumacc.cc:512:replace_alu$35.lcu.$and$/home/sun/Desktop/oss-cad-suite/lib/../share/yosys/techmap.v:248$425 ($and) with simplemap.
Mapping top.$techmap$auto$alumacc.cc:512:replace_alu$35.lcu.$and$/home/sun/Desktop/oss-cad-suite/lib/../share/yosys/techmap.v:248$458 ($and) with simplemap.
Mapping top.$techmap$auto$alumacc.cc:512:replace_alu$35.lcu.$or$/home/sun/Desktop/oss-cad-suite/lib/../share/yosys/techmap.v:248$423 ($or) with simplemap.
Mapping top.$techmap$auto$alumacc.cc:512:replace_alu$35.lcu.$and$/home/sun/Desktop/oss-cad-suite/lib/../share/yosys/techmap.v:248$422 ($and) with simplemap.
Mapping top.$techmap$auto$alumacc.cc:512:replace_alu$35.lcu.$or$/home/sun/Desktop/oss-cad-suite/lib/../share/yosys/techmap.v:248$459 ($or) with simplemap.
Mapping top.$techmap$auto$alumacc.cc:512:replace_alu$35.lcu.$or$/home/sun/Desktop/oss-cad-suite/lib/../share/yosys/techmap.v:248$420 ($or) with simplemap.
Mapping top.$techmap$auto$alumacc.cc:512:replace_alu$35.lcu.$and$/home/sun/Desktop/oss-cad-suite/lib/../share/yosys/techmap.v:248$419 ($and) with simplemap.
Mapping top.$techmap$auto$alumacc.cc:512:replace_alu$35.lcu.$and$/home/sun/Desktop/oss-cad-suite/lib/../share/yosys/techmap.v:248$446 ($and) with simplemap.
Mapping top.$techmap$auto$alumacc.cc:512:replace_alu$35.lcu.$or$/home/sun/Desktop/oss-cad-suite/lib/../share/yosys/techmap.v:248$417 ($or) with simplemap.
Mapping top.$techmap$auto$alumacc.cc:512:replace_alu$35.lcu.$and$/home/sun/Desktop/oss-cad-suite/lib/../share/yosys/techmap.v:248$416 ($and) with simplemap.
Mapping top.$techmap$auto$alumacc.cc:512:replace_alu$35.lcu.$and$/home/sun/Desktop/oss-cad-suite/lib/../share/yosys/techmap.v:248$461 ($and) with simplemap.
Mapping top.$techmap$auto$alumacc.cc:512:replace_alu$35.lcu.$or$/home/sun/Desktop/oss-cad-suite/lib/../share/yosys/techmap.v:248$414 ($or) with simplemap.
Mapping top.$techmap$auto$alumacc.cc:512:replace_alu$35.lcu.$and$/home/sun/Desktop/oss-cad-suite/lib/../share/yosys/techmap.v:248$413 ($and) with simplemap.
Mapping top.$techmap$auto$alumacc.cc:512:replace_alu$35.lcu.$or$/home/sun/Desktop/oss-cad-suite/lib/../share/yosys/techmap.v:248$462 ($or) with simplemap.
Mapping top.$techmap$auto$alumacc.cc:512:replace_alu$35.lcu.$or$/home/sun/Desktop/oss-cad-suite/lib/../share/yosys/techmap.v:248$411 ($or) with simplemap.
Mapping top.$techmap$auto$alumacc.cc:512:replace_alu$35.lcu.$and$/home/sun/Desktop/oss-cad-suite/lib/../share/yosys/techmap.v:248$410 ($and) with simplemap.
Mapping top.$techmap$auto$alumacc.cc:512:replace_alu$35.lcu.$and$/home/sun/Desktop/oss-cad-suite/lib/../share/yosys/techmap.v:248$449 ($and) with simplemap.
Mapping top.$techmap$auto$alumacc.cc:512:replace_alu$35.lcu.$or$/home/sun/Desktop/oss-cad-suite/lib/../share/yosys/techmap.v:248$408 ($or) with simplemap.
Mapping top.$techmap$auto$alumacc.cc:512:replace_alu$35.lcu.$and$/home/sun/Desktop/oss-cad-suite/lib/../share/yosys/techmap.v:248$407 ($and) with simplemap.
Mapping top.$techmap$auto$alumacc.cc:512:replace_alu$35.lcu.$and$/home/sun/Desktop/oss-cad-suite/lib/../share/yosys/techmap.v:248$464 ($and) with simplemap.
Mapping top.$techmap$auto$alumacc.cc:512:replace_alu$35.lcu.$or$/home/sun/Desktop/oss-cad-suite/lib/../share/yosys/techmap.v:248$405 ($or) with simplemap.
Mapping top.$techmap$auto$alumacc.cc:512:replace_alu$35.lcu.$and$/home/sun/Desktop/oss-cad-suite/lib/../share/yosys/techmap.v:248$404 ($and) with simplemap.
Mapping top.$techmap$auto$alumacc.cc:512:replace_alu$35.lcu.$or$/home/sun/Desktop/oss-cad-suite/lib/../share/yosys/techmap.v:248$465 ($or) with simplemap.
Mapping top.$techmap$auto$alumacc.cc:512:replace_alu$35.lcu.$or$/home/sun/Desktop/oss-cad-suite/lib/../share/yosys/techmap.v:248$402 ($or) with simplemap.
Mapping top.$techmap$auto$alumacc.cc:512:replace_alu$35.lcu.$and$/home/sun/Desktop/oss-cad-suite/lib/../share/yosys/techmap.v:248$401 ($and) with simplemap.
Mapping top.$techmap$auto$alumacc.cc:512:replace_alu$35.lcu.$or$/home/sun/Desktop/oss-cad-suite/lib/../share/yosys/techmap.v:248$444 ($or) with simplemap.
Mapping top.$techmap$auto$alumacc.cc:512:replace_alu$35.lcu.$or$/home/sun/Desktop/oss-cad-suite/lib/../share/yosys/techmap.v:248$399 ($or) with simplemap.
Mapping top.$techmap$auto$alumacc.cc:512:replace_alu$35.lcu.$and$/home/sun/Desktop/oss-cad-suite/lib/../share/yosys/techmap.v:248$398 ($and) with simplemap.
Mapping top.$techmap$auto$alumacc.cc:512:replace_alu$35.lcu.$and$/home/sun/Desktop/oss-cad-suite/lib/../share/yosys/techmap.v:248$467 ($and) with simplemap.
Mapping top.$techmap$auto$alumacc.cc:512:replace_alu$35.lcu.$or$/home/sun/Desktop/oss-cad-suite/lib/../share/yosys/techmap.v:248$396 ($or) with simplemap.
Mapping top.$techmap$auto$alumacc.cc:512:replace_alu$35.lcu.$and$/home/sun/Desktop/oss-cad-suite/lib/../share/yosys/techmap.v:248$395 ($and) with simplemap.
Mapping top.$techmap$auto$alumacc.cc:512:replace_alu$35.lcu.$or$/home/sun/Desktop/oss-cad-suite/lib/../share/yosys/techmap.v:248$468 ($or) with simplemap.
Mapping top.$techmap$auto$alumacc.cc:512:replace_alu$35.lcu.$or$/home/sun/Desktop/oss-cad-suite/lib/../share/yosys/techmap.v:240$393 ($or) with simplemap.
Mapping top.$techmap$auto$alumacc.cc:512:replace_alu$35.lcu.$and$/home/sun/Desktop/oss-cad-suite/lib/../share/yosys/techmap.v:240$392 ($and) with simplemap.
Mapping top.$techmap$auto$alumacc.cc:512:replace_alu$35.lcu.$and$/home/sun/Desktop/oss-cad-suite/lib/../share/yosys/techmap.v:241$391 ($and) with simplemap.
Mapping top.$techmap$auto$alumacc.cc:512:replace_alu$35.lcu.$or$/home/sun/Desktop/oss-cad-suite/lib/../share/yosys/techmap.v:240$390 ($or) with simplemap.
Mapping top.$techmap$auto$alumacc.cc:512:replace_alu$35.lcu.$and$/home/sun/Desktop/oss-cad-suite/lib/../share/yosys/techmap.v:240$389 ($and) with simplemap.
Mapping top.$techmap$auto$alumacc.cc:512:replace_alu$35.lcu.$and$/home/sun/Desktop/oss-cad-suite/lib/../share/yosys/techmap.v:248$443 ($and) with simplemap.
Mapping top.$techmap$auto$alumacc.cc:512:replace_alu$35.lcu.$or$/home/sun/Desktop/oss-cad-suite/lib/../share/yosys/techmap.v:240$387 ($or) with simplemap.
Mapping top.$techmap$auto$alumacc.cc:512:replace_alu$35.lcu.$and$/home/sun/Desktop/oss-cad-suite/lib/../share/yosys/techmap.v:240$386 ($and) with simplemap.
Mapping top.$techmap$auto$alumacc.cc:512:replace_alu$35.lcu.$and$/home/sun/Desktop/oss-cad-suite/lib/../share/yosys/techmap.v:241$385 ($and) with simplemap.
Mapping top.$techmap$auto$alumacc.cc:512:replace_alu$35.lcu.$or$/home/sun/Desktop/oss-cad-suite/lib/../share/yosys/techmap.v:240$384 ($or) with simplemap.
Mapping top.$techmap$auto$alumacc.cc:512:replace_alu$35.lcu.$and$/home/sun/Desktop/oss-cad-suite/lib/../share/yosys/techmap.v:240$383 ($and) with simplemap.
Mapping top.$techmap$auto$alumacc.cc:512:replace_alu$35.lcu.$and$/home/sun/Desktop/oss-cad-suite/lib/../share/yosys/techmap.v:241$382 ($and) with simplemap.
Mapping top.$techmap$auto$alumacc.cc:512:replace_alu$35.lcu.$or$/home/sun/Desktop/oss-cad-suite/lib/../share/yosys/techmap.v:240$381 ($or) with simplemap.
Mapping top.$techmap$auto$alumacc.cc:512:replace_alu$35.lcu.$and$/home/sun/Desktop/oss-cad-suite/lib/../share/yosys/techmap.v:240$380 ($and) with simplemap.
Mapping top.$techmap$auto$alumacc.cc:512:replace_alu$35.lcu.$and$/home/sun/Desktop/oss-cad-suite/lib/../share/yosys/techmap.v:241$379 ($and) with simplemap.
Mapping top.$techmap$auto$alumacc.cc:512:replace_alu$35.lcu.$or$/home/sun/Desktop/oss-cad-suite/lib/../share/yosys/techmap.v:240$378 ($or) with simplemap.
Mapping top.$techmap$auto$alumacc.cc:512:replace_alu$35.lcu.$and$/home/sun/Desktop/oss-cad-suite/lib/../share/yosys/techmap.v:240$377 ($and) with simplemap.
Mapping top.$techmap$auto$alumacc.cc:512:replace_alu$35.lcu.$and$/home/sun/Desktop/oss-cad-suite/lib/../share/yosys/techmap.v:248$470 ($and) with simplemap.
Mapping top.$techmap$auto$alumacc.cc:512:replace_alu$35.lcu.$or$/home/sun/Desktop/oss-cad-suite/lib/../share/yosys/techmap.v:240$375 ($or) with simplemap.
Mapping top.$techmap$auto$alumacc.cc:512:replace_alu$35.lcu.$and$/home/sun/Desktop/oss-cad-suite/lib/../share/yosys/techmap.v:240$374 ($and) with simplemap.
Mapping top.$techmap$auto$alumacc.cc:512:replace_alu$35.lcu.$and$/home/sun/Desktop/oss-cad-suite/lib/../share/yosys/techmap.v:241$373 ($and) with simplemap.
Mapping top.$techmap$auto$alumacc.cc:512:replace_alu$35.lcu.$or$/home/sun/Desktop/oss-cad-suite/lib/../share/yosys/techmap.v:240$372 ($or) with simplemap.
Mapping top.$techmap$auto$alumacc.cc:512:replace_alu$35.lcu.$and$/home/sun/Desktop/oss-cad-suite/lib/../share/yosys/techmap.v:240$371 ($and) with simplemap.
Mapping top.$techmap$auto$alumacc.cc:512:replace_alu$35.lcu.$and$/home/sun/Desktop/oss-cad-suite/lib/../share/yosys/techmap.v:241$370 ($and) with simplemap.
Mapping top.$techmap$auto$alumacc.cc:512:replace_alu$35.lcu.$or$/home/sun/Desktop/oss-cad-suite/lib/../share/yosys/techmap.v:240$369 ($or) with simplemap.
Mapping top.$techmap$auto$alumacc.cc:512:replace_alu$35.lcu.$and$/home/sun/Desktop/oss-cad-suite/lib/../share/yosys/techmap.v:240$368 ($and) with simplemap.
Mapping top.$techmap$auto$alumacc.cc:512:replace_alu$35.lcu.$and$/home/sun/Desktop/oss-cad-suite/lib/../share/yosys/techmap.v:241$367 ($and) with simplemap.
Mapping top.$techmap$auto$alumacc.cc:512:replace_alu$35.lcu.$or$/home/sun/Desktop/oss-cad-suite/lib/../share/yosys/techmap.v:240$366 ($or) with simplemap.
Mapping top.$techmap$auto$alumacc.cc:512:replace_alu$35.lcu.$and$/home/sun/Desktop/oss-cad-suite/lib/../share/yosys/techmap.v:240$365 ($and) with simplemap.
Mapping top.$techmap$auto$alumacc.cc:512:replace_alu$35.lcu.$and$/home/sun/Desktop/oss-cad-suite/lib/../share/yosys/techmap.v:241$364 ($and) with simplemap.
Mapping top.$techmap$auto$alumacc.cc:512:replace_alu$35.lcu.$or$/home/sun/Desktop/oss-cad-suite/lib/../share/yosys/techmap.v:240$363 ($or) with simplemap.
Mapping top.$techmap$auto$alumacc.cc:512:replace_alu$35.lcu.$and$/home/sun/Desktop/oss-cad-suite/lib/../share/yosys/techmap.v:240$362 ($and) with simplemap.
Mapping top.$techmap$auto$alumacc.cc:512:replace_alu$35.lcu.$and$/home/sun/Desktop/oss-cad-suite/lib/../share/yosys/techmap.v:241$361 ($and) with simplemap.
Mapping top.$techmap$auto$alumacc.cc:512:replace_alu$35.lcu.$or$/home/sun/Desktop/oss-cad-suite/lib/../share/yosys/techmap.v:240$360 ($or) with simplemap.
Mapping top.$techmap$auto$alumacc.cc:512:replace_alu$35.lcu.$and$/home/sun/Desktop/oss-cad-suite/lib/../share/yosys/techmap.v:240$359 ($and) with simplemap.
Mapping top.$techmap$auto$alumacc.cc:512:replace_alu$35.lcu.$and$/home/sun/Desktop/oss-cad-suite/lib/../share/yosys/techmap.v:241$358 ($and) with simplemap.
Mapping top.$techmap$auto$alumacc.cc:512:replace_alu$35.lcu.$or$/home/sun/Desktop/oss-cad-suite/lib/../share/yosys/techmap.v:240$357 ($or) with simplemap.
Mapping top.$techmap$auto$alumacc.cc:512:replace_alu$35.lcu.$and$/home/sun/Desktop/oss-cad-suite/lib/../share/yosys/techmap.v:240$356 ($and) with simplemap.
Mapping top.$techmap$auto$alumacc.cc:512:replace_alu$35.lcu.$and$/home/sun/Desktop/oss-cad-suite/lib/../share/yosys/techmap.v:241$355 ($and) with simplemap.
Mapping top.$techmap$auto$alumacc.cc:512:replace_alu$35.lcu.$or$/home/sun/Desktop/oss-cad-suite/lib/../share/yosys/techmap.v:240$354 ($or) with simplemap.
Mapping top.$techmap$auto$alumacc.cc:512:replace_alu$35.lcu.$and$/home/sun/Desktop/oss-cad-suite/lib/../share/yosys/techmap.v:240$353 ($and) with simplemap.
Mapping top.$techmap$auto$alumacc.cc:512:replace_alu$35.lcu.$or$/home/sun/Desktop/oss-cad-suite/lib/../share/yosys/techmap.v:248$471 ($or) with simplemap.
Mapping top.$techmap$auto$alumacc.cc:512:replace_alu$35.lcu.$or$/home/sun/Desktop/oss-cad-suite/lib/../share/yosys/techmap.v:240$351 ($or) with simplemap.
Mapping top.$techmap$auto$alumacc.cc:512:replace_alu$35.lcu.$and$/home/sun/Desktop/oss-cad-suite/lib/../share/yosys/techmap.v:240$350 ($and) with simplemap.
Mapping top.$techmap$auto$alumacc.cc:512:replace_alu$35.lcu.$and$/home/sun/Desktop/oss-cad-suite/lib/../share/yosys/techmap.v:241$349 ($and) with simplemap.
Mapping top.$techmap$auto$alumacc.cc:512:replace_alu$35.lcu.$or$/home/sun/Desktop/oss-cad-suite/lib/../share/yosys/techmap.v:240$348 ($or) with simplemap.
Mapping top.$techmap$auto$alumacc.cc:512:replace_alu$35.lcu.$and$/home/sun/Desktop/oss-cad-suite/lib/../share/yosys/techmap.v:240$347 ($and) with simplemap.
Mapping top.$techmap$auto$alumacc.cc:512:replace_alu$35.lcu.$and$/home/sun/Desktop/oss-cad-suite/lib/../share/yosys/techmap.v:241$346 ($and) with simplemap.
Mapping top.$techmap$auto$alumacc.cc:512:replace_alu$35.lcu.$or$/home/sun/Desktop/oss-cad-suite/lib/../share/yosys/techmap.v:240$345 ($or) with simplemap.
Mapping top.$techmap$auto$alumacc.cc:512:replace_alu$35.lcu.$and$/home/sun/Desktop/oss-cad-suite/lib/../share/yosys/techmap.v:240$344 ($and) with simplemap.
Mapping top.$techmap$auto$alumacc.cc:512:replace_alu$35.lcu.$and$/home/sun/Desktop/oss-cad-suite/lib/../share/yosys/techmap.v:241$343 ($and) with simplemap.
Mapping top.$techmap$auto$alumacc.cc:512:replace_alu$35.lcu.$or$/home/sun/Desktop/oss-cad-suite/lib/../share/yosys/techmap.v:240$342 ($or) with simplemap.
Mapping top.$techmap$auto$alumacc.cc:512:replace_alu$35.lcu.$and$/home/sun/Desktop/oss-cad-suite/lib/../share/yosys/techmap.v:240$341 ($and) with simplemap.
Mapping top.$techmap$auto$alumacc.cc:512:replace_alu$35.lcu.$and$/home/sun/Desktop/oss-cad-suite/lib/../share/yosys/techmap.v:241$340 ($and) with simplemap.
Mapping top.$techmap$auto$alumacc.cc:512:replace_alu$35.lcu.$or$/home/sun/Desktop/oss-cad-suite/lib/../share/yosys/techmap.v:240$339 ($or) with simplemap.
Mapping top.$techmap$auto$alumacc.cc:512:replace_alu$35.lcu.$and$/home/sun/Desktop/oss-cad-suite/lib/../share/yosys/techmap.v:240$338 ($and) with simplemap.
Mapping top.$techmap$auto$alumacc.cc:512:replace_alu$35.lcu.$and$/home/sun/Desktop/oss-cad-suite/lib/../share/yosys/techmap.v:241$337 ($and) with simplemap.
Mapping top.$techmap$auto$alumacc.cc:512:replace_alu$35.lcu.$or$/home/sun/Desktop/oss-cad-suite/lib/../share/yosys/techmap.v:240$336 ($or) with simplemap.
Mapping top.$techmap$auto$alumacc.cc:512:replace_alu$35.lcu.$and$/home/sun/Desktop/oss-cad-suite/lib/../share/yosys/techmap.v:240$335 ($and) with simplemap.
Mapping top.$techmap$auto$alumacc.cc:512:replace_alu$35.lcu.$and$/home/sun/Desktop/oss-cad-suite/lib/../share/yosys/techmap.v:241$334 ($and) with simplemap.
Mapping top.$techmap$auto$alumacc.cc:512:replace_alu$35.lcu.$or$/home/sun/Desktop/oss-cad-suite/lib/../share/yosys/techmap.v:240$333 ($or) with simplemap.
Mapping top.$techmap$auto$alumacc.cc:512:replace_alu$35.lcu.$and$/home/sun/Desktop/oss-cad-suite/lib/../share/yosys/techmap.v:240$332 ($and) with simplemap.
Mapping top.$techmap$auto$alumacc.cc:512:replace_alu$35.lcu.$and$/home/sun/Desktop/oss-cad-suite/lib/../share/yosys/techmap.v:241$331 ($and) with simplemap.
Mapping top.$techmap$auto$alumacc.cc:512:replace_alu$35.lcu.$or$/home/sun/Desktop/oss-cad-suite/lib/../share/yosys/techmap.v:240$330 ($or) with simplemap.
Mapping top.$techmap$auto$alumacc.cc:512:replace_alu$35.lcu.$and$/home/sun/Desktop/oss-cad-suite/lib/../share/yosys/techmap.v:240$329 ($and) with simplemap.
Mapping top.$techmap$auto$alumacc.cc:512:replace_alu$35.lcu.$and$/home/sun/Desktop/oss-cad-suite/lib/../share/yosys/techmap.v:241$328 ($and) with simplemap.
Mapping top.$techmap$auto$alumacc.cc:512:replace_alu$35.lcu.$or$/home/sun/Desktop/oss-cad-suite/lib/../share/yosys/techmap.v:240$327 ($or) with simplemap.
Mapping top.$techmap$auto$alumacc.cc:512:replace_alu$35.lcu.$and$/home/sun/Desktop/oss-cad-suite/lib/../share/yosys/techmap.v:240$326 ($and) with simplemap.
Mapping top.$techmap$auto$alumacc.cc:512:replace_alu$35.lcu.$and$/home/sun/Desktop/oss-cad-suite/lib/../share/yosys/techmap.v:241$325 ($and) with simplemap.
Mapping top.$techmap$auto$alumacc.cc:512:replace_alu$35.lcu.$or$/home/sun/Desktop/oss-cad-suite/lib/../share/yosys/techmap.v:240$324 ($or) with simplemap.
Mapping top.$techmap$auto$alumacc.cc:512:replace_alu$35.lcu.$and$/home/sun/Desktop/oss-cad-suite/lib/../share/yosys/techmap.v:240$323 ($and) with simplemap.
Mapping top.$techmap$auto$alumacc.cc:512:replace_alu$35.lcu.$and$/home/sun/Desktop/oss-cad-suite/lib/../share/yosys/techmap.v:241$322 ($and) with simplemap.
Mapping top.$techmap$auto$alumacc.cc:512:replace_alu$35.lcu.$or$/home/sun/Desktop/oss-cad-suite/lib/../share/yosys/techmap.v:240$321 ($or) with simplemap.
Mapping top.$techmap$auto$alumacc.cc:512:replace_alu$35.lcu.$and$/home/sun/Desktop/oss-cad-suite/lib/../share/yosys/techmap.v:240$320 ($and) with simplemap.
Mapping top.$techmap$auto$alumacc.cc:512:replace_alu$35.lcu.$and$/home/sun/Desktop/oss-cad-suite/lib/../share/yosys/techmap.v:241$319 ($and) with simplemap.
Mapping top.$techmap$auto$alumacc.cc:512:replace_alu$35.lcu.$or$/home/sun/Desktop/oss-cad-suite/lib/../share/yosys/techmap.v:240$318 ($or) with simplemap.
Mapping top.$techmap$auto$alumacc.cc:512:replace_alu$35.lcu.$and$/home/sun/Desktop/oss-cad-suite/lib/../share/yosys/techmap.v:240$317 ($and) with simplemap.
Mapping top.$techmap$auto$alumacc.cc:512:replace_alu$35.lcu.$and$/home/sun/Desktop/oss-cad-suite/lib/../share/yosys/techmap.v:241$316 ($and) with simplemap.
Mapping top.$techmap$auto$alumacc.cc:512:replace_alu$35.lcu.$or$/home/sun/Desktop/oss-cad-suite/lib/../share/yosys/techmap.v:240$315 ($or) with simplemap.
Mapping top.$techmap$auto$alumacc.cc:512:replace_alu$35.lcu.$and$/home/sun/Desktop/oss-cad-suite/lib/../share/yosys/techmap.v:240$314 ($and) with simplemap.
Mapping top.$techmap$auto$alumacc.cc:512:replace_alu$35.lcu.$and$/home/sun/Desktop/oss-cad-suite/lib/../share/yosys/techmap.v:241$313 ($and) with simplemap.
Mapping top.$techmap$auto$alumacc.cc:512:replace_alu$35.lcu.$or$/home/sun/Desktop/oss-cad-suite/lib/../share/yosys/techmap.v:240$312 ($or) with simplemap.
Mapping top.$techmap$auto$alumacc.cc:512:replace_alu$35.lcu.$and$/home/sun/Desktop/oss-cad-suite/lib/../share/yosys/techmap.v:240$311 ($and) with simplemap.
Mapping top.$techmap$auto$alumacc.cc:512:replace_alu$35.lcu.$and$/home/sun/Desktop/oss-cad-suite/lib/../share/yosys/techmap.v:241$310 ($and) with simplemap.
Mapping top.$techmap$auto$alumacc.cc:512:replace_alu$35.lcu.$or$/home/sun/Desktop/oss-cad-suite/lib/../share/yosys/techmap.v:240$309 ($or) with simplemap.
Mapping top.$techmap$auto$alumacc.cc:512:replace_alu$35.lcu.$and$/home/sun/Desktop/oss-cad-suite/lib/../share/yosys/techmap.v:240$308 ($and) with simplemap.
Mapping top.$techmap$auto$alumacc.cc:512:replace_alu$35.lcu.$and$/home/sun/Desktop/oss-cad-suite/lib/../share/yosys/techmap.v:241$307 ($and) with simplemap.
Mapping top.$techmap$auto$alumacc.cc:512:replace_alu$35.lcu.$or$/home/sun/Desktop/oss-cad-suite/lib/../share/yosys/techmap.v:240$306 ($or) with simplemap.
Mapping top.$techmap$auto$alumacc.cc:512:replace_alu$35.lcu.$and$/home/sun/Desktop/oss-cad-suite/lib/../share/yosys/techmap.v:240$305 ($and) with simplemap.
Mapping top.$techmap$auto$alumacc.cc:512:replace_alu$35.lcu.$and$/home/sun/Desktop/oss-cad-suite/lib/../share/yosys/techmap.v:248$452 ($and) with simplemap.
Mapping top.$techmap$auto$alumacc.cc:512:replace_alu$35.lcu.$or$/home/sun/Desktop/oss-cad-suite/lib/../share/yosys/techmap.v:240$303 ($or) with simplemap.
Mapping top.$techmap$auto$alumacc.cc:512:replace_alu$35.lcu.$and$/home/sun/Desktop/oss-cad-suite/lib/../share/yosys/techmap.v:240$302 ($and) with simplemap.
Mapping top.$techmap$auto$alumacc.cc:512:replace_alu$35.lcu.$or$/home/sun/Desktop/oss-cad-suite/lib/../share/yosys/techmap.v:231$301 ($or) with simplemap.
Mapping top.$techmap$auto$alumacc.cc:512:replace_alu$35.lcu.$and$/home/sun/Desktop/oss-cad-suite/lib/../share/yosys/techmap.v:231$300 ($and) with simplemap.
Mapping top.$techmap$auto$alumacc.cc:512:replace_alu$22.fa.$or$/home/sun/Desktop/oss-cad-suite/lib/../share/yosys/techmap.v:206$568 ($or) with simplemap.
Mapping top.$techmap$auto$alumacc.cc:512:replace_alu$22.fa.$xor$/home/sun/Desktop/oss-cad-suite/lib/../share/yosys/techmap.v:206$567 ($xor) with simplemap.
Mapping top.$techmap$auto$alumacc.cc:512:replace_alu$22.fa.$and$/home/sun/Desktop/oss-cad-suite/lib/../share/yosys/techmap.v:205$566 ($and) with simplemap.
Mapping top.$techmap$auto$alumacc.cc:512:replace_alu$22.fa.$and$/home/sun/Desktop/oss-cad-suite/lib/../share/yosys/techmap.v:205$565 ($and) with simplemap.
Mapping top.$techmap$auto$alumacc.cc:512:replace_alu$22.fa.$xor$/home/sun/Desktop/oss-cad-suite/lib/../share/yosys/techmap.v:205$564 ($xor) with simplemap.
Mapping top.$techmap$auto$alumacc.cc:512:replace_alu$22.lcu.$or$/home/sun/Desktop/oss-cad-suite/lib/../share/yosys/techmap.v:248$678 ($or) with simplemap.
Mapping top.$techmap$auto$alumacc.cc:512:replace_alu$22.lcu.$and$/home/sun/Desktop/oss-cad-suite/lib/../share/yosys/techmap.v:248$677 ($and) with simplemap.
Mapping top.$techmap$auto$alumacc.cc:512:replace_alu$22.lcu.$or$/home/sun/Desktop/oss-cad-suite/lib/../share/yosys/techmap.v:248$684 ($or) with simplemap.
Mapping top.$techmap$auto$alumacc.cc:512:replace_alu$22.lcu.$or$/home/sun/Desktop/oss-cad-suite/lib/../share/yosys/techmap.v:248$675 ($or) with simplemap.
Mapping top.$techmap$auto$alumacc.cc:512:replace_alu$22.lcu.$and$/home/sun/Desktop/oss-cad-suite/lib/../share/yosys/techmap.v:248$674 ($and) with simplemap.
Mapping top.$techmap$auto$alumacc.cc:512:replace_alu$22.lcu.$and$/home/sun/Desktop/oss-cad-suite/lib/../share/yosys/techmap.v:248$689 ($and) with simplemap.
Mapping top.$techmap$auto$alumacc.cc:512:replace_alu$22.lcu.$or$/home/sun/Desktop/oss-cad-suite/lib/../share/yosys/techmap.v:248$672 ($or) with simplemap.
Mapping top.$techmap$auto$alumacc.cc:512:replace_alu$22.lcu.$and$/home/sun/Desktop/oss-cad-suite/lib/../share/yosys/techmap.v:248$671 ($and) with simplemap.
Mapping top.$techmap$auto$alumacc.cc:512:replace_alu$22.lcu.$or$/home/sun/Desktop/oss-cad-suite/lib/../share/yosys/techmap.v:248$690 ($or) with simplemap.
Mapping top.$techmap$auto$alumacc.cc:512:replace_alu$22.lcu.$or$/home/sun/Desktop/oss-cad-suite/lib/../share/yosys/techmap.v:248$669 ($or) with simplemap.
Mapping top.$techmap$auto$alumacc.cc:512:replace_alu$22.lcu.$and$/home/sun/Desktop/oss-cad-suite/lib/../share/yosys/techmap.v:248$668 ($and) with simplemap.
Mapping top.$techmap$auto$alumacc.cc:512:replace_alu$22.lcu.$and$/home/sun/Desktop/oss-cad-suite/lib/../share/yosys/techmap.v:248$683 ($and) with simplemap.
Mapping top.$techmap$auto$alumacc.cc:512:replace_alu$22.lcu.$or$/home/sun/Desktop/oss-cad-suite/lib/../share/yosys/techmap.v:248$666 ($or) with simplemap.
Mapping top.$techmap$auto$alumacc.cc:512:replace_alu$22.lcu.$and$/home/sun/Desktop/oss-cad-suite/lib/../share/yosys/techmap.v:248$665 ($and) with simplemap.
Mapping top.$techmap$auto$alumacc.cc:512:replace_alu$22.lcu.$and$/home/sun/Desktop/oss-cad-suite/lib/../share/yosys/techmap.v:248$692 ($and) with simplemap.
Mapping top.$techmap$auto$alumacc.cc:512:replace_alu$22.lcu.$or$/home/sun/Desktop/oss-cad-suite/lib/../share/yosys/techmap.v:248$663 ($or) with simplemap.
Mapping top.$techmap$auto$alumacc.cc:512:replace_alu$22.lcu.$and$/home/sun/Desktop/oss-cad-suite/lib/../share/yosys/techmap.v:248$662 ($and) with simplemap.
Mapping top.$techmap$auto$alumacc.cc:512:replace_alu$22.lcu.$or$/home/sun/Desktop/oss-cad-suite/lib/../share/yosys/techmap.v:248$693 ($or) with simplemap.
Mapping top.$techmap$auto$alumacc.cc:512:replace_alu$22.lcu.$or$/home/sun/Desktop/oss-cad-suite/lib/../share/yosys/techmap.v:248$660 ($or) with simplemap.
Mapping top.$techmap$auto$alumacc.cc:512:replace_alu$22.lcu.$and$/home/sun/Desktop/oss-cad-suite/lib/../share/yosys/techmap.v:248$659 ($and) with simplemap.
Mapping top.$techmap$auto$alumacc.cc:512:replace_alu$22.lcu.$and$/home/sun/Desktop/oss-cad-suite/lib/../share/yosys/techmap.v:248$686 ($and) with simplemap.
Mapping top.$techmap$auto$alumacc.cc:512:replace_alu$22.lcu.$or$/home/sun/Desktop/oss-cad-suite/lib/../share/yosys/techmap.v:248$657 ($or) with simplemap.
Mapping top.$techmap$auto$alumacc.cc:512:replace_alu$22.lcu.$and$/home/sun/Desktop/oss-cad-suite/lib/../share/yosys/techmap.v:248$656 ($and) with simplemap.
Mapping top.$techmap$auto$alumacc.cc:512:replace_alu$22.lcu.$and$/home/sun/Desktop/oss-cad-suite/lib/../share/yosys/techmap.v:248$695 ($and) with simplemap.
Mapping top.$techmap$auto$alumacc.cc:512:replace_alu$22.lcu.$or$/home/sun/Desktop/oss-cad-suite/lib/../share/yosys/techmap.v:248$654 ($or) with simplemap.
Mapping top.$techmap$auto$alumacc.cc:512:replace_alu$22.lcu.$and$/home/sun/Desktop/oss-cad-suite/lib/../share/yosys/techmap.v:248$653 ($and) with simplemap.
Mapping top.$techmap$auto$alumacc.cc:512:replace_alu$22.lcu.$or$/home/sun/Desktop/oss-cad-suite/lib/../share/yosys/techmap.v:248$696 ($or) with simplemap.
Mapping top.$techmap$auto$alumacc.cc:512:replace_alu$22.lcu.$or$/home/sun/Desktop/oss-cad-suite/lib/../share/yosys/techmap.v:248$651 ($or) with simplemap.
Mapping top.$techmap$auto$alumacc.cc:512:replace_alu$22.lcu.$and$/home/sun/Desktop/oss-cad-suite/lib/../share/yosys/techmap.v:248$650 ($and) with simplemap.
Mapping top.$techmap$auto$alumacc.cc:512:replace_alu$22.lcu.$or$/home/sun/Desktop/oss-cad-suite/lib/../share/yosys/techmap.v:248$681 ($or) with simplemap.
Mapping top.$techmap$auto$alumacc.cc:512:replace_alu$22.lcu.$or$/home/sun/Desktop/oss-cad-suite/lib/../share/yosys/techmap.v:248$648 ($or) with simplemap.
Mapping top.$techmap$auto$alumacc.cc:512:replace_alu$22.lcu.$and$/home/sun/Desktop/oss-cad-suite/lib/../share/yosys/techmap.v:248$647 ($and) with simplemap.
Mapping top.$techmap$auto$alumacc.cc:512:replace_alu$22.lcu.$and$/home/sun/Desktop/oss-cad-suite/lib/../share/yosys/techmap.v:248$698 ($and) with simplemap.
Mapping top.$techmap$auto$alumacc.cc:512:replace_alu$22.lcu.$or$/home/sun/Desktop/oss-cad-suite/lib/../share/yosys/techmap.v:248$645 ($or) with simplemap.
Mapping top.$techmap$auto$alumacc.cc:512:replace_alu$22.lcu.$and$/home/sun/Desktop/oss-cad-suite/lib/../share/yosys/techmap.v:248$644 ($and) with simplemap.
Mapping top.$techmap$auto$alumacc.cc:512:replace_alu$22.lcu.$or$/home/sun/Desktop/oss-cad-suite/lib/../share/yosys/techmap.v:248$699 ($or) with simplemap.
Mapping top.$techmap$auto$alumacc.cc:512:replace_alu$22.lcu.$or$/home/sun/Desktop/oss-cad-suite/lib/../share/yosys/techmap.v:248$642 ($or) with simplemap.
Mapping top.$techmap$auto$alumacc.cc:512:replace_alu$22.lcu.$and$/home/sun/Desktop/oss-cad-suite/lib/../share/yosys/techmap.v:248$641 ($and) with simplemap.
Mapping top.$techmap$auto$alumacc.cc:512:replace_alu$22.lcu.$and$/home/sun/Desktop/oss-cad-suite/lib/../share/yosys/techmap.v:248$680 ($and) with simplemap.
Mapping top.$techmap$auto$alumacc.cc:512:replace_alu$22.lcu.$or$/home/sun/Desktop/oss-cad-suite/lib/../share/yosys/techmap.v:240$639 ($or) with simplemap.
Mapping top.$techmap$auto$alumacc.cc:512:replace_alu$22.lcu.$and$/home/sun/Desktop/oss-cad-suite/lib/../share/yosys/techmap.v:240$638 ($and) with simplemap.
Mapping top.$techmap$auto$alumacc.cc:512:replace_alu$22.lcu.$and$/home/sun/Desktop/oss-cad-suite/lib/../share/yosys/techmap.v:241$637 ($and) with simplemap.
Mapping top.$techmap$auto$alumacc.cc:512:replace_alu$22.lcu.$or$/home/sun/Desktop/oss-cad-suite/lib/../share/yosys/techmap.v:240$636 ($or) with simplemap.
Mapping top.$techmap$auto$alumacc.cc:512:replace_alu$22.lcu.$and$/home/sun/Desktop/oss-cad-suite/lib/../share/yosys/techmap.v:240$635 ($and) with simplemap.
Mapping top.$techmap$auto$alumacc.cc:512:replace_alu$22.lcu.$and$/home/sun/Desktop/oss-cad-suite/lib/../share/yosys/techmap.v:241$634 ($and) with simplemap.
Mapping top.$techmap$auto$alumacc.cc:512:replace_alu$22.lcu.$or$/home/sun/Desktop/oss-cad-suite/lib/../share/yosys/techmap.v:240$633 ($or) with simplemap.
Mapping top.$techmap$auto$alumacc.cc:512:replace_alu$22.lcu.$and$/home/sun/Desktop/oss-cad-suite/lib/../share/yosys/techmap.v:240$632 ($and) with simplemap.
Mapping top.$techmap$auto$alumacc.cc:512:replace_alu$22.lcu.$and$/home/sun/Desktop/oss-cad-suite/lib/../share/yosys/techmap.v:248$701 ($and) with simplemap.
Mapping top.$techmap$auto$alumacc.cc:512:replace_alu$22.lcu.$or$/home/sun/Desktop/oss-cad-suite/lib/../share/yosys/techmap.v:240$630 ($or) with simplemap.
Mapping top.$techmap$auto$alumacc.cc:512:replace_alu$22.lcu.$and$/home/sun/Desktop/oss-cad-suite/lib/../share/yosys/techmap.v:240$629 ($and) with simplemap.
Mapping top.$techmap$auto$alumacc.cc:512:replace_alu$22.lcu.$and$/home/sun/Desktop/oss-cad-suite/lib/../share/yosys/techmap.v:241$628 ($and) with simplemap.
Mapping top.$techmap$auto$alumacc.cc:512:replace_alu$22.lcu.$or$/home/sun/Desktop/oss-cad-suite/lib/../share/yosys/techmap.v:240$627 ($or) with simplemap.
Mapping top.$techmap$auto$alumacc.cc:512:replace_alu$22.lcu.$and$/home/sun/Desktop/oss-cad-suite/lib/../share/yosys/techmap.v:240$626 ($and) with simplemap.
Mapping top.$techmap$auto$alumacc.cc:512:replace_alu$22.lcu.$and$/home/sun/Desktop/oss-cad-suite/lib/../share/yosys/techmap.v:241$625 ($and) with simplemap.
Mapping top.$techmap$auto$alumacc.cc:512:replace_alu$22.lcu.$or$/home/sun/Desktop/oss-cad-suite/lib/../share/yosys/techmap.v:240$624 ($or) with simplemap.
Mapping top.$techmap$auto$alumacc.cc:512:replace_alu$22.lcu.$and$/home/sun/Desktop/oss-cad-suite/lib/../share/yosys/techmap.v:240$623 ($and) with simplemap.
Mapping top.$techmap$auto$alumacc.cc:512:replace_alu$22.lcu.$and$/home/sun/Desktop/oss-cad-suite/lib/../share/yosys/techmap.v:241$622 ($and) with simplemap.
Mapping top.$techmap$auto$alumacc.cc:512:replace_alu$22.lcu.$or$/home/sun/Desktop/oss-cad-suite/lib/../share/yosys/techmap.v:240$621 ($or) with simplemap.
Mapping top.$techmap$auto$alumacc.cc:512:replace_alu$22.lcu.$and$/home/sun/Desktop/oss-cad-suite/lib/../share/yosys/techmap.v:240$620 ($and) with simplemap.
Mapping top.$techmap$auto$alumacc.cc:512:replace_alu$22.lcu.$and$/home/sun/Desktop/oss-cad-suite/lib/../share/yosys/techmap.v:241$619 ($and) with simplemap.
Mapping top.$techmap$auto$alumacc.cc:512:replace_alu$22.lcu.$or$/home/sun/Desktop/oss-cad-suite/lib/../share/yosys/techmap.v:240$618 ($or) with simplemap.
Mapping top.$techmap$auto$alumacc.cc:512:replace_alu$22.lcu.$and$/home/sun/Desktop/oss-cad-suite/lib/../share/yosys/techmap.v:240$617 ($and) with simplemap.
Mapping top.$techmap$auto$alumacc.cc:512:replace_alu$22.lcu.$and$/home/sun/Desktop/oss-cad-suite/lib/../share/yosys/techmap.v:241$616 ($and) with simplemap.
Mapping top.$techmap$auto$alumacc.cc:512:replace_alu$22.lcu.$or$/home/sun/Desktop/oss-cad-suite/lib/../share/yosys/techmap.v:240$615 ($or) with simplemap.
Mapping top.$techmap$auto$alumacc.cc:512:replace_alu$22.lcu.$and$/home/sun/Desktop/oss-cad-suite/lib/../share/yosys/techmap.v:240$614 ($and) with simplemap.
Mapping top.$techmap$auto$alumacc.cc:512:replace_alu$22.lcu.$or$/home/sun/Desktop/oss-cad-suite/lib/../share/yosys/techmap.v:248$702 ($or) with simplemap.
Mapping top.$techmap$auto$alumacc.cc:512:replace_alu$22.lcu.$or$/home/sun/Desktop/oss-cad-suite/lib/../share/yosys/techmap.v:240$612 ($or) with simplemap.
Mapping top.$techmap$auto$alumacc.cc:512:replace_alu$22.lcu.$and$/home/sun/Desktop/oss-cad-suite/lib/../share/yosys/techmap.v:240$611 ($and) with simplemap.
Mapping top.$techmap$auto$alumacc.cc:512:replace_alu$22.lcu.$and$/home/sun/Desktop/oss-cad-suite/lib/../share/yosys/techmap.v:241$610 ($and) with simplemap.
Mapping top.$techmap$auto$alumacc.cc:512:replace_alu$22.lcu.$or$/home/sun/Desktop/oss-cad-suite/lib/../share/yosys/techmap.v:240$609 ($or) with simplemap.
Mapping top.$techmap$auto$alumacc.cc:512:replace_alu$22.lcu.$and$/home/sun/Desktop/oss-cad-suite/lib/../share/yosys/techmap.v:240$608 ($and) with simplemap.
Mapping top.$techmap$auto$alumacc.cc:512:replace_alu$22.lcu.$and$/home/sun/Desktop/oss-cad-suite/lib/../share/yosys/techmap.v:241$607 ($and) with simplemap.
Mapping top.$techmap$auto$alumacc.cc:512:replace_alu$22.lcu.$or$/home/sun/Desktop/oss-cad-suite/lib/../share/yosys/techmap.v:240$606 ($or) with simplemap.
Mapping top.$techmap$auto$alumacc.cc:512:replace_alu$22.lcu.$and$/home/sun/Desktop/oss-cad-suite/lib/../share/yosys/techmap.v:240$605 ($and) with simplemap.
Mapping top.$techmap$auto$alumacc.cc:512:replace_alu$22.lcu.$and$/home/sun/Desktop/oss-cad-suite/lib/../share/yosys/techmap.v:241$604 ($and) with simplemap.
Mapping top.$techmap$auto$alumacc.cc:512:replace_alu$22.lcu.$or$/home/sun/Desktop/oss-cad-suite/lib/../share/yosys/techmap.v:240$603 ($or) with simplemap.
Mapping top.$techmap$auto$alumacc.cc:512:replace_alu$22.lcu.$and$/home/sun/Desktop/oss-cad-suite/lib/../share/yosys/techmap.v:240$602 ($and) with simplemap.
Mapping top.$techmap$auto$alumacc.cc:512:replace_alu$22.lcu.$and$/home/sun/Desktop/oss-cad-suite/lib/../share/yosys/techmap.v:241$601 ($and) with simplemap.
Mapping top.$techmap$auto$alumacc.cc:512:replace_alu$22.lcu.$or$/home/sun/Desktop/oss-cad-suite/lib/../share/yosys/techmap.v:240$600 ($or) with simplemap.
Mapping top.$techmap$auto$alumacc.cc:512:replace_alu$22.lcu.$and$/home/sun/Desktop/oss-cad-suite/lib/../share/yosys/techmap.v:240$599 ($and) with simplemap.
Mapping top.$techmap$auto$alumacc.cc:512:replace_alu$22.lcu.$and$/home/sun/Desktop/oss-cad-suite/lib/../share/yosys/techmap.v:241$598 ($and) with simplemap.
Mapping top.$techmap$auto$alumacc.cc:512:replace_alu$22.lcu.$or$/home/sun/Desktop/oss-cad-suite/lib/../share/yosys/techmap.v:240$597 ($or) with simplemap.
Mapping top.$techmap$auto$alumacc.cc:512:replace_alu$22.lcu.$and$/home/sun/Desktop/oss-cad-suite/lib/../share/yosys/techmap.v:240$596 ($and) with simplemap.
Mapping top.$techmap$auto$alumacc.cc:512:replace_alu$22.lcu.$and$/home/sun/Desktop/oss-cad-suite/lib/../share/yosys/techmap.v:241$595 ($and) with simplemap.
Mapping top.$techmap$auto$alumacc.cc:512:replace_alu$22.lcu.$or$/home/sun/Desktop/oss-cad-suite/lib/../share/yosys/techmap.v:240$594 ($or) with simplemap.
Mapping top.$techmap$auto$alumacc.cc:512:replace_alu$22.lcu.$and$/home/sun/Desktop/oss-cad-suite/lib/../share/yosys/techmap.v:240$593 ($and) with simplemap.
Mapping top.$techmap$auto$alumacc.cc:512:replace_alu$22.lcu.$and$/home/sun/Desktop/oss-cad-suite/lib/../share/yosys/techmap.v:241$592 ($and) with simplemap.
Mapping top.$techmap$auto$alumacc.cc:512:replace_alu$22.lcu.$or$/home/sun/Desktop/oss-cad-suite/lib/../share/yosys/techmap.v:240$591 ($or) with simplemap.
Mapping top.$techmap$auto$alumacc.cc:512:replace_alu$22.lcu.$and$/home/sun/Desktop/oss-cad-suite/lib/../share/yosys/techmap.v:240$590 ($and) with simplemap.
Mapping top.$techmap$auto$alumacc.cc:512:replace_alu$22.lcu.$and$/home/sun/Desktop/oss-cad-suite/lib/../share/yosys/techmap.v:241$589 ($and) with simplemap.
Mapping top.$techmap$auto$alumacc.cc:512:replace_alu$22.lcu.$or$/home/sun/Desktop/oss-cad-suite/lib/../share/yosys/techmap.v:240$588 ($or) with simplemap.
Mapping top.$techmap$auto$alumacc.cc:512:replace_alu$22.lcu.$and$/home/sun/Desktop/oss-cad-suite/lib/../share/yosys/techmap.v:240$587 ($and) with simplemap.
Mapping top.$techmap$auto$alumacc.cc:512:replace_alu$22.lcu.$and$/home/sun/Desktop/oss-cad-suite/lib/../share/yosys/techmap.v:241$586 ($and) with simplemap.
Mapping top.$techmap$auto$alumacc.cc:512:replace_alu$22.lcu.$or$/home/sun/Desktop/oss-cad-suite/lib/../share/yosys/techmap.v:240$585 ($or) with simplemap.
Mapping top.$techmap$auto$alumacc.cc:512:replace_alu$22.lcu.$and$/home/sun/Desktop/oss-cad-suite/lib/../share/yosys/techmap.v:240$584 ($and) with simplemap.
Mapping top.$techmap$auto$alumacc.cc:512:replace_alu$22.lcu.$and$/home/sun/Desktop/oss-cad-suite/lib/../share/yosys/techmap.v:241$583 ($and) with simplemap.
Mapping top.$techmap$auto$alumacc.cc:512:replace_alu$22.lcu.$or$/home/sun/Desktop/oss-cad-suite/lib/../share/yosys/techmap.v:240$582 ($or) with simplemap.
Mapping top.$techmap$auto$alumacc.cc:512:replace_alu$22.lcu.$and$/home/sun/Desktop/oss-cad-suite/lib/../share/yosys/techmap.v:240$581 ($and) with simplemap.
Mapping top.$techmap$auto$alumacc.cc:512:replace_alu$22.lcu.$and$/home/sun/Desktop/oss-cad-suite/lib/../share/yosys/techmap.v:241$580 ($and) with simplemap.
Mapping top.$techmap$auto$alumacc.cc:512:replace_alu$22.lcu.$or$/home/sun/Desktop/oss-cad-suite/lib/../share/yosys/techmap.v:240$579 ($or) with simplemap.
Mapping top.$techmap$auto$alumacc.cc:512:replace_alu$22.lcu.$and$/home/sun/Desktop/oss-cad-suite/lib/../share/yosys/techmap.v:240$578 ($and) with simplemap.
Mapping top.$techmap$auto$alumacc.cc:512:replace_alu$22.lcu.$and$/home/sun/Desktop/oss-cad-suite/lib/../share/yosys/techmap.v:241$577 ($and) with simplemap.
Mapping top.$techmap$auto$alumacc.cc:512:replace_alu$22.lcu.$or$/home/sun/Desktop/oss-cad-suite/lib/../share/yosys/techmap.v:240$576 ($or) with simplemap.
Mapping top.$techmap$auto$alumacc.cc:512:replace_alu$22.lcu.$and$/home/sun/Desktop/oss-cad-suite/lib/../share/yosys/techmap.v:240$575 ($and) with simplemap.
Mapping top.$techmap$auto$alumacc.cc:512:replace_alu$22.lcu.$or$/home/sun/Desktop/oss-cad-suite/lib/../share/yosys/techmap.v:248$687 ($or) with simplemap.
Mapping top.$techmap$auto$alumacc.cc:512:replace_alu$22.lcu.$or$/home/sun/Desktop/oss-cad-suite/lib/../share/yosys/techmap.v:240$573 ($or) with simplemap.
Mapping top.$techmap$auto$alumacc.cc:512:replace_alu$22.lcu.$and$/home/sun/Desktop/oss-cad-suite/lib/../share/yosys/techmap.v:240$572 ($and) with simplemap.
Mapping top.$techmap$auto$alumacc.cc:512:replace_alu$22.lcu.$or$/home/sun/Desktop/oss-cad-suite/lib/../share/yosys/techmap.v:231$571 ($or) with simplemap.
Mapping top.$techmap$auto$alumacc.cc:512:replace_alu$22.lcu.$and$/home/sun/Desktop/oss-cad-suite/lib/../share/yosys/techmap.v:231$570 ($and) with simplemap.
No more expansions possible.

8.5. Executing OPT pass (performing simple optimizations).

8.5.1. Executing OPT_EXPR pass (perform const folding).
Optimizing module top.
Replacing $_NOT_ cell `$auto$simplemap.cc:46:simplemap_not$730' (1) in module `\top' with constant driver `$techmap$auto$alumacc.cc:512:replace_alu$22.$not$/home/sun/Desktop/oss-cad-suite/lib/../share/yosys/techmap.v:279$169_Y [0] = 1'0'.
Replacing $_MUX_ cell `$auto$simplemap.cc:298:simplemap_mux$704' (101) in module `\top' with constant driver `$techmap$auto$alumacc.cc:512:replace_alu$22.$ternary$/home/sun/Desktop/oss-cad-suite/lib/../share/yosys/techmap.v:279$170_Y [0] = 1'0'.
Replacing $_XOR_ cell `$auto$simplemap.cc:106:simplemap_bitop$1162' (xor_buffer) in module `\top' with constant driver `$techmap$auto$alumacc.cc:512:replace_alu$22.fa.$xor$/home/sun/Desktop/oss-cad-suite/lib/../share/yosys/techmap.v:205$564_Y [0] = \count [6]'.
Replacing $_XOR_ cell `$auto$simplemap.cc:106:simplemap_bitop$1084' (xor_buffer) in module `\top' with constant driver `$techmap$auto$alumacc.cc:512:replace_alu$22.fa.$xor$/home/sun/Desktop/oss-cad-suite/lib/../share/yosys/techmap.v:206$567_Y [0] = \count [6]'.
Replacing $_AND_ cell `$auto$simplemap.cc:106:simplemap_bitop$1296' (and_or_buffer) in module `\top' with constant driver `$techmap$auto$alumacc.cc:512:replace_alu$22.lcu.$and$/home/sun/Desktop/oss-cad-suite/lib/../share/yosys/techmap.v:231$570_Y = \count [6]'.
Replacing $_AND_ cell `$auto$simplemap.cc:106:simplemap_bitop$1136' (const_and) in module `\top' with constant driver `$techmap$auto$alumacc.cc:512:replace_alu$22.fa.$and$/home/sun/Desktop/oss-cad-suite/lib/../share/yosys/techmap.v:205$565_Y [0] = 1'0'.
Replacing $_AND_ cell `$auto$simplemap.cc:106:simplemap_bitop$1110' (const_and) in module `\top' with constant driver `$techmap$auto$alumacc.cc:512:replace_alu$22.fa.$and$/home/sun/Desktop/oss-cad-suite/lib/../share/yosys/techmap.v:205$566_Y [0] = 1'0'.
Replacing $_OR_ cell `$auto$simplemap.cc:106:simplemap_bitop$1058' (00) in module `\top' with constant driver `$techmap$auto$alumacc.cc:512:replace_alu$22.fa.$or$/home/sun/Desktop/oss-cad-suite/lib/../share/yosys/techmap.v:206$568_Y [0] = 1'0'.
Replacing $_OR_ cell `$auto$simplemap.cc:106:simplemap_bitop$1295' (and_or_buffer) in module `\top' with constant driver `$auto$alumacc.cc:529:replace_alu$24 [6] = \count [6]'.
Replacing $_NOT_ cell `$auto$simplemap.cc:46:simplemap_not$731' (0) in module `\top' with constant driver `$techmap$auto$alumacc.cc:512:replace_alu$22.$not$/home/sun/Desktop/oss-cad-suite/lib/../share/yosys/techmap.v:279$169_Y [1] = 1'1'.
Replacing $_MUX_ cell `$auto$simplemap.cc:298:simplemap_mux$705' (011) in module `\top' with constant driver `$techmap$auto$alumacc.cc:512:replace_alu$22.$ternary$/home/sun/Desktop/oss-cad-suite/lib/../share/yosys/techmap.v:279$170_Y [1] = 1'1'.
Replacing $_XOR_ cell `$auto$simplemap.cc:106:simplemap_bitop$1163' (xor_buffer) in module `\top' with constant driver `$techmap$auto$alumacc.cc:512:replace_alu$22.fa.$xor$/home/sun/Desktop/oss-cad-suite/lib/../share/yosys/techmap.v:205$564_Y [1] = $auto$rtlil.cc:3504:NotGate$1298'.
Replacing $_XOR_ cell `$auto$simplemap.cc:106:simplemap_bitop$1085' (xor_buffer) in module `\top' with constant driver `$techmap$auto$alumacc.cc:512:replace_alu$22.fa.$xor$/home/sun/Desktop/oss-cad-suite/lib/../share/yosys/techmap.v:206$567_Y [1] = $auto$rtlil.cc:3504:NotGate$1298'.
Replacing $_AND_ cell `$auto$simplemap.cc:106:simplemap_bitop$1137' (and_or_buffer) in module `\top' with constant driver `$techmap$auto$alumacc.cc:512:replace_alu$22.fa.$and$/home/sun/Desktop/oss-cad-suite/lib/../share/yosys/techmap.v:205$565_Y [1] = \count [7]'.
Replacing $_AND_ cell `$auto$simplemap.cc:106:simplemap_bitop$1111' (const_and) in module `\top' with constant driver `$techmap$auto$alumacc.cc:512:replace_alu$22.fa.$and$/home/sun/Desktop/oss-cad-suite/lib/../share/yosys/techmap.v:205$566_Y [1] = 1'0'.
Replacing $_OR_ cell `$auto$simplemap.cc:106:simplemap_bitop$1059' (and_or_buffer) in module `\top' with constant driver `$techmap$auto$alumacc.cc:512:replace_alu$22.fa.$or$/home/sun/Desktop/oss-cad-suite/lib/../share/yosys/techmap.v:206$568_Y [1] = \count [7]'.
Replacing $_NOT_ cell `$auto$simplemap.cc:46:simplemap_not$743' (1) in module `\top' with constant driver `$techmap$auto$alumacc.cc:512:replace_alu$22.$not$/home/sun/Desktop/oss-cad-suite/lib/../share/yosys/techmap.v:279$169_Y [13] = 1'0'.
Replacing $_MUX_ cell `$auto$simplemap.cc:298:simplemap_mux$717' (101) in module `\top' with constant driver `$techmap$auto$alumacc.cc:512:replace_alu$22.$ternary$/home/sun/Desktop/oss-cad-suite/lib/../share/yosys/techmap.v:279$170_Y [13] = 1'0'.
Replacing $_XOR_ cell `$auto$simplemap.cc:106:simplemap_bitop$1175' (xor_buffer) in module `\top' with constant driver `$techmap$auto$alumacc.cc:512:replace_alu$22.fa.$xor$/home/sun/Desktop/oss-cad-suite/lib/../share/yosys/techmap.v:205$564_Y [13] = \count [19]'.
Replacing $_XOR_ cell `$auto$simplemap.cc:106:simplemap_bitop$1097' (xor_buffer) in module `\top' with constant driver `$techmap$auto$alumacc.cc:512:replace_alu$22.fa.$xor$/home/sun/Desktop/oss-cad-suite/lib/../share/yosys/techmap.v:206$567_Y [13] = \count [19]'.
Replacing $_NOT_ cell `$auto$simplemap.cc:46:simplemap_not$742' (1) in module `\top' with constant driver `$techmap$auto$alumacc.cc:512:replace_alu$22.$not$/home/sun/Desktop/oss-cad-suite/lib/../share/yosys/techmap.v:279$169_Y [12] = 1'0'.
Replacing $_MUX_ cell `$auto$simplemap.cc:298:simplemap_mux$716' (101) in module `\top' with constant driver `$techmap$auto$alumacc.cc:512:replace_alu$22.$ternary$/home/sun/Desktop/oss-cad-suite/lib/../share/yosys/techmap.v:279$170_Y [12] = 1'0'.
Replacing $_AND_ cell `$auto$simplemap.cc:106:simplemap_bitop$1148' (const_and) in module `\top' with constant driver `$techmap$auto$alumacc.cc:512:replace_alu$22.fa.$and$/home/sun/Desktop/oss-cad-suite/lib/../share/yosys/techmap.v:205$565_Y [12] = 1'0'.
Replacing $_XOR_ cell `$auto$simplemap.cc:106:simplemap_bitop$1174' (xor_buffer) in module `\top' with constant driver `$techmap$auto$alumacc.cc:512:replace_alu$22.fa.$xor$/home/sun/Desktop/oss-cad-suite/lib/../share/yosys/techmap.v:205$564_Y [12] = \count [18]'.
Replacing $_AND_ cell `$auto$simplemap.cc:106:simplemap_bitop$1122' (const_and) in module `\top' with constant driver `$techmap$auto$alumacc.cc:512:replace_alu$22.fa.$and$/home/sun/Desktop/oss-cad-suite/lib/../share/yosys/techmap.v:205$566_Y [12] = 1'0'.
Replacing $_OR_ cell `$auto$simplemap.cc:106:simplemap_bitop$1070' (00) in module `\top' with constant driver `$techmap$auto$alumacc.cc:512:replace_alu$22.fa.$or$/home/sun/Desktop/oss-cad-suite/lib/../share/yosys/techmap.v:206$568_Y [12] = 1'0'.
Replacing $_AND_ cell `$auto$simplemap.cc:106:simplemap_bitop$1276' (const_and) in module `\top' with constant driver `$techmap$auto$alumacc.cc:512:replace_alu$22.lcu.$and$/home/sun/Desktop/oss-cad-suite/lib/../share/yosys/techmap.v:240$590_Y = 1'0'.
Replacing $_AND_ cell `$auto$simplemap.cc:106:simplemap_bitop$1149' (const_and) in module `\top' with constant driver `$techmap$auto$alumacc.cc:512:replace_alu$22.fa.$and$/home/sun/Desktop/oss-cad-suite/lib/../share/yosys/techmap.v:205$565_Y [13] = 1'0'.
Replacing $_AND_ cell `$auto$simplemap.cc:106:simplemap_bitop$1123' (const_and) in module `\top' with constant driver `$techmap$auto$alumacc.cc:512:replace_alu$22.fa.$and$/home/sun/Desktop/oss-cad-suite/lib/../share/yosys/techmap.v:205$566_Y [13] = 1'0'.
Replacing $_OR_ cell `$auto$simplemap.cc:106:simplemap_bitop$1071' (00) in module `\top' with constant driver `$techmap$auto$alumacc.cc:512:replace_alu$22.fa.$or$/home/sun/Desktop/oss-cad-suite/lib/../share/yosys/techmap.v:206$568_Y [13] = 1'0'.
Replacing $_OR_ cell `$auto$simplemap.cc:106:simplemap_bitop$1275' (00) in module `\top' with constant driver `$techmap$auto$alumacc.cc:512:replace_alu$22.lcu.$or$/home/sun/Desktop/oss-cad-suite/lib/../share/yosys/techmap.v:240$591_Y = 1'0'.
Replacing $_XOR_ cell `$auto$simplemap.cc:106:simplemap_bitop$1096' (xor_buffer) in module `\top' with constant driver `$techmap$auto$alumacc.cc:512:replace_alu$22.fa.$xor$/home/sun/Desktop/oss-cad-suite/lib/../share/yosys/techmap.v:206$567_Y [12] = \count [18]'.
Replacing $_NOT_ cell `$auto$simplemap.cc:46:simplemap_not$741' (0) in module `\top' with constant driver `$techmap$auto$alumacc.cc:512:replace_alu$22.$not$/home/sun/Desktop/oss-cad-suite/lib/../share/yosys/techmap.v:279$169_Y [11] = 1'1'.
Replacing $_MUX_ cell `$auto$simplemap.cc:298:simplemap_mux$715' (011) in module `\top' with constant driver `$techmap$auto$alumacc.cc:512:replace_alu$22.$ternary$/home/sun/Desktop/oss-cad-suite/lib/../share/yosys/techmap.v:279$170_Y [11] = 1'1'.
Replacing $_XOR_ cell `$auto$simplemap.cc:106:simplemap_bitop$1173' (xor_buffer) in module `\top' with constant driver `$techmap$auto$alumacc.cc:512:replace_alu$22.fa.$xor$/home/sun/Desktop/oss-cad-suite/lib/../share/yosys/techmap.v:205$564_Y [11] = $auto$rtlil.cc:3504:NotGate$1300'.
Replacing $_XOR_ cell `$auto$simplemap.cc:106:simplemap_bitop$1095' (xor_buffer) in module `\top' with constant driver `$techmap$auto$alumacc.cc:512:replace_alu$22.fa.$xor$/home/sun/Desktop/oss-cad-suite/lib/../share/yosys/techmap.v:206$567_Y [11] = $auto$rtlil.cc:3504:NotGate$1300'.
Replacing $_NOT_ cell `$auto$simplemap.cc:46:simplemap_not$740' (0) in module `\top' with constant driver `$techmap$auto$alumacc.cc:512:replace_alu$22.$not$/home/sun/Desktop/oss-cad-suite/lib/../share/yosys/techmap.v:279$169_Y [10] = 1'1'.
Replacing $_MUX_ cell `$auto$simplemap.cc:298:simplemap_mux$714' (011) in module `\top' with constant driver `$techmap$auto$alumacc.cc:512:replace_alu$22.$ternary$/home/sun/Desktop/oss-cad-suite/lib/../share/yosys/techmap.v:279$170_Y [10] = 1'1'.
Replacing $_AND_ cell `$auto$simplemap.cc:106:simplemap_bitop$1146' (and_or_buffer) in module `\top' with constant driver `$techmap$auto$alumacc.cc:512:replace_alu$22.fa.$and$/home/sun/Desktop/oss-cad-suite/lib/../share/yosys/techmap.v:205$565_Y [10] = \count [16]'.
Replacing $_XOR_ cell `$auto$simplemap.cc:106:simplemap_bitop$1172' (xor_buffer) in module `\top' with constant driver `$techmap$auto$alumacc.cc:512:replace_alu$22.fa.$xor$/home/sun/Desktop/oss-cad-suite/lib/../share/yosys/techmap.v:205$564_Y [10] = $auto$rtlil.cc:3504:NotGate$1302'.
Replacing $_AND_ cell `$auto$simplemap.cc:106:simplemap_bitop$1120' (const_and) in module `\top' with constant driver `$techmap$auto$alumacc.cc:512:replace_alu$22.fa.$and$/home/sun/Desktop/oss-cad-suite/lib/../share/yosys/techmap.v:205$566_Y [10] = 1'0'.
Replacing $_OR_ cell `$auto$simplemap.cc:106:simplemap_bitop$1068' (and_or_buffer) in module `\top' with constant driver `$techmap$auto$alumacc.cc:512:replace_alu$22.fa.$or$/home/sun/Desktop/oss-cad-suite/lib/../share/yosys/techmap.v:206$568_Y [10] = \count [16]'.
Replacing $_AND_ cell `$auto$simplemap.cc:106:simplemap_bitop$1147' (and_or_buffer) in module `\top' with constant driver `$techmap$auto$alumacc.cc:512:replace_alu$22.fa.$and$/home/sun/Desktop/oss-cad-suite/lib/../share/yosys/techmap.v:205$565_Y [11] = \count [17]'.
Replacing $_AND_ cell `$auto$simplemap.cc:106:simplemap_bitop$1121' (const_and) in module `\top' with constant driver `$techmap$auto$alumacc.cc:512:replace_alu$22.fa.$and$/home/sun/Desktop/oss-cad-suite/lib/../share/yosys/techmap.v:205$566_Y [11] = 1'0'.
Replacing $_OR_ cell `$auto$simplemap.cc:106:simplemap_bitop$1069' (and_or_buffer) in module `\top' with constant driver `$techmap$auto$alumacc.cc:512:replace_alu$22.fa.$or$/home/sun/Desktop/oss-cad-suite/lib/../share/yosys/techmap.v:206$568_Y [11] = \count [17]'.
Replacing $_NOT_ cell `$auto$simplemap.cc:46:simplemap_not$739' (0) in module `\top' with constant driver `$techmap$auto$alumacc.cc:512:replace_alu$22.$not$/home/sun/Desktop/oss-cad-suite/lib/../share/yosys/techmap.v:279$169_Y [9] = 1'1'.
Replacing $_MUX_ cell `$auto$simplemap.cc:298:simplemap_mux$713' (011) in module `\top' with constant driver `$techmap$auto$alumacc.cc:512:replace_alu$22.$ternary$/home/sun/Desktop/oss-cad-suite/lib/../share/yosys/techmap.v:279$170_Y [9] = 1'1'.
Replacing $_XOR_ cell `$auto$simplemap.cc:106:simplemap_bitop$1171' (xor_buffer) in module `\top' with constant driver `$techmap$auto$alumacc.cc:512:replace_alu$22.fa.$xor$/home/sun/Desktop/oss-cad-suite/lib/../share/yosys/techmap.v:205$564_Y [9] = $auto$rtlil.cc:3504:NotGate$1304'.
Replacing $_XOR_ cell `$auto$simplemap.cc:106:simplemap_bitop$1093' (xor_buffer) in module `\top' with constant driver `$techmap$auto$alumacc.cc:512:replace_alu$22.fa.$xor$/home/sun/Desktop/oss-cad-suite/lib/../share/yosys/techmap.v:206$567_Y [9] = $auto$rtlil.cc:3504:NotGate$1304'.
Replacing $_NOT_ cell `$auto$simplemap.cc:46:simplemap_not$738' (1) in module `\top' with constant driver `$techmap$auto$alumacc.cc:512:replace_alu$22.$not$/home/sun/Desktop/oss-cad-suite/lib/../share/yosys/techmap.v:279$169_Y [8] = 1'0'.
Replacing $_MUX_ cell `$auto$simplemap.cc:298:simplemap_mux$712' (101) in module `\top' with constant driver `$techmap$auto$alumacc.cc:512:replace_alu$22.$ternary$/home/sun/Desktop/oss-cad-suite/lib/../share/yosys/techmap.v:279$170_Y [8] = 1'0'.
Replacing $_AND_ cell `$auto$simplemap.cc:106:simplemap_bitop$1144' (const_and) in module `\top' with constant driver `$techmap$auto$alumacc.cc:512:replace_alu$22.fa.$and$/home/sun/Desktop/oss-cad-suite/lib/../share/yosys/techmap.v:205$565_Y [8] = 1'0'.
Replacing $_XOR_ cell `$auto$simplemap.cc:106:simplemap_bitop$1170' (xor_buffer) in module `\top' with constant driver `$techmap$auto$alumacc.cc:512:replace_alu$22.fa.$xor$/home/sun/Desktop/oss-cad-suite/lib/../share/yosys/techmap.v:205$564_Y [8] = \count [14]'.
Replacing $_AND_ cell `$auto$simplemap.cc:106:simplemap_bitop$1118' (const_and) in module `\top' with constant driver `$techmap$auto$alumacc.cc:512:replace_alu$22.fa.$and$/home/sun/Desktop/oss-cad-suite/lib/../share/yosys/techmap.v:205$566_Y [8] = 1'0'.
Replacing $_OR_ cell `$auto$simplemap.cc:106:simplemap_bitop$1066' (00) in module `\top' with constant driver `$techmap$auto$alumacc.cc:512:replace_alu$22.fa.$or$/home/sun/Desktop/oss-cad-suite/lib/../share/yosys/techmap.v:206$568_Y [8] = 1'0'.
Replacing $_AND_ cell `$auto$simplemap.cc:106:simplemap_bitop$1282' (const_and) in module `\top' with constant driver `$techmap$auto$alumacc.cc:512:replace_alu$22.lcu.$and$/home/sun/Desktop/oss-cad-suite/lib/../share/yosys/techmap.v:240$584_Y = 1'0'.
Replacing $_AND_ cell `$auto$simplemap.cc:106:simplemap_bitop$1145' (and_or_buffer) in module `\top' with constant driver `$techmap$auto$alumacc.cc:512:replace_alu$22.fa.$and$/home/sun/Desktop/oss-cad-suite/lib/../share/yosys/techmap.v:205$565_Y [9] = \count [15]'.
Replacing $_AND_ cell `$auto$simplemap.cc:106:simplemap_bitop$1119' (const_and) in module `\top' with constant driver `$techmap$auto$alumacc.cc:512:replace_alu$22.fa.$and$/home/sun/Desktop/oss-cad-suite/lib/../share/yosys/techmap.v:205$566_Y [9] = 1'0'.
Replacing $_OR_ cell `$auto$simplemap.cc:106:simplemap_bitop$1067' (and_or_buffer) in module `\top' with constant driver `$techmap$auto$alumacc.cc:512:replace_alu$22.fa.$or$/home/sun/Desktop/oss-cad-suite/lib/../share/yosys/techmap.v:206$568_Y [9] = \count [15]'.
Replacing $_OR_ cell `$auto$simplemap.cc:106:simplemap_bitop$1281' (and_or_buffer) in module `\top' with constant driver `$techmap$auto$alumacc.cc:512:replace_alu$22.lcu.$or$/home/sun/Desktop/oss-cad-suite/lib/../share/yosys/techmap.v:240$585_Y = \count [15]'.
Replacing $_XOR_ cell `$auto$simplemap.cc:106:simplemap_bitop$1094' (xor_buffer) in module `\top' with constant driver `$techmap$auto$alumacc.cc:512:replace_alu$22.fa.$xor$/home/sun/Desktop/oss-cad-suite/lib/../share/yosys/techmap.v:206$567_Y [10] = $auto$rtlil.cc:3504:NotGate$1302'.
Replacing $_XOR_ cell `$auto$simplemap.cc:106:simplemap_bitop$1092' (xor_buffer) in module `\top' with constant driver `$techmap$auto$alumacc.cc:512:replace_alu$22.fa.$xor$/home/sun/Desktop/oss-cad-suite/lib/../share/yosys/techmap.v:206$567_Y [8] = \count [14]'.
Replacing $_NOT_ cell `$auto$simplemap.cc:46:simplemap_not$737' (0) in module `\top' with constant driver `$techmap$auto$alumacc.cc:512:replace_alu$22.$not$/home/sun/Desktop/oss-cad-suite/lib/../share/yosys/techmap.v:279$169_Y [7] = 1'1'.
Replacing $_MUX_ cell `$auto$simplemap.cc:298:simplemap_mux$711' (011) in module `\top' with constant driver `$techmap$auto$alumacc.cc:512:replace_alu$22.$ternary$/home/sun/Desktop/oss-cad-suite/lib/../share/yosys/techmap.v:279$170_Y [7] = 1'1'.
Replacing $_XOR_ cell `$auto$simplemap.cc:106:simplemap_bitop$1169' (xor_buffer) in module `\top' with constant driver `$techmap$auto$alumacc.cc:512:replace_alu$22.fa.$xor$/home/sun/Desktop/oss-cad-suite/lib/../share/yosys/techmap.v:205$564_Y [7] = $auto$rtlil.cc:3504:NotGate$1306'.
Replacing $_XOR_ cell `$auto$simplemap.cc:106:simplemap_bitop$1091' (xor_buffer) in module `\top' with constant driver `$techmap$auto$alumacc.cc:512:replace_alu$22.fa.$xor$/home/sun/Desktop/oss-cad-suite/lib/../share/yosys/techmap.v:206$567_Y [7] = $auto$rtlil.cc:3504:NotGate$1306'.
Replacing $_NOT_ cell `$auto$simplemap.cc:46:simplemap_not$736' (0) in module `\top' with constant driver `$techmap$auto$alumacc.cc:512:replace_alu$22.$not$/home/sun/Desktop/oss-cad-suite/lib/../share/yosys/techmap.v:279$169_Y [6] = 1'1'.
Replacing $_MUX_ cell `$auto$simplemap.cc:298:simplemap_mux$710' (011) in module `\top' with constant driver `$techmap$auto$alumacc.cc:512:replace_alu$22.$ternary$/home/sun/Desktop/oss-cad-suite/lib/../share/yosys/techmap.v:279$170_Y [6] = 1'1'.
Replacing $_AND_ cell `$auto$simplemap.cc:106:simplemap_bitop$1142' (and_or_buffer) in module `\top' with constant driver `$techmap$auto$alumacc.cc:512:replace_alu$22.fa.$and$/home/sun/Desktop/oss-cad-suite/lib/../share/yosys/techmap.v:205$565_Y [6] = \count [12]'.
Replacing $_XOR_ cell `$auto$simplemap.cc:106:simplemap_bitop$1168' (xor_buffer) in module `\top' with constant driver `$techmap$auto$alumacc.cc:512:replace_alu$22.fa.$xor$/home/sun/Desktop/oss-cad-suite/lib/../share/yosys/techmap.v:205$564_Y [6] = $auto$rtlil.cc:3504:NotGate$1308'.
Replacing $_AND_ cell `$auto$simplemap.cc:106:simplemap_bitop$1116' (const_and) in module `\top' with constant driver `$techmap$auto$alumacc.cc:512:replace_alu$22.fa.$and$/home/sun/Desktop/oss-cad-suite/lib/../share/yosys/techmap.v:205$566_Y [6] = 1'0'.
Replacing $_OR_ cell `$auto$simplemap.cc:106:simplemap_bitop$1064' (and_or_buffer) in module `\top' with constant driver `$techmap$auto$alumacc.cc:512:replace_alu$22.fa.$or$/home/sun/Desktop/oss-cad-suite/lib/../share/yosys/techmap.v:206$568_Y [6] = \count [12]'.
Replacing $_AND_ cell `$auto$simplemap.cc:106:simplemap_bitop$1143' (and_or_buffer) in module `\top' with constant driver `$techmap$auto$alumacc.cc:512:replace_alu$22.fa.$and$/home/sun/Desktop/oss-cad-suite/lib/../share/yosys/techmap.v:205$565_Y [7] = \count [13]'.
Replacing $_AND_ cell `$auto$simplemap.cc:106:simplemap_bitop$1117' (const_and) in module `\top' with constant driver `$techmap$auto$alumacc.cc:512:replace_alu$22.fa.$and$/home/sun/Desktop/oss-cad-suite/lib/../share/yosys/techmap.v:205$566_Y [7] = 1'0'.
Replacing $_OR_ cell `$auto$simplemap.cc:106:simplemap_bitop$1065' (and_or_buffer) in module `\top' with constant driver `$techmap$auto$alumacc.cc:512:replace_alu$22.fa.$or$/home/sun/Desktop/oss-cad-suite/lib/../share/yosys/techmap.v:206$568_Y [7] = \count [13]'.
Replacing $_NOT_ cell `$auto$simplemap.cc:46:simplemap_not$735' (1) in module `\top' with constant driver `$techmap$auto$alumacc.cc:512:replace_alu$22.$not$/home/sun/Desktop/oss-cad-suite/lib/../share/yosys/techmap.v:279$169_Y [5] = 1'0'.
Replacing $_MUX_ cell `$auto$simplemap.cc:298:simplemap_mux$709' (101) in module `\top' with constant driver `$techmap$auto$alumacc.cc:512:replace_alu$22.$ternary$/home/sun/Desktop/oss-cad-suite/lib/../share/yosys/techmap.v:279$170_Y [5] = 1'0'.
Replacing $_XOR_ cell `$auto$simplemap.cc:106:simplemap_bitop$1167' (xor_buffer) in module `\top' with constant driver `$techmap$auto$alumacc.cc:512:replace_alu$22.fa.$xor$/home/sun/Desktop/oss-cad-suite/lib/../share/yosys/techmap.v:205$564_Y [5] = \count [11]'.
Replacing $_XOR_ cell `$auto$simplemap.cc:106:simplemap_bitop$1089' (xor_buffer) in module `\top' with constant driver `$techmap$auto$alumacc.cc:512:replace_alu$22.fa.$xor$/home/sun/Desktop/oss-cad-suite/lib/../share/yosys/techmap.v:206$567_Y [5] = \count [11]'.
Replacing $_NOT_ cell `$auto$simplemap.cc:46:simplemap_not$734' (0) in module `\top' with constant driver `$techmap$auto$alumacc.cc:512:replace_alu$22.$not$/home/sun/Desktop/oss-cad-suite/lib/../share/yosys/techmap.v:279$169_Y [4] = 1'1'.
Replacing $_MUX_ cell `$auto$simplemap.cc:298:simplemap_mux$708' (011) in module `\top' with constant driver `$techmap$auto$alumacc.cc:512:replace_alu$22.$ternary$/home/sun/Desktop/oss-cad-suite/lib/../share/yosys/techmap.v:279$170_Y [4] = 1'1'.
Replacing $_AND_ cell `$auto$simplemap.cc:106:simplemap_bitop$1140' (and_or_buffer) in module `\top' with constant driver `$techmap$auto$alumacc.cc:512:replace_alu$22.fa.$and$/home/sun/Desktop/oss-cad-suite/lib/../share/yosys/techmap.v:205$565_Y [4] = \count [10]'.
Replacing $_XOR_ cell `$auto$simplemap.cc:106:simplemap_bitop$1166' (xor_buffer) in module `\top' with constant driver `$techmap$auto$alumacc.cc:512:replace_alu$22.fa.$xor$/home/sun/Desktop/oss-cad-suite/lib/../share/yosys/techmap.v:205$564_Y [4] = $auto$rtlil.cc:3504:NotGate$1310'.
Replacing $_AND_ cell `$auto$simplemap.cc:106:simplemap_bitop$1114' (const_and) in module `\top' with constant driver `$techmap$auto$alumacc.cc:512:replace_alu$22.fa.$and$/home/sun/Desktop/oss-cad-suite/lib/../share/yosys/techmap.v:205$566_Y [4] = 1'0'.
Replacing $_OR_ cell `$auto$simplemap.cc:106:simplemap_bitop$1062' (and_or_buffer) in module `\top' with constant driver `$techmap$auto$alumacc.cc:512:replace_alu$22.fa.$or$/home/sun/Desktop/oss-cad-suite/lib/../share/yosys/techmap.v:206$568_Y [4] = \count [10]'.
Replacing $_AND_ cell `$auto$simplemap.cc:106:simplemap_bitop$1141' (const_and) in module `\top' with constant driver `$techmap$auto$alumacc.cc:512:replace_alu$22.fa.$and$/home/sun/Desktop/oss-cad-suite/lib/../share/yosys/techmap.v:205$565_Y [5] = 1'0'.
Replacing $_AND_ cell `$auto$simplemap.cc:106:simplemap_bitop$1115' (const_and) in module `\top' with constant driver `$techmap$auto$alumacc.cc:512:replace_alu$22.fa.$and$/home/sun/Desktop/oss-cad-suite/lib/../share/yosys/techmap.v:205$566_Y [5] = 1'0'.
Replacing $_OR_ cell `$auto$simplemap.cc:106:simplemap_bitop$1063' (00) in module `\top' with constant driver `$techmap$auto$alumacc.cc:512:replace_alu$22.fa.$or$/home/sun/Desktop/oss-cad-suite/lib/../share/yosys/techmap.v:206$568_Y [5] = 1'0'.
Replacing $_OR_ cell `$auto$simplemap.cc:106:simplemap_bitop$1287' (and_or_buffer) in module `\top' with constant driver `$techmap$auto$alumacc.cc:512:replace_alu$22.lcu.$or$/home/sun/Desktop/oss-cad-suite/lib/../share/yosys/techmap.v:240$579_Y = $techmap$auto$alumacc.cc:512:replace_alu$22.lcu.$and$/home/sun/Desktop/oss-cad-suite/lib/../share/yosys/techmap.v:240$578_Y'.
Replacing $_XOR_ cell `$auto$simplemap.cc:106:simplemap_bitop$1090' (xor_buffer) in module `\top' with constant driver `$techmap$auto$alumacc.cc:512:replace_alu$22.fa.$xor$/home/sun/Desktop/oss-cad-suite/lib/../share/yosys/techmap.v:206$567_Y [6] = $auto$rtlil.cc:3504:NotGate$1308'.
Replacing $_NOT_ cell `$auto$simplemap.cc:46:simplemap_not$733' (1) in module `\top' with constant driver `$techmap$auto$alumacc.cc:512:replace_alu$22.$not$/home/sun/Desktop/oss-cad-suite/lib/../share/yosys/techmap.v:279$169_Y [3] = 1'0'.
Replacing $_MUX_ cell `$auto$simplemap.cc:298:simplemap_mux$707' (101) in module `\top' with constant driver `$techmap$auto$alumacc.cc:512:replace_alu$22.$ternary$/home/sun/Desktop/oss-cad-suite/lib/../share/yosys/techmap.v:279$170_Y [3] = 1'0'.
Replacing $_XOR_ cell `$auto$simplemap.cc:106:simplemap_bitop$1165' (xor_buffer) in module `\top' with constant driver `$techmap$auto$alumacc.cc:512:replace_alu$22.fa.$xor$/home/sun/Desktop/oss-cad-suite/lib/../share/yosys/techmap.v:205$564_Y [3] = \count [9]'.
Replacing $_XOR_ cell `$auto$simplemap.cc:106:simplemap_bitop$1087' (xor_buffer) in module `\top' with constant driver `$techmap$auto$alumacc.cc:512:replace_alu$22.fa.$xor$/home/sun/Desktop/oss-cad-suite/lib/../share/yosys/techmap.v:206$567_Y [3] = \count [9]'.
Replacing $_NOT_ cell `$auto$simplemap.cc:46:simplemap_not$732' (1) in module `\top' with constant driver `$techmap$auto$alumacc.cc:512:replace_alu$22.$not$/home/sun/Desktop/oss-cad-suite/lib/../share/yosys/techmap.v:279$169_Y [2] = 1'0'.
Replacing $_MUX_ cell `$auto$simplemap.cc:298:simplemap_mux$706' (101) in module `\top' with constant driver `$techmap$auto$alumacc.cc:512:replace_alu$22.$ternary$/home/sun/Desktop/oss-cad-suite/lib/../share/yosys/techmap.v:279$170_Y [2] = 1'0'.
Replacing $_AND_ cell `$auto$simplemap.cc:106:simplemap_bitop$1138' (const_and) in module `\top' with constant driver `$techmap$auto$alumacc.cc:512:replace_alu$22.fa.$and$/home/sun/Desktop/oss-cad-suite/lib/../share/yosys/techmap.v:205$565_Y [2] = 1'0'.
Replacing $_XOR_ cell `$auto$simplemap.cc:106:simplemap_bitop$1164' (xor_buffer) in module `\top' with constant driver `$techmap$auto$alumacc.cc:512:replace_alu$22.fa.$xor$/home/sun/Desktop/oss-cad-suite/lib/../share/yosys/techmap.v:205$564_Y [2] = \count [8]'.
Replacing $_AND_ cell `$auto$simplemap.cc:106:simplemap_bitop$1112' (const_and) in module `\top' with constant driver `$techmap$auto$alumacc.cc:512:replace_alu$22.fa.$and$/home/sun/Desktop/oss-cad-suite/lib/../share/yosys/techmap.v:205$566_Y [2] = 1'0'.
Replacing $_OR_ cell `$auto$simplemap.cc:106:simplemap_bitop$1060' (00) in module `\top' with constant driver `$techmap$auto$alumacc.cc:512:replace_alu$22.fa.$or$/home/sun/Desktop/oss-cad-suite/lib/../share/yosys/techmap.v:206$568_Y [2] = 1'0'.
Replacing $_AND_ cell `$auto$simplemap.cc:106:simplemap_bitop$1291' (const_and) in module `\top' with constant driver `$techmap$auto$alumacc.cc:512:replace_alu$22.lcu.$and$/home/sun/Desktop/oss-cad-suite/lib/../share/yosys/techmap.v:240$575_Y = 1'0'.
Replacing $_AND_ cell `$auto$simplemap.cc:106:simplemap_bitop$1139' (const_and) in module `\top' with constant driver `$techmap$auto$alumacc.cc:512:replace_alu$22.fa.$and$/home/sun/Desktop/oss-cad-suite/lib/../share/yosys/techmap.v:205$565_Y [3] = 1'0'.
Replacing $_AND_ cell `$auto$simplemap.cc:106:simplemap_bitop$1113' (const_and) in module `\top' with constant driver `$techmap$auto$alumacc.cc:512:replace_alu$22.fa.$and$/home/sun/Desktop/oss-cad-suite/lib/../share/yosys/techmap.v:205$566_Y [3] = 1'0'.
Replacing $_OR_ cell `$auto$simplemap.cc:106:simplemap_bitop$1061' (00) in module `\top' with constant driver `$techmap$auto$alumacc.cc:512:replace_alu$22.fa.$or$/home/sun/Desktop/oss-cad-suite/lib/../share/yosys/techmap.v:206$568_Y [3] = 1'0'.
Replacing $_OR_ cell `$auto$simplemap.cc:106:simplemap_bitop$1290' (00) in module `\top' with constant driver `$techmap$auto$alumacc.cc:512:replace_alu$22.lcu.$or$/home/sun/Desktop/oss-cad-suite/lib/../share/yosys/techmap.v:240$576_Y = 1'0'.
Replacing $_XOR_ cell `$auto$simplemap.cc:106:simplemap_bitop$1086' (xor_buffer) in module `\top' with constant driver `$techmap$auto$alumacc.cc:512:replace_alu$22.fa.$xor$/home/sun/Desktop/oss-cad-suite/lib/../share/yosys/techmap.v:206$567_Y [2] = \count [8]'.
Replacing $_OR_ cell `$auto$simplemap.cc:106:simplemap_bitop$1254' (and_or_buffer) in module `\top' with constant driver `$auto$alumacc.cc:529:replace_alu$24 [9] = $techmap$auto$alumacc.cc:512:replace_alu$22.lcu.$and$/home/sun/Desktop/oss-cad-suite/lib/../share/yosys/techmap.v:240$611_Y'.
Replacing $_XOR_ cell `$auto$simplemap.cc:106:simplemap_bitop$1088' (xor_buffer) in module `\top' with constant driver `$techmap$auto$alumacc.cc:512:replace_alu$22.fa.$xor$/home/sun/Desktop/oss-cad-suite/lib/../share/yosys/techmap.v:206$567_Y [4] = $auto$rtlil.cc:3504:NotGate$1310'.
Replacing $_OR_ cell `$auto$simplemap.cc:106:simplemap_bitop$1209' (and_or_buffer) in module `\top' with constant driver `$auto$alumacc.cc:529:replace_alu$24 [19] = $techmap$auto$alumacc.cc:512:replace_alu$22.lcu.$and$/home/sun/Desktop/oss-cad-suite/lib/../share/yosys/techmap.v:248$656_Y'.
Replacing $_NOT_ cell `$auto$simplemap.cc:46:simplemap_not$744' (0) in module `\top' with constant driver `$techmap$auto$alumacc.cc:512:replace_alu$22.$not$/home/sun/Desktop/oss-cad-suite/lib/../share/yosys/techmap.v:279$169_Y [14] = 1'1'.
Replacing $_MUX_ cell `$auto$simplemap.cc:298:simplemap_mux$718' (011) in module `\top' with constant driver `$techmap$auto$alumacc.cc:512:replace_alu$22.$ternary$/home/sun/Desktop/oss-cad-suite/lib/../share/yosys/techmap.v:279$170_Y [14] = 1'1'.
Replacing $_XOR_ cell `$auto$simplemap.cc:106:simplemap_bitop$1176' (xor_buffer) in module `\top' with constant driver `$techmap$auto$alumacc.cc:512:replace_alu$22.fa.$xor$/home/sun/Desktop/oss-cad-suite/lib/../share/yosys/techmap.v:205$564_Y [14] = $auto$rtlil.cc:3504:NotGate$1312'.
Replacing $_XOR_ cell `$auto$simplemap.cc:106:simplemap_bitop$1098' (xor_buffer) in module `\top' with constant driver `$techmap$auto$alumacc.cc:512:replace_alu$22.fa.$xor$/home/sun/Desktop/oss-cad-suite/lib/../share/yosys/techmap.v:206$567_Y [14] = $auto$rtlil.cc:3504:NotGate$1312'.
Replacing $_AND_ cell `$auto$simplemap.cc:106:simplemap_bitop$1150' (and_or_buffer) in module `\top' with constant driver `$techmap$auto$alumacc.cc:512:replace_alu$22.fa.$and$/home/sun/Desktop/oss-cad-suite/lib/../share/yosys/techmap.v:205$565_Y [14] = \count [20]'.
Replacing $_AND_ cell `$auto$simplemap.cc:106:simplemap_bitop$1124' (const_and) in module `\top' with constant driver `$techmap$auto$alumacc.cc:512:replace_alu$22.fa.$and$/home/sun/Desktop/oss-cad-suite/lib/../share/yosys/techmap.v:205$566_Y [14] = 1'0'.
Replacing $_OR_ cell `$auto$simplemap.cc:106:simplemap_bitop$1072' (and_or_buffer) in module `\top' with constant driver `$techmap$auto$alumacc.cc:512:replace_alu$22.fa.$or$/home/sun/Desktop/oss-cad-suite/lib/../share/yosys/techmap.v:206$568_Y [14] = \count [20]'.
Replacing $_NOT_ cell `$auto$simplemap.cc:46:simplemap_not$745' (0) in module `\top' with constant driver `$techmap$auto$alumacc.cc:512:replace_alu$22.$not$/home/sun/Desktop/oss-cad-suite/lib/../share/yosys/techmap.v:279$169_Y [15] = 1'1'.
Replacing $_MUX_ cell `$auto$simplemap.cc:298:simplemap_mux$719' (011) in module `\top' with constant driver `$techmap$auto$alumacc.cc:512:replace_alu$22.$ternary$/home/sun/Desktop/oss-cad-suite/lib/../share/yosys/techmap.v:279$170_Y [15] = 1'1'.
Replacing $_XOR_ cell `$auto$simplemap.cc:106:simplemap_bitop$1177' (xor_buffer) in module `\top' with constant driver `$techmap$auto$alumacc.cc:512:replace_alu$22.fa.$xor$/home/sun/Desktop/oss-cad-suite/lib/../share/yosys/techmap.v:205$564_Y [15] = $auto$rtlil.cc:3504:NotGate$1314'.
Replacing $_XOR_ cell `$auto$simplemap.cc:106:simplemap_bitop$1099' (xor_buffer) in module `\top' with constant driver `$techmap$auto$alumacc.cc:512:replace_alu$22.fa.$xor$/home/sun/Desktop/oss-cad-suite/lib/../share/yosys/techmap.v:206$567_Y [15] = $auto$rtlil.cc:3504:NotGate$1314'.
Replacing $_AND_ cell `$auto$simplemap.cc:106:simplemap_bitop$1151' (and_or_buffer) in module `\top' with constant driver `$techmap$auto$alumacc.cc:512:replace_alu$22.fa.$and$/home/sun/Desktop/oss-cad-suite/lib/../share/yosys/techmap.v:205$565_Y [15] = \count [21]'.
Replacing $_AND_ cell `$auto$simplemap.cc:106:simplemap_bitop$1125' (const_and) in module `\top' with constant driver `$techmap$auto$alumacc.cc:512:replace_alu$22.fa.$and$/home/sun/Desktop/oss-cad-suite/lib/../share/yosys/techmap.v:205$566_Y [15] = 1'0'.
Replacing $_OR_ cell `$auto$simplemap.cc:106:simplemap_bitop$1073' (and_or_buffer) in module `\top' with constant driver `$techmap$auto$alumacc.cc:512:replace_alu$22.fa.$or$/home/sun/Desktop/oss-cad-suite/lib/../share/yosys/techmap.v:206$568_Y [15] = \count [21]'.
Replacing $_NOT_ cell `$auto$simplemap.cc:46:simplemap_not$747' (0) in module `\top' with constant driver `$techmap$auto$alumacc.cc:512:replace_alu$22.$not$/home/sun/Desktop/oss-cad-suite/lib/../share/yosys/techmap.v:279$169_Y [17] = 1'1'.
Replacing $_MUX_ cell `$auto$simplemap.cc:298:simplemap_mux$721' (011) in module `\top' with constant driver `$techmap$auto$alumacc.cc:512:replace_alu$22.$ternary$/home/sun/Desktop/oss-cad-suite/lib/../share/yosys/techmap.v:279$170_Y [17] = 1'1'.
Replacing $_XOR_ cell `$auto$simplemap.cc:106:simplemap_bitop$1179' (xor_buffer) in module `\top' with constant driver `$techmap$auto$alumacc.cc:512:replace_alu$22.fa.$xor$/home/sun/Desktop/oss-cad-suite/lib/../share/yosys/techmap.v:205$564_Y [17] = $auto$rtlil.cc:3504:NotGate$1316'.
Replacing $_XOR_ cell `$auto$simplemap.cc:106:simplemap_bitop$1101' (xor_buffer) in module `\top' with constant driver `$techmap$auto$alumacc.cc:512:replace_alu$22.fa.$xor$/home/sun/Desktop/oss-cad-suite/lib/../share/yosys/techmap.v:206$567_Y [17] = $auto$rtlil.cc:3504:NotGate$1316'.
Replacing $_NOT_ cell `$auto$simplemap.cc:46:simplemap_not$746' (1) in module `\top' with constant driver `$techmap$auto$alumacc.cc:512:replace_alu$22.$not$/home/sun/Desktop/oss-cad-suite/lib/../share/yosys/techmap.v:279$169_Y [16] = 1'0'.
Replacing $_MUX_ cell `$auto$simplemap.cc:298:simplemap_mux$720' (101) in module `\top' with constant driver `$techmap$auto$alumacc.cc:512:replace_alu$22.$ternary$/home/sun/Desktop/oss-cad-suite/lib/../share/yosys/techmap.v:279$170_Y [16] = 1'0'.
Replacing $_AND_ cell `$auto$simplemap.cc:106:simplemap_bitop$1152' (const_and) in module `\top' with constant driver `$techmap$auto$alumacc.cc:512:replace_alu$22.fa.$and$/home/sun/Desktop/oss-cad-suite/lib/../share/yosys/techmap.v:205$565_Y [16] = 1'0'.
Replacing $_XOR_ cell `$auto$simplemap.cc:106:simplemap_bitop$1178' (xor_buffer) in module `\top' with constant driver `$techmap$auto$alumacc.cc:512:replace_alu$22.fa.$xor$/home/sun/Desktop/oss-cad-suite/lib/../share/yosys/techmap.v:205$564_Y [16] = \count [22]'.
Replacing $_AND_ cell `$auto$simplemap.cc:106:simplemap_bitop$1126' (const_and) in module `\top' with constant driver `$techmap$auto$alumacc.cc:512:replace_alu$22.fa.$and$/home/sun/Desktop/oss-cad-suite/lib/../share/yosys/techmap.v:205$566_Y [16] = 1'0'.
Replacing $_OR_ cell `$auto$simplemap.cc:106:simplemap_bitop$1074' (00) in module `\top' with constant driver `$techmap$auto$alumacc.cc:512:replace_alu$22.fa.$or$/home/sun/Desktop/oss-cad-suite/lib/../share/yosys/techmap.v:206$568_Y [16] = 1'0'.
Replacing $_AND_ cell `$auto$simplemap.cc:106:simplemap_bitop$1270' (const_and) in module `\top' with constant driver `$techmap$auto$alumacc.cc:512:replace_alu$22.lcu.$and$/home/sun/Desktop/oss-cad-suite/lib/../share/yosys/techmap.v:240$596_Y = 1'0'.
Replacing $_AND_ cell `$auto$simplemap.cc:106:simplemap_bitop$1153' (and_or_buffer) in module `\top' with constant driver `$techmap$auto$alumacc.cc:512:replace_alu$22.fa.$and$/home/sun/Desktop/oss-cad-suite/lib/../share/yosys/techmap.v:205$565_Y [17] = \count [23]'.
Replacing $_AND_ cell `$auto$simplemap.cc:106:simplemap_bitop$1127' (const_and) in module `\top' with constant driver `$techmap$auto$alumacc.cc:512:replace_alu$22.fa.$and$/home/sun/Desktop/oss-cad-suite/lib/../share/yosys/techmap.v:205$566_Y [17] = 1'0'.
Replacing $_OR_ cell `$auto$simplemap.cc:106:simplemap_bitop$1075' (and_or_buffer) in module `\top' with constant driver `$techmap$auto$alumacc.cc:512:replace_alu$22.fa.$or$/home/sun/Desktop/oss-cad-suite/lib/../share/yosys/techmap.v:206$568_Y [17] = \count [23]'.
Replacing $_OR_ cell `$auto$simplemap.cc:106:simplemap_bitop$1269' (and_or_buffer) in module `\top' with constant driver `$techmap$auto$alumacc.cc:512:replace_alu$22.lcu.$or$/home/sun/Desktop/oss-cad-suite/lib/../share/yosys/techmap.v:240$597_Y = \count [23]'.
Replacing $_XOR_ cell `$auto$simplemap.cc:106:simplemap_bitop$1100' (xor_buffer) in module `\top' with constant driver `$techmap$auto$alumacc.cc:512:replace_alu$22.fa.$xor$/home/sun/Desktop/oss-cad-suite/lib/../share/yosys/techmap.v:206$567_Y [16] = \count [22]'.
Replacing $_NOT_ cell `$auto$simplemap.cc:46:simplemap_not$749' (0) in module `\top' with constant driver `$techmap$auto$alumacc.cc:512:replace_alu$22.$not$/home/sun/Desktop/oss-cad-suite/lib/../share/yosys/techmap.v:279$169_Y [19] = 1'1'.
Replacing $_MUX_ cell `$auto$simplemap.cc:298:simplemap_mux$723' (011) in module `\top' with constant driver `$techmap$auto$alumacc.cc:512:replace_alu$22.$ternary$/home/sun/Desktop/oss-cad-suite/lib/../share/yosys/techmap.v:279$170_Y [19] = 1'1'.
Replacing $_XOR_ cell `$auto$simplemap.cc:106:simplemap_bitop$1181' (xor_buffer) in module `\top' with constant driver `$techmap$auto$alumacc.cc:512:replace_alu$22.fa.$xor$/home/sun/Desktop/oss-cad-suite/lib/../share/yosys/techmap.v:205$564_Y [19] = $auto$rtlil.cc:3504:NotGate$1318'.
Replacing $_XOR_ cell `$auto$simplemap.cc:106:simplemap_bitop$1103' (xor_buffer) in module `\top' with constant driver `$techmap$auto$alumacc.cc:512:replace_alu$22.fa.$xor$/home/sun/Desktop/oss-cad-suite/lib/../share/yosys/techmap.v:206$567_Y [19] = $auto$rtlil.cc:3504:NotGate$1318'.
Replacing $_NOT_ cell `$auto$simplemap.cc:46:simplemap_not$748' (0) in module `\top' with constant driver `$techmap$auto$alumacc.cc:512:replace_alu$22.$not$/home/sun/Desktop/oss-cad-suite/lib/../share/yosys/techmap.v:279$169_Y [18] = 1'1'.
Replacing $_MUX_ cell `$auto$simplemap.cc:298:simplemap_mux$722' (011) in module `\top' with constant driver `$techmap$auto$alumacc.cc:512:replace_alu$22.$ternary$/home/sun/Desktop/oss-cad-suite/lib/../share/yosys/techmap.v:279$170_Y [18] = 1'1'.
Replacing $_AND_ cell `$auto$simplemap.cc:106:simplemap_bitop$1154' (and_or_buffer) in module `\top' with constant driver `$techmap$auto$alumacc.cc:512:replace_alu$22.fa.$and$/home/sun/Desktop/oss-cad-suite/lib/../share/yosys/techmap.v:205$565_Y [18] = \count [24]'.
Replacing $_XOR_ cell `$auto$simplemap.cc:106:simplemap_bitop$1180' (xor_buffer) in module `\top' with constant driver `$techmap$auto$alumacc.cc:512:replace_alu$22.fa.$xor$/home/sun/Desktop/oss-cad-suite/lib/../share/yosys/techmap.v:205$564_Y [18] = $auto$rtlil.cc:3504:NotGate$1320'.
Replacing $_AND_ cell `$auto$simplemap.cc:106:simplemap_bitop$1128' (const_and) in module `\top' with constant driver `$techmap$auto$alumacc.cc:512:replace_alu$22.fa.$and$/home/sun/Desktop/oss-cad-suite/lib/../share/yosys/techmap.v:205$566_Y [18] = 1'0'.
Replacing $_OR_ cell `$auto$simplemap.cc:106:simplemap_bitop$1076' (and_or_buffer) in module `\top' with constant driver `$techmap$auto$alumacc.cc:512:replace_alu$22.fa.$or$/home/sun/Desktop/oss-cad-suite/lib/../share/yosys/techmap.v:206$568_Y [18] = \count [24]'.
Replacing $_AND_ cell `$auto$simplemap.cc:106:simplemap_bitop$1155' (and_or_buffer) in module `\top' with constant driver `$techmap$auto$alumacc.cc:512:replace_alu$22.fa.$and$/home/sun/Desktop/oss-cad-suite/lib/../share/yosys/techmap.v:205$565_Y [19] = \count [25]'.
Replacing $_AND_ cell `$auto$simplemap.cc:106:simplemap_bitop$1129' (const_and) in module `\top' with constant driver `$techmap$auto$alumacc.cc:512:replace_alu$22.fa.$and$/home/sun/Desktop/oss-cad-suite/lib/../share/yosys/techmap.v:205$566_Y [19] = 1'0'.
Replacing $_OR_ cell `$auto$simplemap.cc:106:simplemap_bitop$1077' (and_or_buffer) in module `\top' with constant driver `$techmap$auto$alumacc.cc:512:replace_alu$22.fa.$or$/home/sun/Desktop/oss-cad-suite/lib/../share/yosys/techmap.v:206$568_Y [19] = \count [25]'.
Replacing $_XOR_ cell `$auto$simplemap.cc:106:simplemap_bitop$1102' (xor_buffer) in module `\top' with constant driver `$techmap$auto$alumacc.cc:512:replace_alu$22.fa.$xor$/home/sun/Desktop/oss-cad-suite/lib/../share/yosys/techmap.v:206$567_Y [18] = $auto$rtlil.cc:3504:NotGate$1320'.
Replacing $_NOT_ cell `$auto$simplemap.cc:46:simplemap_not$751' (0) in module `\top' with constant driver `$techmap$auto$alumacc.cc:512:replace_alu$22.$not$/home/sun/Desktop/oss-cad-suite/lib/../share/yosys/techmap.v:279$169_Y [21] = 1'1'.
Replacing $_MUX_ cell `$auto$simplemap.cc:298:simplemap_mux$725' (011) in module `\top' with constant driver `$techmap$auto$alumacc.cc:512:replace_alu$22.$ternary$/home/sun/Desktop/oss-cad-suite/lib/../share/yosys/techmap.v:279$170_Y [21] = 1'1'.
Replacing $_XOR_ cell `$auto$simplemap.cc:106:simplemap_bitop$1183' (xor_buffer) in module `\top' with constant driver `$techmap$auto$alumacc.cc:512:replace_alu$22.fa.$xor$/home/sun/Desktop/oss-cad-suite/lib/../share/yosys/techmap.v:205$564_Y [21] = $auto$rtlil.cc:3504:NotGate$1322'.
Replacing $_XOR_ cell `$auto$simplemap.cc:106:simplemap_bitop$1105' (xor_buffer) in module `\top' with constant driver `$techmap$auto$alumacc.cc:512:replace_alu$22.fa.$xor$/home/sun/Desktop/oss-cad-suite/lib/../share/yosys/techmap.v:206$567_Y [21] = $auto$rtlil.cc:3504:NotGate$1322'.
Replacing $_NOT_ cell `$auto$simplemap.cc:46:simplemap_not$750' (0) in module `\top' with constant driver `$techmap$auto$alumacc.cc:512:replace_alu$22.$not$/home/sun/Desktop/oss-cad-suite/lib/../share/yosys/techmap.v:279$169_Y [20] = 1'1'.
Replacing $_MUX_ cell `$auto$simplemap.cc:298:simplemap_mux$724' (011) in module `\top' with constant driver `$techmap$auto$alumacc.cc:512:replace_alu$22.$ternary$/home/sun/Desktop/oss-cad-suite/lib/../share/yosys/techmap.v:279$170_Y [20] = 1'1'.
Replacing $_AND_ cell `$auto$simplemap.cc:106:simplemap_bitop$1156' (and_or_buffer) in module `\top' with constant driver `$techmap$auto$alumacc.cc:512:replace_alu$22.fa.$and$/home/sun/Desktop/oss-cad-suite/lib/../share/yosys/techmap.v:205$565_Y [20] = \count [26]'.
Replacing $_XOR_ cell `$auto$simplemap.cc:106:simplemap_bitop$1182' (xor_buffer) in module `\top' with constant driver `$techmap$auto$alumacc.cc:512:replace_alu$22.fa.$xor$/home/sun/Desktop/oss-cad-suite/lib/../share/yosys/techmap.v:205$564_Y [20] = $auto$rtlil.cc:3504:NotGate$1324'.
Replacing $_AND_ cell `$auto$simplemap.cc:106:simplemap_bitop$1130' (const_and) in module `\top' with constant driver `$techmap$auto$alumacc.cc:512:replace_alu$22.fa.$and$/home/sun/Desktop/oss-cad-suite/lib/../share/yosys/techmap.v:205$566_Y [20] = 1'0'.
Replacing $_OR_ cell `$auto$simplemap.cc:106:simplemap_bitop$1078' (and_or_buffer) in module `\top' with constant driver `$techmap$auto$alumacc.cc:512:replace_alu$22.fa.$or$/home/sun/Desktop/oss-cad-suite/lib/../share/yosys/techmap.v:206$568_Y [20] = \count [26]'.
Replacing $_AND_ cell `$auto$simplemap.cc:106:simplemap_bitop$1157' (and_or_buffer) in module `\top' with constant driver `$techmap$auto$alumacc.cc:512:replace_alu$22.fa.$and$/home/sun/Desktop/oss-cad-suite/lib/../share/yosys/techmap.v:205$565_Y [21] = \count [27]'.
Replacing $_AND_ cell `$auto$simplemap.cc:106:simplemap_bitop$1131' (const_and) in module `\top' with constant driver `$techmap$auto$alumacc.cc:512:replace_alu$22.fa.$and$/home/sun/Desktop/oss-cad-suite/lib/../share/yosys/techmap.v:205$566_Y [21] = 1'0'.
Replacing $_OR_ cell `$auto$simplemap.cc:106:simplemap_bitop$1079' (and_or_buffer) in module `\top' with constant driver `$techmap$auto$alumacc.cc:512:replace_alu$22.fa.$or$/home/sun/Desktop/oss-cad-suite/lib/../share/yosys/techmap.v:206$568_Y [21] = \count [27]'.
Replacing $_XOR_ cell `$auto$simplemap.cc:106:simplemap_bitop$1104' (xor_buffer) in module `\top' with constant driver `$techmap$auto$alumacc.cc:512:replace_alu$22.fa.$xor$/home/sun/Desktop/oss-cad-suite/lib/../share/yosys/techmap.v:206$567_Y [20] = $auto$rtlil.cc:3504:NotGate$1324'.
Replacing $_NOT_ cell `$auto$simplemap.cc:46:simplemap_not$753' (0) in module `\top' with constant driver `$techmap$auto$alumacc.cc:512:replace_alu$22.$not$/home/sun/Desktop/oss-cad-suite/lib/../share/yosys/techmap.v:279$169_Y [23] = 1'1'.
Replacing $_MUX_ cell `$auto$simplemap.cc:298:simplemap_mux$727' (011) in module `\top' with constant driver `$techmap$auto$alumacc.cc:512:replace_alu$22.$ternary$/home/sun/Desktop/oss-cad-suite/lib/../share/yosys/techmap.v:279$170_Y [23] = 1'1'.
Replacing $_XOR_ cell `$auto$simplemap.cc:106:simplemap_bitop$1185' (xor_buffer) in module `\top' with constant driver `$techmap$auto$alumacc.cc:512:replace_alu$22.fa.$xor$/home/sun/Desktop/oss-cad-suite/lib/../share/yosys/techmap.v:205$564_Y [23] = $auto$rtlil.cc:3504:NotGate$1326'.
Replacing $_XOR_ cell `$auto$simplemap.cc:106:simplemap_bitop$1107' (xor_buffer) in module `\top' with constant driver `$techmap$auto$alumacc.cc:512:replace_alu$22.fa.$xor$/home/sun/Desktop/oss-cad-suite/lib/../share/yosys/techmap.v:206$567_Y [23] = $auto$rtlil.cc:3504:NotGate$1326'.
Replacing $_NOT_ cell `$auto$simplemap.cc:46:simplemap_not$752' (0) in module `\top' with constant driver `$techmap$auto$alumacc.cc:512:replace_alu$22.$not$/home/sun/Desktop/oss-cad-suite/lib/../share/yosys/techmap.v:279$169_Y [22] = 1'1'.
Replacing $_MUX_ cell `$auto$simplemap.cc:298:simplemap_mux$726' (011) in module `\top' with constant driver `$techmap$auto$alumacc.cc:512:replace_alu$22.$ternary$/home/sun/Desktop/oss-cad-suite/lib/../share/yosys/techmap.v:279$170_Y [22] = 1'1'.
Replacing $_AND_ cell `$auto$simplemap.cc:106:simplemap_bitop$1158' (and_or_buffer) in module `\top' with constant driver `$techmap$auto$alumacc.cc:512:replace_alu$22.fa.$and$/home/sun/Desktop/oss-cad-suite/lib/../share/yosys/techmap.v:205$565_Y [22] = \count [28]'.
Replacing $_XOR_ cell `$auto$simplemap.cc:106:simplemap_bitop$1184' (xor_buffer) in module `\top' with constant driver `$techmap$auto$alumacc.cc:512:replace_alu$22.fa.$xor$/home/sun/Desktop/oss-cad-suite/lib/../share/yosys/techmap.v:205$564_Y [22] = $auto$rtlil.cc:3504:NotGate$1328'.
Replacing $_AND_ cell `$auto$simplemap.cc:106:simplemap_bitop$1132' (const_and) in module `\top' with constant driver `$techmap$auto$alumacc.cc:512:replace_alu$22.fa.$and$/home/sun/Desktop/oss-cad-suite/lib/../share/yosys/techmap.v:205$566_Y [22] = 1'0'.
Replacing $_OR_ cell `$auto$simplemap.cc:106:simplemap_bitop$1080' (and_or_buffer) in module `\top' with constant driver `$techmap$auto$alumacc.cc:512:replace_alu$22.fa.$or$/home/sun/Desktop/oss-cad-suite/lib/../share/yosys/techmap.v:206$568_Y [22] = \count [28]'.
Replacing $_AND_ cell `$auto$simplemap.cc:106:simplemap_bitop$1159' (and_or_buffer) in module `\top' with constant driver `$techmap$auto$alumacc.cc:512:replace_alu$22.fa.$and$/home/sun/Desktop/oss-cad-suite/lib/../share/yosys/techmap.v:205$565_Y [23] = \count [29]'.
Replacing $_AND_ cell `$auto$simplemap.cc:106:simplemap_bitop$1133' (const_and) in module `\top' with constant driver `$techmap$auto$alumacc.cc:512:replace_alu$22.fa.$and$/home/sun/Desktop/oss-cad-suite/lib/../share/yosys/techmap.v:205$566_Y [23] = 1'0'.
Replacing $_OR_ cell `$auto$simplemap.cc:106:simplemap_bitop$1081' (and_or_buffer) in module `\top' with constant driver `$techmap$auto$alumacc.cc:512:replace_alu$22.fa.$or$/home/sun/Desktop/oss-cad-suite/lib/../share/yosys/techmap.v:206$568_Y [23] = \count [29]'.
Replacing $_XOR_ cell `$auto$simplemap.cc:106:simplemap_bitop$1106' (xor_buffer) in module `\top' with constant driver `$techmap$auto$alumacc.cc:512:replace_alu$22.fa.$xor$/home/sun/Desktop/oss-cad-suite/lib/../share/yosys/techmap.v:206$567_Y [22] = $auto$rtlil.cc:3504:NotGate$1328'.
Replacing $_NOT_ cell `$auto$simplemap.cc:46:simplemap_not$755' (0) in module `\top' with constant driver `$techmap$auto$alumacc.cc:512:replace_alu$22.$not$/home/sun/Desktop/oss-cad-suite/lib/../share/yosys/techmap.v:279$169_Y [25] = 1'1'.
Replacing $_MUX_ cell `$auto$simplemap.cc:298:simplemap_mux$729' (011) in module `\top' with constant driver `$techmap$auto$alumacc.cc:512:replace_alu$22.$ternary$/home/sun/Desktop/oss-cad-suite/lib/../share/yosys/techmap.v:279$170_Y [25] = 1'1'.
Replacing $_XOR_ cell `$auto$simplemap.cc:106:simplemap_bitop$1187' (xor_buffer) in module `\top' with constant driver `$techmap$auto$alumacc.cc:512:replace_alu$22.fa.$xor$/home/sun/Desktop/oss-cad-suite/lib/../share/yosys/techmap.v:205$564_Y [25] = $auto$rtlil.cc:3504:NotGate$1330'.
Replacing $_XOR_ cell `$auto$simplemap.cc:106:simplemap_bitop$1109' (xor_buffer) in module `\top' with constant driver `$techmap$auto$alumacc.cc:512:replace_alu$22.fa.$xor$/home/sun/Desktop/oss-cad-suite/lib/../share/yosys/techmap.v:206$567_Y [25] = $auto$rtlil.cc:3504:NotGate$1330'.
Replacing $_NOT_ cell `$auto$simplemap.cc:46:simplemap_not$754' (0) in module `\top' with constant driver `$techmap$auto$alumacc.cc:512:replace_alu$22.$not$/home/sun/Desktop/oss-cad-suite/lib/../share/yosys/techmap.v:279$169_Y [24] = 1'1'.
Replacing $_MUX_ cell `$auto$simplemap.cc:298:simplemap_mux$728' (011) in module `\top' with constant driver `$techmap$auto$alumacc.cc:512:replace_alu$22.$ternary$/home/sun/Desktop/oss-cad-suite/lib/../share/yosys/techmap.v:279$170_Y [24] = 1'1'.
Replacing $_AND_ cell `$auto$simplemap.cc:106:simplemap_bitop$1160' (and_or_buffer) in module `\top' with constant driver `$techmap$auto$alumacc.cc:512:replace_alu$22.fa.$and$/home/sun/Desktop/oss-cad-suite/lib/../share/yosys/techmap.v:205$565_Y [24] = \count [30]'.
Replacing $_XOR_ cell `$auto$simplemap.cc:106:simplemap_bitop$1186' (xor_buffer) in module `\top' with constant driver `$techmap$auto$alumacc.cc:512:replace_alu$22.fa.$xor$/home/sun/Desktop/oss-cad-suite/lib/../share/yosys/techmap.v:205$564_Y [24] = $auto$rtlil.cc:3504:NotGate$1332'.
Replacing $_AND_ cell `$auto$simplemap.cc:106:simplemap_bitop$1134' (const_and) in module `\top' with constant driver `$techmap$auto$alumacc.cc:512:replace_alu$22.fa.$and$/home/sun/Desktop/oss-cad-suite/lib/../share/yosys/techmap.v:205$566_Y [24] = 1'0'.
Replacing $_OR_ cell `$auto$simplemap.cc:106:simplemap_bitop$1082' (and_or_buffer) in module `\top' with constant driver `$techmap$auto$alumacc.cc:512:replace_alu$22.fa.$or$/home/sun/Desktop/oss-cad-suite/lib/../share/yosys/techmap.v:206$568_Y [24] = \count [30]'.
Replacing $_AND_ cell `$auto$simplemap.cc:106:simplemap_bitop$1161' (and_or_buffer) in module `\top' with constant driver `$techmap$auto$alumacc.cc:512:replace_alu$22.fa.$and$/home/sun/Desktop/oss-cad-suite/lib/../share/yosys/techmap.v:205$565_Y [25] = \count [31]'.
Replacing $_AND_ cell `$auto$simplemap.cc:106:simplemap_bitop$1135' (const_and) in module `\top' with constant driver `$techmap$auto$alumacc.cc:512:replace_alu$22.fa.$and$/home/sun/Desktop/oss-cad-suite/lib/../share/yosys/techmap.v:205$566_Y [25] = 1'0'.
Replacing $_OR_ cell `$auto$simplemap.cc:106:simplemap_bitop$1083' (and_or_buffer) in module `\top' with constant driver `$techmap$auto$alumacc.cc:512:replace_alu$22.fa.$or$/home/sun/Desktop/oss-cad-suite/lib/../share/yosys/techmap.v:206$568_Y [25] = \count [31]'.
Replacing $_XOR_ cell `$auto$simplemap.cc:106:simplemap_bitop$1108' (xor_buffer) in module `\top' with constant driver `$techmap$auto$alumacc.cc:512:replace_alu$22.fa.$xor$/home/sun/Desktop/oss-cad-suite/lib/../share/yosys/techmap.v:206$567_Y [24] = $auto$rtlil.cc:3504:NotGate$1332'.
Replacing $_AND_ cell `$auto$simplemap.cc:106:simplemap_bitop$1246' (const_and) in module `\top' with constant driver `$techmap$auto$alumacc.cc:512:replace_alu$22.lcu.$and$/home/sun/Desktop/oss-cad-suite/lib/../share/yosys/techmap.v:240$620_Y = 1'0'.
Replacing $_OR_ cell `$auto$simplemap.cc:106:simplemap_bitop$1245' (and_or_buffer) in module `\top' with constant driver `$techmap$auto$alumacc.cc:512:replace_alu$22.lcu.$or$/home/sun/Desktop/oss-cad-suite/lib/../share/yosys/techmap.v:240$621_Y = $techmap$auto$alumacc.cc:512:replace_alu$22.lcu.$or$/home/sun/Desktop/oss-cad-suite/lib/../share/yosys/techmap.v:240$594_Y'.
Replacing $_OR_ cell `$auto$simplemap.cc:106:simplemap_bitop$1197' (and_or_buffer) in module `\top' with constant driver `$auto$alumacc.cc:529:replace_alu$24 [8] = $techmap$auto$alumacc.cc:512:replace_alu$22.lcu.$and$/home/sun/Desktop/oss-cad-suite/lib/../share/yosys/techmap.v:248$668_Y'.
Replacing $_OR_ cell `$auto$simplemap.cc:106:simplemap_bitop$1196' (and_or_buffer) in module `\top' with constant driver `$auto$alumacc.cc:529:replace_alu$24 [22] = $techmap$auto$alumacc.cc:512:replace_alu$22.lcu.$and$/home/sun/Desktop/oss-cad-suite/lib/../share/yosys/techmap.v:248$689_Y'.
Replacing $_OR_ cell `$auto$simplemap.cc:106:simplemap_bitop$1190' (and_or_buffer) in module `\top' with constant driver `$auto$alumacc.cc:529:replace_alu$24 [18] = $techmap$auto$alumacc.cc:512:replace_alu$22.lcu.$and$/home/sun/Desktop/oss-cad-suite/lib/../share/yosys/techmap.v:248$683_Y'.
Replacing $_OR_ cell `$auto$simplemap.cc:106:simplemap_bitop$1188' (and_or_buffer) in module `\top' with constant driver `$auto$alumacc.cc:529:replace_alu$24 [14] = $techmap$auto$alumacc.cc:512:replace_alu$22.lcu.$and$/home/sun/Desktop/oss-cad-suite/lib/../share/yosys/techmap.v:248$677_Y'.
Replacing $_MUX_ cell `$auto$simplemap.cc:298:simplemap_mux$473' (??0) in module `\top' with constant driver `$techmap$auto$alumacc.cc:512:replace_alu$35.$ternary$/home/sun/Desktop/oss-cad-suite/lib/../share/yosys/techmap.v:279$128_Y [0] = \count [0]'.
Replacing $_XOR_ cell `$auto$simplemap.cc:106:simplemap_bitop$884' (xor_buffer) in module `\top' with constant driver `$techmap$auto$alumacc.cc:512:replace_alu$35.fa.$xor$/home/sun/Desktop/oss-cad-suite/lib/../share/yosys/techmap.v:205$294_Y [0] = $auto$rtlil.cc:3504:NotGate$1334'.
Replacing $_XOR_ cell `$auto$simplemap.cc:106:simplemap_bitop$788' (xor_buffer) in module `\top' with constant driver `$techmap$auto$alumacc.cc:512:replace_alu$35.fa.$xor$/home/sun/Desktop/oss-cad-suite/lib/../share/yosys/techmap.v:206$297_Y [0] = $auto$rtlil.cc:3504:NotGate$1334'.
Replacing $_AND_ cell `$auto$simplemap.cc:106:simplemap_bitop$1057' (const_and) in module `\top' with constant driver `$techmap$auto$alumacc.cc:512:replace_alu$35.lcu.$and$/home/sun/Desktop/oss-cad-suite/lib/../share/yosys/techmap.v:231$300_Y = 1'0'.
Replacing $_AND_ cell `$auto$simplemap.cc:106:simplemap_bitop$852' (and_or_buffer) in module `\top' with constant driver `$techmap$auto$alumacc.cc:512:replace_alu$35.fa.$and$/home/sun/Desktop/oss-cad-suite/lib/../share/yosys/techmap.v:205$295_Y [0] = \count [0]'.
Replacing $_AND_ cell `$auto$simplemap.cc:106:simplemap_bitop$820' (const_and) in module `\top' with constant driver `$techmap$auto$alumacc.cc:512:replace_alu$35.fa.$and$/home/sun/Desktop/oss-cad-suite/lib/../share/yosys/techmap.v:205$296_Y [0] = 1'0'.
Replacing $_OR_ cell `$auto$simplemap.cc:106:simplemap_bitop$756' (and_or_buffer) in module `\top' with constant driver `$techmap$auto$alumacc.cc:512:replace_alu$35.fa.$or$/home/sun/Desktop/oss-cad-suite/lib/../share/yosys/techmap.v:206$298_Y [0] = \count [0]'.
Replacing $_OR_ cell `$auto$simplemap.cc:106:simplemap_bitop$1056' (and_or_buffer) in module `\top' with constant driver `$auto$alumacc.cc:529:replace_alu$37 [0] = \count [0]'.
Replacing $_MUX_ cell `$auto$simplemap.cc:298:simplemap_mux$474' (??0) in module `\top' with constant driver `$techmap$auto$alumacc.cc:512:replace_alu$35.$ternary$/home/sun/Desktop/oss-cad-suite/lib/../share/yosys/techmap.v:279$128_Y [1] = \count [1]'.
Replacing $_XOR_ cell `$auto$simplemap.cc:106:simplemap_bitop$885' (xor_buffer) in module `\top' with constant driver `$techmap$auto$alumacc.cc:512:replace_alu$35.fa.$xor$/home/sun/Desktop/oss-cad-suite/lib/../share/yosys/techmap.v:205$294_Y [1] = \count [1]'.
Replacing $_XOR_ cell `$auto$simplemap.cc:106:simplemap_bitop$789' (xor_buffer) in module `\top' with constant driver `$techmap$auto$alumacc.cc:512:replace_alu$35.fa.$xor$/home/sun/Desktop/oss-cad-suite/lib/../share/yosys/techmap.v:206$297_Y [1] = \count [1]'.
Replacing $_AND_ cell `$auto$simplemap.cc:106:simplemap_bitop$853' (const_and) in module `\top' with constant driver `$techmap$auto$alumacc.cc:512:replace_alu$35.fa.$and$/home/sun/Desktop/oss-cad-suite/lib/../share/yosys/techmap.v:205$295_Y [1] = 1'0'.
Replacing $_AND_ cell `$auto$simplemap.cc:106:simplemap_bitop$821' (const_and) in module `\top' with constant driver `$techmap$auto$alumacc.cc:512:replace_alu$35.fa.$and$/home/sun/Desktop/oss-cad-suite/lib/../share/yosys/techmap.v:205$296_Y [1] = 1'0'.
Replacing $_OR_ cell `$auto$simplemap.cc:106:simplemap_bitop$757' (00) in module `\top' with constant driver `$techmap$auto$alumacc.cc:512:replace_alu$35.fa.$or$/home/sun/Desktop/oss-cad-suite/lib/../share/yosys/techmap.v:206$298_Y [1] = 1'0'.
Replacing $_OR_ cell `$auto$simplemap.cc:106:simplemap_bitop$1054' (and_or_buffer) in module `\top' with constant driver `$auto$alumacc.cc:529:replace_alu$37 [1] = $techmap$auto$alumacc.cc:512:replace_alu$35.lcu.$and$/home/sun/Desktop/oss-cad-suite/lib/../share/yosys/techmap.v:240$302_Y'.
Replacing $_MUX_ cell `$auto$simplemap.cc:298:simplemap_mux$490' (??0) in module `\top' with constant driver `$techmap$auto$alumacc.cc:512:replace_alu$35.$ternary$/home/sun/Desktop/oss-cad-suite/lib/../share/yosys/techmap.v:279$128_Y [17] = \count [17]'.
Replacing $_XOR_ cell `$auto$simplemap.cc:106:simplemap_bitop$901' (xor_buffer) in module `\top' with constant driver `$techmap$auto$alumacc.cc:512:replace_alu$35.fa.$xor$/home/sun/Desktop/oss-cad-suite/lib/../share/yosys/techmap.v:205$294_Y [17] = \count [17]'.
Replacing $_XOR_ cell `$auto$simplemap.cc:106:simplemap_bitop$805' (xor_buffer) in module `\top' with constant driver `$techmap$auto$alumacc.cc:512:replace_alu$35.fa.$xor$/home/sun/Desktop/oss-cad-suite/lib/../share/yosys/techmap.v:206$297_Y [17] = \count [17]'.
Replacing $_MUX_ cell `$auto$simplemap.cc:298:simplemap_mux$489' (??0) in module `\top' with constant driver `$techmap$auto$alumacc.cc:512:replace_alu$35.$ternary$/home/sun/Desktop/oss-cad-suite/lib/../share/yosys/techmap.v:279$128_Y [16] = \count [16]'.
Replacing $_AND_ cell `$auto$simplemap.cc:106:simplemap_bitop$868' (const_and) in module `\top' with constant driver `$techmap$auto$alumacc.cc:512:replace_alu$35.fa.$and$/home/sun/Desktop/oss-cad-suite/lib/../share/yosys/techmap.v:205$295_Y [16] = 1'0'.
Replacing $_XOR_ cell `$auto$simplemap.cc:106:simplemap_bitop$900' (xor_buffer) in module `\top' with constant driver `$techmap$auto$alumacc.cc:512:replace_alu$35.fa.$xor$/home/sun/Desktop/oss-cad-suite/lib/../share/yosys/techmap.v:205$294_Y [16] = \count [16]'.
Replacing $_AND_ cell `$auto$simplemap.cc:106:simplemap_bitop$836' (const_and) in module `\top' with constant driver `$techmap$auto$alumacc.cc:512:replace_alu$35.fa.$and$/home/sun/Desktop/oss-cad-suite/lib/../share/yosys/techmap.v:205$296_Y [16] = 1'0'.
Replacing $_OR_ cell `$auto$simplemap.cc:106:simplemap_bitop$772' (00) in module `\top' with constant driver `$techmap$auto$alumacc.cc:512:replace_alu$35.fa.$or$/home/sun/Desktop/oss-cad-suite/lib/../share/yosys/techmap.v:206$298_Y [16] = 1'0'.
Replacing $_AND_ cell `$auto$simplemap.cc:106:simplemap_bitop$1031' (const_and) in module `\top' with constant driver `$techmap$auto$alumacc.cc:512:replace_alu$35.lcu.$and$/home/sun/Desktop/oss-cad-suite/lib/../share/yosys/techmap.v:240$326_Y = 1'0'.
Replacing $_AND_ cell `$auto$simplemap.cc:106:simplemap_bitop$869' (const_and) in module `\top' with constant driver `$techmap$auto$alumacc.cc:512:replace_alu$35.fa.$and$/home/sun/Desktop/oss-cad-suite/lib/../share/yosys/techmap.v:205$295_Y [17] = 1'0'.
Replacing $_AND_ cell `$auto$simplemap.cc:106:simplemap_bitop$837' (const_and) in module `\top' with constant driver `$techmap$auto$alumacc.cc:512:replace_alu$35.fa.$and$/home/sun/Desktop/oss-cad-suite/lib/../share/yosys/techmap.v:205$296_Y [17] = 1'0'.
Replacing $_OR_ cell `$auto$simplemap.cc:106:simplemap_bitop$773' (00) in module `\top' with constant driver `$techmap$auto$alumacc.cc:512:replace_alu$35.fa.$or$/home/sun/Desktop/oss-cad-suite/lib/../share/yosys/techmap.v:206$298_Y [17] = 1'0'.
Replacing $_OR_ cell `$auto$simplemap.cc:106:simplemap_bitop$1030' (00) in module `\top' with constant driver `$techmap$auto$alumacc.cc:512:replace_alu$35.lcu.$or$/home/sun/Desktop/oss-cad-suite/lib/../share/yosys/techmap.v:240$327_Y = 1'0'.
Replacing $_XOR_ cell `$auto$simplemap.cc:106:simplemap_bitop$804' (xor_buffer) in module `\top' with constant driver `$techmap$auto$alumacc.cc:512:replace_alu$35.fa.$xor$/home/sun/Desktop/oss-cad-suite/lib/../share/yosys/techmap.v:206$297_Y [16] = \count [16]'.
Replacing $_MUX_ cell `$auto$simplemap.cc:298:simplemap_mux$488' (??0) in module `\top' with constant driver `$techmap$auto$alumacc.cc:512:replace_alu$35.$ternary$/home/sun/Desktop/oss-cad-suite/lib/../share/yosys/techmap.v:279$128_Y [15] = \count [15]'.
Replacing $_XOR_ cell `$auto$simplemap.cc:106:simplemap_bitop$899' (xor_buffer) in module `\top' with constant driver `$techmap$auto$alumacc.cc:512:replace_alu$35.fa.$xor$/home/sun/Desktop/oss-cad-suite/lib/../share/yosys/techmap.v:205$294_Y [15] = \count [15]'.
Replacing $_XOR_ cell `$auto$simplemap.cc:106:simplemap_bitop$803' (xor_buffer) in module `\top' with constant driver `$techmap$auto$alumacc.cc:512:replace_alu$35.fa.$xor$/home/sun/Desktop/oss-cad-suite/lib/../share/yosys/techmap.v:206$297_Y [15] = \count [15]'.
Replacing $_MUX_ cell `$auto$simplemap.cc:298:simplemap_mux$487' (??0) in module `\top' with constant driver `$techmap$auto$alumacc.cc:512:replace_alu$35.$ternary$/home/sun/Desktop/oss-cad-suite/lib/../share/yosys/techmap.v:279$128_Y [14] = \count [14]'.
Replacing $_AND_ cell `$auto$simplemap.cc:106:simplemap_bitop$866' (const_and) in module `\top' with constant driver `$techmap$auto$alumacc.cc:512:replace_alu$35.fa.$and$/home/sun/Desktop/oss-cad-suite/lib/../share/yosys/techmap.v:205$295_Y [14] = 1'0'.
Replacing $_XOR_ cell `$auto$simplemap.cc:106:simplemap_bitop$898' (xor_buffer) in module `\top' with constant driver `$techmap$auto$alumacc.cc:512:replace_alu$35.fa.$xor$/home/sun/Desktop/oss-cad-suite/lib/../share/yosys/techmap.v:205$294_Y [14] = \count [14]'.
Replacing $_AND_ cell `$auto$simplemap.cc:106:simplemap_bitop$834' (const_and) in module `\top' with constant driver `$techmap$auto$alumacc.cc:512:replace_alu$35.fa.$and$/home/sun/Desktop/oss-cad-suite/lib/../share/yosys/techmap.v:205$296_Y [14] = 1'0'.
Replacing $_OR_ cell `$auto$simplemap.cc:106:simplemap_bitop$770' (00) in module `\top' with constant driver `$techmap$auto$alumacc.cc:512:replace_alu$35.fa.$or$/home/sun/Desktop/oss-cad-suite/lib/../share/yosys/techmap.v:206$298_Y [14] = 1'0'.
Replacing $_AND_ cell `$auto$simplemap.cc:106:simplemap_bitop$1034' (const_and) in module `\top' with constant driver `$techmap$auto$alumacc.cc:512:replace_alu$35.lcu.$and$/home/sun/Desktop/oss-cad-suite/lib/../share/yosys/techmap.v:240$323_Y = 1'0'.
Replacing $_AND_ cell `$auto$simplemap.cc:106:simplemap_bitop$867' (const_and) in module `\top' with constant driver `$techmap$auto$alumacc.cc:512:replace_alu$35.fa.$and$/home/sun/Desktop/oss-cad-suite/lib/../share/yosys/techmap.v:205$295_Y [15] = 1'0'.
Replacing $_AND_ cell `$auto$simplemap.cc:106:simplemap_bitop$835' (const_and) in module `\top' with constant driver `$techmap$auto$alumacc.cc:512:replace_alu$35.fa.$and$/home/sun/Desktop/oss-cad-suite/lib/../share/yosys/techmap.v:205$296_Y [15] = 1'0'.
Replacing $_OR_ cell `$auto$simplemap.cc:106:simplemap_bitop$771' (00) in module `\top' with constant driver `$techmap$auto$alumacc.cc:512:replace_alu$35.fa.$or$/home/sun/Desktop/oss-cad-suite/lib/../share/yosys/techmap.v:206$298_Y [15] = 1'0'.
Replacing $_OR_ cell `$auto$simplemap.cc:106:simplemap_bitop$1033' (00) in module `\top' with constant driver `$techmap$auto$alumacc.cc:512:replace_alu$35.lcu.$or$/home/sun/Desktop/oss-cad-suite/lib/../share/yosys/techmap.v:240$324_Y = 1'0'.
Replacing $_MUX_ cell `$auto$simplemap.cc:298:simplemap_mux$486' (??0) in module `\top' with constant driver `$techmap$auto$alumacc.cc:512:replace_alu$35.$ternary$/home/sun/Desktop/oss-cad-suite/lib/../share/yosys/techmap.v:279$128_Y [13] = \count [13]'.
Replacing $_XOR_ cell `$auto$simplemap.cc:106:simplemap_bitop$897' (xor_buffer) in module `\top' with constant driver `$techmap$auto$alumacc.cc:512:replace_alu$35.fa.$xor$/home/sun/Desktop/oss-cad-suite/lib/../share/yosys/techmap.v:205$294_Y [13] = \count [13]'.
Replacing $_XOR_ cell `$auto$simplemap.cc:106:simplemap_bitop$801' (xor_buffer) in module `\top' with constant driver `$techmap$auto$alumacc.cc:512:replace_alu$35.fa.$xor$/home/sun/Desktop/oss-cad-suite/lib/../share/yosys/techmap.v:206$297_Y [13] = \count [13]'.
Replacing $_MUX_ cell `$auto$simplemap.cc:298:simplemap_mux$485' (??0) in module `\top' with constant driver `$techmap$auto$alumacc.cc:512:replace_alu$35.$ternary$/home/sun/Desktop/oss-cad-suite/lib/../share/yosys/techmap.v:279$128_Y [12] = \count [12]'.
Replacing $_AND_ cell `$auto$simplemap.cc:106:simplemap_bitop$864' (const_and) in module `\top' with constant driver `$techmap$auto$alumacc.cc:512:replace_alu$35.fa.$and$/home/sun/Desktop/oss-cad-suite/lib/../share/yosys/techmap.v:205$295_Y [12] = 1'0'.
Replacing $_XOR_ cell `$auto$simplemap.cc:106:simplemap_bitop$896' (xor_buffer) in module `\top' with constant driver `$techmap$auto$alumacc.cc:512:replace_alu$35.fa.$xor$/home/sun/Desktop/oss-cad-suite/lib/../share/yosys/techmap.v:205$294_Y [12] = \count [12]'.
Replacing $_AND_ cell `$auto$simplemap.cc:106:simplemap_bitop$832' (const_and) in module `\top' with constant driver `$techmap$auto$alumacc.cc:512:replace_alu$35.fa.$and$/home/sun/Desktop/oss-cad-suite/lib/../share/yosys/techmap.v:205$296_Y [12] = 1'0'.
Replacing $_OR_ cell `$auto$simplemap.cc:106:simplemap_bitop$768' (00) in module `\top' with constant driver `$techmap$auto$alumacc.cc:512:replace_alu$35.fa.$or$/home/sun/Desktop/oss-cad-suite/lib/../share/yosys/techmap.v:206$298_Y [12] = 1'0'.
Replacing $_AND_ cell `$auto$simplemap.cc:106:simplemap_bitop$1037' (const_and) in module `\top' with constant driver `$techmap$auto$alumacc.cc:512:replace_alu$35.lcu.$and$/home/sun/Desktop/oss-cad-suite/lib/../share/yosys/techmap.v:240$320_Y = 1'0'.
Replacing $_AND_ cell `$auto$simplemap.cc:106:simplemap_bitop$865' (const_and) in module `\top' with constant driver `$techmap$auto$alumacc.cc:512:replace_alu$35.fa.$and$/home/sun/Desktop/oss-cad-suite/lib/../share/yosys/techmap.v:205$295_Y [13] = 1'0'.
Replacing $_AND_ cell `$auto$simplemap.cc:106:simplemap_bitop$833' (const_and) in module `\top' with constant driver `$techmap$auto$alumacc.cc:512:replace_alu$35.fa.$and$/home/sun/Desktop/oss-cad-suite/lib/../share/yosys/techmap.v:205$296_Y [13] = 1'0'.
Replacing $_OR_ cell `$auto$simplemap.cc:106:simplemap_bitop$769' (00) in module `\top' with constant driver `$techmap$auto$alumacc.cc:512:replace_alu$35.fa.$or$/home/sun/Desktop/oss-cad-suite/lib/../share/yosys/techmap.v:206$298_Y [13] = 1'0'.
Replacing $_OR_ cell `$auto$simplemap.cc:106:simplemap_bitop$1036' (00) in module `\top' with constant driver `$techmap$auto$alumacc.cc:512:replace_alu$35.lcu.$or$/home/sun/Desktop/oss-cad-suite/lib/../share/yosys/techmap.v:240$321_Y = 1'0'.
Replacing $_XOR_ cell `$auto$simplemap.cc:106:simplemap_bitop$802' (xor_buffer) in module `\top' with constant driver `$techmap$auto$alumacc.cc:512:replace_alu$35.fa.$xor$/home/sun/Desktop/oss-cad-suite/lib/../share/yosys/techmap.v:206$297_Y [14] = \count [14]'.
Replacing $_AND_ cell `$auto$simplemap.cc:106:simplemap_bitop$998' (const_and) in module `\top' with constant driver `$techmap$auto$alumacc.cc:512:replace_alu$35.lcu.$and$/home/sun/Desktop/oss-cad-suite/lib/../share/yosys/techmap.v:240$359_Y = 1'0'.
Replacing $_OR_ cell `$auto$simplemap.cc:106:simplemap_bitop$997' (00) in module `\top' with constant driver `$techmap$auto$alumacc.cc:512:replace_alu$35.lcu.$or$/home/sun/Desktop/oss-cad-suite/lib/../share/yosys/techmap.v:240$360_Y = 1'0'.
Replacing $_MUX_ cell `$auto$simplemap.cc:298:simplemap_mux$484' (??0) in module `\top' with constant driver `$techmap$auto$alumacc.cc:512:replace_alu$35.$ternary$/home/sun/Desktop/oss-cad-suite/lib/../share/yosys/techmap.v:279$128_Y [11] = \count [11]'.
Replacing $_XOR_ cell `$auto$simplemap.cc:106:simplemap_bitop$895' (xor_buffer) in module `\top' with constant driver `$techmap$auto$alumacc.cc:512:replace_alu$35.fa.$xor$/home/sun/Desktop/oss-cad-suite/lib/../share/yosys/techmap.v:205$294_Y [11] = \count [11]'.
Replacing $_XOR_ cell `$auto$simplemap.cc:106:simplemap_bitop$799' (xor_buffer) in module `\top' with constant driver `$techmap$auto$alumacc.cc:512:replace_alu$35.fa.$xor$/home/sun/Desktop/oss-cad-suite/lib/../share/yosys/techmap.v:206$297_Y [11] = \count [11]'.
Replacing $_MUX_ cell `$auto$simplemap.cc:298:simplemap_mux$483' (??0) in module `\top' with constant driver `$techmap$auto$alumacc.cc:512:replace_alu$35.$ternary$/home/sun/Desktop/oss-cad-suite/lib/../share/yosys/techmap.v:279$128_Y [10] = \count [10]'.
Replacing $_AND_ cell `$auto$simplemap.cc:106:simplemap_bitop$862' (const_and) in module `\top' with constant driver `$techmap$auto$alumacc.cc:512:replace_alu$35.fa.$and$/home/sun/Desktop/oss-cad-suite/lib/../share/yosys/techmap.v:205$295_Y [10] = 1'0'.
Replacing $_XOR_ cell `$auto$simplemap.cc:106:simplemap_bitop$894' (xor_buffer) in module `\top' with constant driver `$techmap$auto$alumacc.cc:512:replace_alu$35.fa.$xor$/home/sun/Desktop/oss-cad-suite/lib/../share/yosys/techmap.v:205$294_Y [10] = \count [10]'.
Replacing $_AND_ cell `$auto$simplemap.cc:106:simplemap_bitop$830' (const_and) in module `\top' with constant driver `$techmap$auto$alumacc.cc:512:replace_alu$35.fa.$and$/home/sun/Desktop/oss-cad-suite/lib/../share/yosys/techmap.v:205$296_Y [10] = 1'0'.
Replacing $_OR_ cell `$auto$simplemap.cc:106:simplemap_bitop$766' (00) in module `\top' with constant driver `$techmap$auto$alumacc.cc:512:replace_alu$35.fa.$or$/home/sun/Desktop/oss-cad-suite/lib/../share/yosys/techmap.v:206$298_Y [10] = 1'0'.
Replacing $_AND_ cell `$auto$simplemap.cc:106:simplemap_bitop$1040' (const_and) in module `\top' with constant driver `$techmap$auto$alumacc.cc:512:replace_alu$35.lcu.$and$/home/sun/Desktop/oss-cad-suite/lib/../share/yosys/techmap.v:240$317_Y = 1'0'.
Replacing $_AND_ cell `$auto$simplemap.cc:106:simplemap_bitop$863' (const_and) in module `\top' with constant driver `$techmap$auto$alumacc.cc:512:replace_alu$35.fa.$and$/home/sun/Desktop/oss-cad-suite/lib/../share/yosys/techmap.v:205$295_Y [11] = 1'0'.
Replacing $_AND_ cell `$auto$simplemap.cc:106:simplemap_bitop$831' (const_and) in module `\top' with constant driver `$techmap$auto$alumacc.cc:512:replace_alu$35.fa.$and$/home/sun/Desktop/oss-cad-suite/lib/../share/yosys/techmap.v:205$296_Y [11] = 1'0'.
Replacing $_OR_ cell `$auto$simplemap.cc:106:simplemap_bitop$767' (00) in module `\top' with constant driver `$techmap$auto$alumacc.cc:512:replace_alu$35.fa.$or$/home/sun/Desktop/oss-cad-suite/lib/../share/yosys/techmap.v:206$298_Y [11] = 1'0'.
Replacing $_OR_ cell `$auto$simplemap.cc:106:simplemap_bitop$1039' (00) in module `\top' with constant driver `$techmap$auto$alumacc.cc:512:replace_alu$35.lcu.$or$/home/sun/Desktop/oss-cad-suite/lib/../share/yosys/techmap.v:240$318_Y = 1'0'.
Replacing $_MUX_ cell `$auto$simplemap.cc:298:simplemap_mux$482' (??0) in module `\top' with constant driver `$techmap$auto$alumacc.cc:512:replace_alu$35.$ternary$/home/sun/Desktop/oss-cad-suite/lib/../share/yosys/techmap.v:279$128_Y [9] = \count [9]'.
Replacing $_XOR_ cell `$auto$simplemap.cc:106:simplemap_bitop$893' (xor_buffer) in module `\top' with constant driver `$techmap$auto$alumacc.cc:512:replace_alu$35.fa.$xor$/home/sun/Desktop/oss-cad-suite/lib/../share/yosys/techmap.v:205$294_Y [9] = \count [9]'.
Replacing $_XOR_ cell `$auto$simplemap.cc:106:simplemap_bitop$797' (xor_buffer) in module `\top' with constant driver `$techmap$auto$alumacc.cc:512:replace_alu$35.fa.$xor$/home/sun/Desktop/oss-cad-suite/lib/../share/yosys/techmap.v:206$297_Y [9] = \count [9]'.
Replacing $_MUX_ cell `$auto$simplemap.cc:298:simplemap_mux$481' (??0) in module `\top' with constant driver `$techmap$auto$alumacc.cc:512:replace_alu$35.$ternary$/home/sun/Desktop/oss-cad-suite/lib/../share/yosys/techmap.v:279$128_Y [8] = \count [8]'.
Replacing $_AND_ cell `$auto$simplemap.cc:106:simplemap_bitop$860' (const_and) in module `\top' with constant driver `$techmap$auto$alumacc.cc:512:replace_alu$35.fa.$and$/home/sun/Desktop/oss-cad-suite/lib/../share/yosys/techmap.v:205$295_Y [8] = 1'0'.
Replacing $_XOR_ cell `$auto$simplemap.cc:106:simplemap_bitop$892' (xor_buffer) in module `\top' with constant driver `$techmap$auto$alumacc.cc:512:replace_alu$35.fa.$xor$/home/sun/Desktop/oss-cad-suite/lib/../share/yosys/techmap.v:205$294_Y [8] = \count [8]'.
Replacing $_AND_ cell `$auto$simplemap.cc:106:simplemap_bitop$828' (const_and) in module `\top' with constant driver `$techmap$auto$alumacc.cc:512:replace_alu$35.fa.$and$/home/sun/Desktop/oss-cad-suite/lib/../share/yosys/techmap.v:205$296_Y [8] = 1'0'.
Replacing $_OR_ cell `$auto$simplemap.cc:106:simplemap_bitop$764' (00) in module `\top' with constant driver `$techmap$auto$alumacc.cc:512:replace_alu$35.fa.$or$/home/sun/Desktop/oss-cad-suite/lib/../share/yosys/techmap.v:206$298_Y [8] = 1'0'.
Replacing $_AND_ cell `$auto$simplemap.cc:106:simplemap_bitop$1043' (const_and) in module `\top' with constant driver `$techmap$auto$alumacc.cc:512:replace_alu$35.lcu.$and$/home/sun/Desktop/oss-cad-suite/lib/../share/yosys/techmap.v:240$314_Y = 1'0'.
Replacing $_AND_ cell `$auto$simplemap.cc:106:simplemap_bitop$861' (const_and) in module `\top' with constant driver `$techmap$auto$alumacc.cc:512:replace_alu$35.fa.$and$/home/sun/Desktop/oss-cad-suite/lib/../share/yosys/techmap.v:205$295_Y [9] = 1'0'.
Replacing $_AND_ cell `$auto$simplemap.cc:106:simplemap_bitop$829' (const_and) in module `\top' with constant driver `$techmap$auto$alumacc.cc:512:replace_alu$35.fa.$and$/home/sun/Desktop/oss-cad-suite/lib/../share/yosys/techmap.v:205$296_Y [9] = 1'0'.
Replacing $_OR_ cell `$auto$simplemap.cc:106:simplemap_bitop$765' (00) in module `\top' with constant driver `$techmap$auto$alumacc.cc:512:replace_alu$35.fa.$or$/home/sun/Desktop/oss-cad-suite/lib/../share/yosys/techmap.v:206$298_Y [9] = 1'0'.
Replacing $_OR_ cell `$auto$simplemap.cc:106:simplemap_bitop$1042' (00) in module `\top' with constant driver `$techmap$auto$alumacc.cc:512:replace_alu$35.lcu.$or$/home/sun/Desktop/oss-cad-suite/lib/../share/yosys/techmap.v:240$315_Y = 1'0'.
Replacing $_XOR_ cell `$auto$simplemap.cc:106:simplemap_bitop$798' (xor_buffer) in module `\top' with constant driver `$techmap$auto$alumacc.cc:512:replace_alu$35.fa.$xor$/home/sun/Desktop/oss-cad-suite/lib/../share/yosys/techmap.v:206$297_Y [10] = \count [10]'.
Replacing $_AND_ cell `$auto$simplemap.cc:106:simplemap_bitop$1001' (const_and) in module `\top' with constant driver `$techmap$auto$alumacc.cc:512:replace_alu$35.lcu.$and$/home/sun/Desktop/oss-cad-suite/lib/../share/yosys/techmap.v:240$356_Y = 1'0'.
Replacing $_OR_ cell `$auto$simplemap.cc:106:simplemap_bitop$1000' (00) in module `\top' with constant driver `$techmap$auto$alumacc.cc:512:replace_alu$35.lcu.$or$/home/sun/Desktop/oss-cad-suite/lib/../share/yosys/techmap.v:240$357_Y = 1'0'.
Replacing $_XOR_ cell `$auto$simplemap.cc:106:simplemap_bitop$800' (xor_buffer) in module `\top' with constant driver `$techmap$auto$alumacc.cc:512:replace_alu$35.fa.$xor$/home/sun/Desktop/oss-cad-suite/lib/../share/yosys/techmap.v:206$297_Y [12] = \count [12]'.
Replacing $_AND_ cell `$auto$simplemap.cc:106:simplemap_bitop$980' (const_and) in module `\top' with constant driver `$techmap$auto$alumacc.cc:512:replace_alu$35.lcu.$and$/home/sun/Desktop/oss-cad-suite/lib/../share/yosys/techmap.v:240$377_Y = 1'0'.
Replacing $_OR_ cell `$auto$simplemap.cc:106:simplemap_bitop$979' (00) in module `\top' with constant driver `$techmap$auto$alumacc.cc:512:replace_alu$35.lcu.$or$/home/sun/Desktop/oss-cad-suite/lib/../share/yosys/techmap.v:240$378_Y = 1'0'.
Replacing $_MUX_ cell `$auto$simplemap.cc:298:simplemap_mux$480' (??0) in module `\top' with constant driver `$techmap$auto$alumacc.cc:512:replace_alu$35.$ternary$/home/sun/Desktop/oss-cad-suite/lib/../share/yosys/techmap.v:279$128_Y [7] = \count [7]'.
Replacing $_XOR_ cell `$auto$simplemap.cc:106:simplemap_bitop$891' (xor_buffer) in module `\top' with constant driver `$techmap$auto$alumacc.cc:512:replace_alu$35.fa.$xor$/home/sun/Desktop/oss-cad-suite/lib/../share/yosys/techmap.v:205$294_Y [7] = \count [7]'.
Replacing $_XOR_ cell `$auto$simplemap.cc:106:simplemap_bitop$795' (xor_buffer) in module `\top' with constant driver `$techmap$auto$alumacc.cc:512:replace_alu$35.fa.$xor$/home/sun/Desktop/oss-cad-suite/lib/../share/yosys/techmap.v:206$297_Y [7] = \count [7]'.
Replacing $_MUX_ cell `$auto$simplemap.cc:298:simplemap_mux$479' (??0) in module `\top' with constant driver `$techmap$auto$alumacc.cc:512:replace_alu$35.$ternary$/home/sun/Desktop/oss-cad-suite/lib/../share/yosys/techmap.v:279$128_Y [6] = \count [6]'.
Replacing $_AND_ cell `$auto$simplemap.cc:106:simplemap_bitop$858' (const_and) in module `\top' with constant driver `$techmap$auto$alumacc.cc:512:replace_alu$35.fa.$and$/home/sun/Desktop/oss-cad-suite/lib/../share/yosys/techmap.v:205$295_Y [6] = 1'0'.
Replacing $_XOR_ cell `$auto$simplemap.cc:106:simplemap_bitop$890' (xor_buffer) in module `\top' with constant driver `$techmap$auto$alumacc.cc:512:replace_alu$35.fa.$xor$/home/sun/Desktop/oss-cad-suite/lib/../share/yosys/techmap.v:205$294_Y [6] = \count [6]'.
Replacing $_AND_ cell `$auto$simplemap.cc:106:simplemap_bitop$826' (const_and) in module `\top' with constant driver `$techmap$auto$alumacc.cc:512:replace_alu$35.fa.$and$/home/sun/Desktop/oss-cad-suite/lib/../share/yosys/techmap.v:205$296_Y [6] = 1'0'.
Replacing $_OR_ cell `$auto$simplemap.cc:106:simplemap_bitop$762' (00) in module `\top' with constant driver `$techmap$auto$alumacc.cc:512:replace_alu$35.fa.$or$/home/sun/Desktop/oss-cad-suite/lib/../share/yosys/techmap.v:206$298_Y [6] = 1'0'.
Replacing $_AND_ cell `$auto$simplemap.cc:106:simplemap_bitop$1046' (const_and) in module `\top' with constant driver `$techmap$auto$alumacc.cc:512:replace_alu$35.lcu.$and$/home/sun/Desktop/oss-cad-suite/lib/../share/yosys/techmap.v:240$311_Y = 1'0'.
Replacing $_AND_ cell `$auto$simplemap.cc:106:simplemap_bitop$859' (const_and) in module `\top' with constant driver `$techmap$auto$alumacc.cc:512:replace_alu$35.fa.$and$/home/sun/Desktop/oss-cad-suite/lib/../share/yosys/techmap.v:205$295_Y [7] = 1'0'.
Replacing $_AND_ cell `$auto$simplemap.cc:106:simplemap_bitop$827' (const_and) in module `\top' with constant driver `$techmap$auto$alumacc.cc:512:replace_alu$35.fa.$and$/home/sun/Desktop/oss-cad-suite/lib/../share/yosys/techmap.v:205$296_Y [7] = 1'0'.
Replacing $_OR_ cell `$auto$simplemap.cc:106:simplemap_bitop$763' (00) in module `\top' with constant driver `$techmap$auto$alumacc.cc:512:replace_alu$35.fa.$or$/home/sun/Desktop/oss-cad-suite/lib/../share/yosys/techmap.v:206$298_Y [7] = 1'0'.
Replacing $_OR_ cell `$auto$simplemap.cc:106:simplemap_bitop$1045' (00) in module `\top' with constant driver `$techmap$auto$alumacc.cc:512:replace_alu$35.lcu.$or$/home/sun/Desktop/oss-cad-suite/lib/../share/yosys/techmap.v:240$312_Y = 1'0'.
Replacing $_MUX_ cell `$auto$simplemap.cc:298:simplemap_mux$478' (??0) in module `\top' with constant driver `$techmap$auto$alumacc.cc:512:replace_alu$35.$ternary$/home/sun/Desktop/oss-cad-suite/lib/../share/yosys/techmap.v:279$128_Y [5] = \count [5]'.
Replacing $_XOR_ cell `$auto$simplemap.cc:106:simplemap_bitop$889' (xor_buffer) in module `\top' with constant driver `$techmap$auto$alumacc.cc:512:replace_alu$35.fa.$xor$/home/sun/Desktop/oss-cad-suite/lib/../share/yosys/techmap.v:205$294_Y [5] = \count [5]'.
Replacing $_XOR_ cell `$auto$simplemap.cc:106:simplemap_bitop$793' (xor_buffer) in module `\top' with constant driver `$techmap$auto$alumacc.cc:512:replace_alu$35.fa.$xor$/home/sun/Desktop/oss-cad-suite/lib/../share/yosys/techmap.v:206$297_Y [5] = \count [5]'.
Replacing $_MUX_ cell `$auto$simplemap.cc:298:simplemap_mux$477' (??0) in module `\top' with constant driver `$techmap$auto$alumacc.cc:512:replace_alu$35.$ternary$/home/sun/Desktop/oss-cad-suite/lib/../share/yosys/techmap.v:279$128_Y [4] = \count [4]'.
Replacing $_AND_ cell `$auto$simplemap.cc:106:simplemap_bitop$856' (const_and) in module `\top' with constant driver `$techmap$auto$alumacc.cc:512:replace_alu$35.fa.$and$/home/sun/Desktop/oss-cad-suite/lib/../share/yosys/techmap.v:205$295_Y [4] = 1'0'.
Replacing $_XOR_ cell `$auto$simplemap.cc:106:simplemap_bitop$888' (xor_buffer) in module `\top' with constant driver `$techmap$auto$alumacc.cc:512:replace_alu$35.fa.$xor$/home/sun/Desktop/oss-cad-suite/lib/../share/yosys/techmap.v:205$294_Y [4] = \count [4]'.
Replacing $_AND_ cell `$auto$simplemap.cc:106:simplemap_bitop$824' (const_and) in module `\top' with constant driver `$techmap$auto$alumacc.cc:512:replace_alu$35.fa.$and$/home/sun/Desktop/oss-cad-suite/lib/../share/yosys/techmap.v:205$296_Y [4] = 1'0'.
Replacing $_OR_ cell `$auto$simplemap.cc:106:simplemap_bitop$760' (00) in module `\top' with constant driver `$techmap$auto$alumacc.cc:512:replace_alu$35.fa.$or$/home/sun/Desktop/oss-cad-suite/lib/../share/yosys/techmap.v:206$298_Y [4] = 1'0'.
Replacing $_AND_ cell `$auto$simplemap.cc:106:simplemap_bitop$1049' (const_and) in module `\top' with constant driver `$techmap$auto$alumacc.cc:512:replace_alu$35.lcu.$and$/home/sun/Desktop/oss-cad-suite/lib/../share/yosys/techmap.v:240$308_Y = 1'0'.
Replacing $_AND_ cell `$auto$simplemap.cc:106:simplemap_bitop$857' (const_and) in module `\top' with constant driver `$techmap$auto$alumacc.cc:512:replace_alu$35.fa.$and$/home/sun/Desktop/oss-cad-suite/lib/../share/yosys/techmap.v:205$295_Y [5] = 1'0'.
Replacing $_AND_ cell `$auto$simplemap.cc:106:simplemap_bitop$825' (const_and) in module `\top' with constant driver `$techmap$auto$alumacc.cc:512:replace_alu$35.fa.$and$/home/sun/Desktop/oss-cad-suite/lib/../share/yosys/techmap.v:205$296_Y [5] = 1'0'.
Replacing $_OR_ cell `$auto$simplemap.cc:106:simplemap_bitop$761' (00) in module `\top' with constant driver `$techmap$auto$alumacc.cc:512:replace_alu$35.fa.$or$/home/sun/Desktop/oss-cad-suite/lib/../share/yosys/techmap.v:206$298_Y [5] = 1'0'.
Replacing $_OR_ cell `$auto$simplemap.cc:106:simplemap_bitop$1048' (00) in module `\top' with constant driver `$techmap$auto$alumacc.cc:512:replace_alu$35.lcu.$or$/home/sun/Desktop/oss-cad-suite/lib/../share/yosys/techmap.v:240$309_Y = 1'0'.
Replacing $_XOR_ cell `$auto$simplemap.cc:106:simplemap_bitop$794' (xor_buffer) in module `\top' with constant driver `$techmap$auto$alumacc.cc:512:replace_alu$35.fa.$xor$/home/sun/Desktop/oss-cad-suite/lib/../share/yosys/techmap.v:206$297_Y [6] = \count [6]'.
Replacing $_AND_ cell `$auto$simplemap.cc:106:simplemap_bitop$1004' (const_and) in module `\top' with constant driver `$techmap$auto$alumacc.cc:512:replace_alu$35.lcu.$and$/home/sun/Desktop/oss-cad-suite/lib/../share/yosys/techmap.v:240$353_Y = 1'0'.
Replacing $_OR_ cell `$auto$simplemap.cc:106:simplemap_bitop$1003' (00) in module `\top' with constant driver `$techmap$auto$alumacc.cc:512:replace_alu$35.lcu.$or$/home/sun/Desktop/oss-cad-suite/lib/../share/yosys/techmap.v:240$354_Y = 1'0'.
Replacing $_MUX_ cell `$auto$simplemap.cc:298:simplemap_mux$476' (??0) in module `\top' with constant driver `$techmap$auto$alumacc.cc:512:replace_alu$35.$ternary$/home/sun/Desktop/oss-cad-suite/lib/../share/yosys/techmap.v:279$128_Y [3] = \count [3]'.
Replacing $_XOR_ cell `$auto$simplemap.cc:106:simplemap_bitop$887' (xor_buffer) in module `\top' with constant driver `$techmap$auto$alumacc.cc:512:replace_alu$35.fa.$xor$/home/sun/Desktop/oss-cad-suite/lib/../share/yosys/techmap.v:205$294_Y [3] = \count [3]'.
Replacing $_XOR_ cell `$auto$simplemap.cc:106:simplemap_bitop$791' (xor_buffer) in module `\top' with constant driver `$techmap$auto$alumacc.cc:512:replace_alu$35.fa.$xor$/home/sun/Desktop/oss-cad-suite/lib/../share/yosys/techmap.v:206$297_Y [3] = \count [3]'.
Replacing $_MUX_ cell `$auto$simplemap.cc:298:simplemap_mux$475' (??0) in module `\top' with constant driver `$techmap$auto$alumacc.cc:512:replace_alu$35.$ternary$/home/sun/Desktop/oss-cad-suite/lib/../share/yosys/techmap.v:279$128_Y [2] = \count [2]'.
Replacing $_AND_ cell `$auto$simplemap.cc:106:simplemap_bitop$854' (const_and) in module `\top' with constant driver `$techmap$auto$alumacc.cc:512:replace_alu$35.fa.$and$/home/sun/Desktop/oss-cad-suite/lib/../share/yosys/techmap.v:205$295_Y [2] = 1'0'.
Replacing $_XOR_ cell `$auto$simplemap.cc:106:simplemap_bitop$886' (xor_buffer) in module `\top' with constant driver `$techmap$auto$alumacc.cc:512:replace_alu$35.fa.$xor$/home/sun/Desktop/oss-cad-suite/lib/../share/yosys/techmap.v:205$294_Y [2] = \count [2]'.
Replacing $_AND_ cell `$auto$simplemap.cc:106:simplemap_bitop$822' (const_and) in module `\top' with constant driver `$techmap$auto$alumacc.cc:512:replace_alu$35.fa.$and$/home/sun/Desktop/oss-cad-suite/lib/../share/yosys/techmap.v:205$296_Y [2] = 1'0'.
Replacing $_OR_ cell `$auto$simplemap.cc:106:simplemap_bitop$758' (00) in module `\top' with constant driver `$techmap$auto$alumacc.cc:512:replace_alu$35.fa.$or$/home/sun/Desktop/oss-cad-suite/lib/../share/yosys/techmap.v:206$298_Y [2] = 1'0'.
Replacing $_AND_ cell `$auto$simplemap.cc:106:simplemap_bitop$1052' (const_and) in module `\top' with constant driver `$techmap$auto$alumacc.cc:512:replace_alu$35.lcu.$and$/home/sun/Desktop/oss-cad-suite/lib/../share/yosys/techmap.v:240$305_Y = 1'0'.
Replacing $_AND_ cell `$auto$simplemap.cc:106:simplemap_bitop$855' (const_and) in module `\top' with constant driver `$techmap$auto$alumacc.cc:512:replace_alu$35.fa.$and$/home/sun/Desktop/oss-cad-suite/lib/../share/yosys/techmap.v:205$295_Y [3] = 1'0'.
Replacing $_AND_ cell `$auto$simplemap.cc:106:simplemap_bitop$823' (const_and) in module `\top' with constant driver `$techmap$auto$alumacc.cc:512:replace_alu$35.fa.$and$/home/sun/Desktop/oss-cad-suite/lib/../share/yosys/techmap.v:205$296_Y [3] = 1'0'.
Replacing $_OR_ cell `$auto$simplemap.cc:106:simplemap_bitop$759' (00) in module `\top' with constant driver `$techmap$auto$alumacc.cc:512:replace_alu$35.fa.$or$/home/sun/Desktop/oss-cad-suite/lib/../share/yosys/techmap.v:206$298_Y [3] = 1'0'.
Replacing $_OR_ cell `$auto$simplemap.cc:106:simplemap_bitop$1051' (00) in module `\top' with constant driver `$techmap$auto$alumacc.cc:512:replace_alu$35.lcu.$or$/home/sun/Desktop/oss-cad-suite/lib/../share/yosys/techmap.v:240$306_Y = 1'0'.
Replacing $_XOR_ cell `$auto$simplemap.cc:106:simplemap_bitop$790' (xor_buffer) in module `\top' with constant driver `$techmap$auto$alumacc.cc:512:replace_alu$35.fa.$xor$/home/sun/Desktop/oss-cad-suite/lib/../share/yosys/techmap.v:206$297_Y [2] = \count [2]'.
Replacing $_OR_ cell `$auto$simplemap.cc:106:simplemap_bitop$1006' (and_or_buffer) in module `\top' with constant driver `$auto$alumacc.cc:529:replace_alu$37 [3] = $techmap$auto$alumacc.cc:512:replace_alu$35.lcu.$and$/home/sun/Desktop/oss-cad-suite/lib/../share/yosys/techmap.v:240$350_Y'.
Replacing $_XOR_ cell `$auto$simplemap.cc:106:simplemap_bitop$792' (xor_buffer) in module `\top' with constant driver `$techmap$auto$alumacc.cc:512:replace_alu$35.fa.$xor$/home/sun/Desktop/oss-cad-suite/lib/../share/yosys/techmap.v:206$297_Y [4] = \count [4]'.
Replacing $_OR_ cell `$auto$simplemap.cc:106:simplemap_bitop$982' (and_or_buffer) in module `\top' with constant driver `$auto$alumacc.cc:529:replace_alu$37 [7] = $techmap$auto$alumacc.cc:512:replace_alu$35.lcu.$and$/home/sun/Desktop/oss-cad-suite/lib/../share/yosys/techmap.v:240$374_Y'.
Replacing $_XOR_ cell `$auto$simplemap.cc:106:simplemap_bitop$796' (xor_buffer) in module `\top' with constant driver `$techmap$auto$alumacc.cc:512:replace_alu$35.fa.$xor$/home/sun/Desktop/oss-cad-suite/lib/../share/yosys/techmap.v:206$297_Y [8] = \count [8]'.
Replacing $_OR_ cell `$auto$simplemap.cc:106:simplemap_bitop$970' (and_or_buffer) in module `\top' with constant driver `$auto$alumacc.cc:529:replace_alu$37 [15] = $techmap$auto$alumacc.cc:512:replace_alu$35.lcu.$and$/home/sun/Desktop/oss-cad-suite/lib/../share/yosys/techmap.v:240$386_Y'.
Replacing $_OR_ cell `$auto$simplemap.cc:106:simplemap_bitop$940' (and_or_buffer) in module `\top' with constant driver `$auto$alumacc.cc:529:replace_alu$37 [17] = $techmap$auto$alumacc.cc:512:replace_alu$35.lcu.$and$/home/sun/Desktop/oss-cad-suite/lib/../share/yosys/techmap.v:248$416_Y'.
Replacing $_MUX_ cell `$auto$simplemap.cc:298:simplemap_mux$491' (??0) in module `\top' with constant driver `$techmap$auto$alumacc.cc:512:replace_alu$35.$ternary$/home/sun/Desktop/oss-cad-suite/lib/../share/yosys/techmap.v:279$128_Y [18] = \count [18]'.
Replacing $_XOR_ cell `$auto$simplemap.cc:106:simplemap_bitop$902' (xor_buffer) in module `\top' with constant driver `$techmap$auto$alumacc.cc:512:replace_alu$35.fa.$xor$/home/sun/Desktop/oss-cad-suite/lib/../share/yosys/techmap.v:205$294_Y [18] = \count [18]'.
Replacing $_XOR_ cell `$auto$simplemap.cc:106:simplemap_bitop$806' (xor_buffer) in module `\top' with constant driver `$techmap$auto$alumacc.cc:512:replace_alu$35.fa.$xor$/home/sun/Desktop/oss-cad-suite/lib/../share/yosys/techmap.v:206$297_Y [18] = \count [18]'.
Replacing $_MUX_ cell `$auto$simplemap.cc:298:simplemap_mux$492' (??0) in module `\top' with constant driver `$techmap$auto$alumacc.cc:512:replace_alu$35.$ternary$/home/sun/Desktop/oss-cad-suite/lib/../share/yosys/techmap.v:279$128_Y [19] = \count [19]'.
Replacing $_XOR_ cell `$auto$simplemap.cc:106:simplemap_bitop$903' (xor_buffer) in module `\top' with constant driver `$techmap$auto$alumacc.cc:512:replace_alu$35.fa.$xor$/home/sun/Desktop/oss-cad-suite/lib/../share/yosys/techmap.v:205$294_Y [19] = \count [19]'.
Replacing $_XOR_ cell `$auto$simplemap.cc:106:simplemap_bitop$807' (xor_buffer) in module `\top' with constant driver `$techmap$auto$alumacc.cc:512:replace_alu$35.fa.$xor$/home/sun/Desktop/oss-cad-suite/lib/../share/yosys/techmap.v:206$297_Y [19] = \count [19]'.
Replacing $_AND_ cell `$auto$simplemap.cc:106:simplemap_bitop$870' (const_and) in module `\top' with constant driver `$techmap$auto$alumacc.cc:512:replace_alu$35.fa.$and$/home/sun/Desktop/oss-cad-suite/lib/../share/yosys/techmap.v:205$295_Y [18] = 1'0'.
Replacing $_AND_ cell `$auto$simplemap.cc:106:simplemap_bitop$838' (const_and) in module `\top' with constant driver `$techmap$auto$alumacc.cc:512:replace_alu$35.fa.$and$/home/sun/Desktop/oss-cad-suite/lib/../share/yosys/techmap.v:205$296_Y [18] = 1'0'.
Replacing $_OR_ cell `$auto$simplemap.cc:106:simplemap_bitop$774' (00) in module `\top' with constant driver `$techmap$auto$alumacc.cc:512:replace_alu$35.fa.$or$/home/sun/Desktop/oss-cad-suite/lib/../share/yosys/techmap.v:206$298_Y [18] = 1'0'.
Replacing $_AND_ cell `$auto$simplemap.cc:106:simplemap_bitop$1028' (const_and) in module `\top' with constant driver `$techmap$auto$alumacc.cc:512:replace_alu$35.lcu.$and$/home/sun/Desktop/oss-cad-suite/lib/../share/yosys/techmap.v:240$329_Y = 1'0'.
Replacing $_AND_ cell `$auto$simplemap.cc:106:simplemap_bitop$871' (const_and) in module `\top' with constant driver `$techmap$auto$alumacc.cc:512:replace_alu$35.fa.$and$/home/sun/Desktop/oss-cad-suite/lib/../share/yosys/techmap.v:205$295_Y [19] = 1'0'.
Replacing $_AND_ cell `$auto$simplemap.cc:106:simplemap_bitop$839' (const_and) in module `\top' with constant driver `$techmap$auto$alumacc.cc:512:replace_alu$35.fa.$and$/home/sun/Desktop/oss-cad-suite/lib/../share/yosys/techmap.v:205$296_Y [19] = 1'0'.
Replacing $_OR_ cell `$auto$simplemap.cc:106:simplemap_bitop$775' (00) in module `\top' with constant driver `$techmap$auto$alumacc.cc:512:replace_alu$35.fa.$or$/home/sun/Desktop/oss-cad-suite/lib/../share/yosys/techmap.v:206$298_Y [19] = 1'0'.
Replacing $_OR_ cell `$auto$simplemap.cc:106:simplemap_bitop$1027' (00) in module `\top' with constant driver `$techmap$auto$alumacc.cc:512:replace_alu$35.lcu.$or$/home/sun/Desktop/oss-cad-suite/lib/../share/yosys/techmap.v:240$330_Y = 1'0'.
Replacing $_MUX_ cell `$auto$simplemap.cc:298:simplemap_mux$494' (??0) in module `\top' with constant driver `$techmap$auto$alumacc.cc:512:replace_alu$35.$ternary$/home/sun/Desktop/oss-cad-suite/lib/../share/yosys/techmap.v:279$128_Y [21] = \count [21]'.
Replacing $_XOR_ cell `$auto$simplemap.cc:106:simplemap_bitop$905' (xor_buffer) in module `\top' with constant driver `$techmap$auto$alumacc.cc:512:replace_alu$35.fa.$xor$/home/sun/Desktop/oss-cad-suite/lib/../share/yosys/techmap.v:205$294_Y [21] = \count [21]'.
Replacing $_XOR_ cell `$auto$simplemap.cc:106:simplemap_bitop$809' (xor_buffer) in module `\top' with constant driver `$techmap$auto$alumacc.cc:512:replace_alu$35.fa.$xor$/home/sun/Desktop/oss-cad-suite/lib/../share/yosys/techmap.v:206$297_Y [21] = \count [21]'.
Replacing $_MUX_ cell `$auto$simplemap.cc:298:simplemap_mux$493' (??0) in module `\top' with constant driver `$techmap$auto$alumacc.cc:512:replace_alu$35.$ternary$/home/sun/Desktop/oss-cad-suite/lib/../share/yosys/techmap.v:279$128_Y [20] = \count [20]'.
Replacing $_AND_ cell `$auto$simplemap.cc:106:simplemap_bitop$872' (const_and) in module `\top' with constant driver `$techmap$auto$alumacc.cc:512:replace_alu$35.fa.$and$/home/sun/Desktop/oss-cad-suite/lib/../share/yosys/techmap.v:205$295_Y [20] = 1'0'.
Replacing $_XOR_ cell `$auto$simplemap.cc:106:simplemap_bitop$904' (xor_buffer) in module `\top' with constant driver `$techmap$auto$alumacc.cc:512:replace_alu$35.fa.$xor$/home/sun/Desktop/oss-cad-suite/lib/../share/yosys/techmap.v:205$294_Y [20] = \count [20]'.
Replacing $_AND_ cell `$auto$simplemap.cc:106:simplemap_bitop$840' (const_and) in module `\top' with constant driver `$techmap$auto$alumacc.cc:512:replace_alu$35.fa.$and$/home/sun/Desktop/oss-cad-suite/lib/../share/yosys/techmap.v:205$296_Y [20] = 1'0'.
Replacing $_OR_ cell `$auto$simplemap.cc:106:simplemap_bitop$776' (00) in module `\top' with constant driver `$techmap$auto$alumacc.cc:512:replace_alu$35.fa.$or$/home/sun/Desktop/oss-cad-suite/lib/../share/yosys/techmap.v:206$298_Y [20] = 1'0'.
Replacing $_AND_ cell `$auto$simplemap.cc:106:simplemap_bitop$1025' (const_and) in module `\top' with constant driver `$techmap$auto$alumacc.cc:512:replace_alu$35.lcu.$and$/home/sun/Desktop/oss-cad-suite/lib/../share/yosys/techmap.v:240$332_Y = 1'0'.
Replacing $_AND_ cell `$auto$simplemap.cc:106:simplemap_bitop$873' (const_and) in module `\top' with constant driver `$techmap$auto$alumacc.cc:512:replace_alu$35.fa.$and$/home/sun/Desktop/oss-cad-suite/lib/../share/yosys/techmap.v:205$295_Y [21] = 1'0'.
Replacing $_AND_ cell `$auto$simplemap.cc:106:simplemap_bitop$841' (const_and) in module `\top' with constant driver `$techmap$auto$alumacc.cc:512:replace_alu$35.fa.$and$/home/sun/Desktop/oss-cad-suite/lib/../share/yosys/techmap.v:205$296_Y [21] = 1'0'.
Replacing $_OR_ cell `$auto$simplemap.cc:106:simplemap_bitop$777' (00) in module `\top' with constant driver `$techmap$auto$alumacc.cc:512:replace_alu$35.fa.$or$/home/sun/Desktop/oss-cad-suite/lib/../share/yosys/techmap.v:206$298_Y [21] = 1'0'.
Replacing $_OR_ cell `$auto$simplemap.cc:106:simplemap_bitop$1024' (00) in module `\top' with constant driver `$techmap$auto$alumacc.cc:512:replace_alu$35.lcu.$or$/home/sun/Desktop/oss-cad-suite/lib/../share/yosys/techmap.v:240$333_Y = 1'0'.
Replacing $_XOR_ cell `$auto$simplemap.cc:106:simplemap_bitop$808' (xor_buffer) in module `\top' with constant driver `$techmap$auto$alumacc.cc:512:replace_alu$35.fa.$xor$/home/sun/Desktop/oss-cad-suite/lib/../share/yosys/techmap.v:206$297_Y [20] = \count [20]'.
Replacing $_MUX_ cell `$auto$simplemap.cc:298:simplemap_mux$496' (??0) in module `\top' with constant driver `$techmap$auto$alumacc.cc:512:replace_alu$35.$ternary$/home/sun/Desktop/oss-cad-suite/lib/../share/yosys/techmap.v:279$128_Y [23] = \count [23]'.
Replacing $_XOR_ cell `$auto$simplemap.cc:106:simplemap_bitop$907' (xor_buffer) in module `\top' with constant driver `$techmap$auto$alumacc.cc:512:replace_alu$35.fa.$xor$/home/sun/Desktop/oss-cad-suite/lib/../share/yosys/techmap.v:205$294_Y [23] = \count [23]'.
Replacing $_XOR_ cell `$auto$simplemap.cc:106:simplemap_bitop$811' (xor_buffer) in module `\top' with constant driver `$techmap$auto$alumacc.cc:512:replace_alu$35.fa.$xor$/home/sun/Desktop/oss-cad-suite/lib/../share/yosys/techmap.v:206$297_Y [23] = \count [23]'.
Replacing $_MUX_ cell `$auto$simplemap.cc:298:simplemap_mux$495' (??0) in module `\top' with constant driver `$techmap$auto$alumacc.cc:512:replace_alu$35.$ternary$/home/sun/Desktop/oss-cad-suite/lib/../share/yosys/techmap.v:279$128_Y [22] = \count [22]'.
Replacing $_AND_ cell `$auto$simplemap.cc:106:simplemap_bitop$874' (const_and) in module `\top' with constant driver `$techmap$auto$alumacc.cc:512:replace_alu$35.fa.$and$/home/sun/Desktop/oss-cad-suite/lib/../share/yosys/techmap.v:205$295_Y [22] = 1'0'.
Replacing $_XOR_ cell `$auto$simplemap.cc:106:simplemap_bitop$906' (xor_buffer) in module `\top' with constant driver `$techmap$auto$alumacc.cc:512:replace_alu$35.fa.$xor$/home/sun/Desktop/oss-cad-suite/lib/../share/yosys/techmap.v:205$294_Y [22] = \count [22]'.
Replacing $_AND_ cell `$auto$simplemap.cc:106:simplemap_bitop$842' (const_and) in module `\top' with constant driver `$techmap$auto$alumacc.cc:512:replace_alu$35.fa.$and$/home/sun/Desktop/oss-cad-suite/lib/../share/yosys/techmap.v:205$296_Y [22] = 1'0'.
Replacing $_OR_ cell `$auto$simplemap.cc:106:simplemap_bitop$778' (00) in module `\top' with constant driver `$techmap$auto$alumacc.cc:512:replace_alu$35.fa.$or$/home/sun/Desktop/oss-cad-suite/lib/../share/yosys/techmap.v:206$298_Y [22] = 1'0'.
Replacing $_AND_ cell `$auto$simplemap.cc:106:simplemap_bitop$1022' (const_and) in module `\top' with constant driver `$techmap$auto$alumacc.cc:512:replace_alu$35.lcu.$and$/home/sun/Desktop/oss-cad-suite/lib/../share/yosys/techmap.v:240$335_Y = 1'0'.
Replacing $_AND_ cell `$auto$simplemap.cc:106:simplemap_bitop$875' (const_and) in module `\top' with constant driver `$techmap$auto$alumacc.cc:512:replace_alu$35.fa.$and$/home/sun/Desktop/oss-cad-suite/lib/../share/yosys/techmap.v:205$295_Y [23] = 1'0'.
Replacing $_AND_ cell `$auto$simplemap.cc:106:simplemap_bitop$843' (const_and) in module `\top' with constant driver `$techmap$auto$alumacc.cc:512:replace_alu$35.fa.$and$/home/sun/Desktop/oss-cad-suite/lib/../share/yosys/techmap.v:205$296_Y [23] = 1'0'.
Replacing $_OR_ cell `$auto$simplemap.cc:106:simplemap_bitop$779' (00) in module `\top' with constant driver `$techmap$auto$alumacc.cc:512:replace_alu$35.fa.$or$/home/sun/Desktop/oss-cad-suite/lib/../share/yosys/techmap.v:206$298_Y [23] = 1'0'.
Replacing $_OR_ cell `$auto$simplemap.cc:106:simplemap_bitop$1021' (00) in module `\top' with constant driver `$techmap$auto$alumacc.cc:512:replace_alu$35.lcu.$or$/home/sun/Desktop/oss-cad-suite/lib/../share/yosys/techmap.v:240$336_Y = 1'0'.
Replacing $_XOR_ cell `$auto$simplemap.cc:106:simplemap_bitop$810' (xor_buffer) in module `\top' with constant driver `$techmap$auto$alumacc.cc:512:replace_alu$35.fa.$xor$/home/sun/Desktop/oss-cad-suite/lib/../share/yosys/techmap.v:206$297_Y [22] = \count [22]'.
Replacing $_MUX_ cell `$auto$simplemap.cc:298:simplemap_mux$498' (??0) in module `\top' with constant driver `$techmap$auto$alumacc.cc:512:replace_alu$35.$ternary$/home/sun/Desktop/oss-cad-suite/lib/../share/yosys/techmap.v:279$128_Y [25] = \count [25]'.
Replacing $_XOR_ cell `$auto$simplemap.cc:106:simplemap_bitop$909' (xor_buffer) in module `\top' with constant driver `$techmap$auto$alumacc.cc:512:replace_alu$35.fa.$xor$/home/sun/Desktop/oss-cad-suite/lib/../share/yosys/techmap.v:205$294_Y [25] = \count [25]'.
Replacing $_XOR_ cell `$auto$simplemap.cc:106:simplemap_bitop$813' (xor_buffer) in module `\top' with constant driver `$techmap$auto$alumacc.cc:512:replace_alu$35.fa.$xor$/home/sun/Desktop/oss-cad-suite/lib/../share/yosys/techmap.v:206$297_Y [25] = \count [25]'.
Replacing $_MUX_ cell `$auto$simplemap.cc:298:simplemap_mux$497' (??0) in module `\top' with constant driver `$techmap$auto$alumacc.cc:512:replace_alu$35.$ternary$/home/sun/Desktop/oss-cad-suite/lib/../share/yosys/techmap.v:279$128_Y [24] = \count [24]'.
Replacing $_AND_ cell `$auto$simplemap.cc:106:simplemap_bitop$876' (const_and) in module `\top' with constant driver `$techmap$auto$alumacc.cc:512:replace_alu$35.fa.$and$/home/sun/Desktop/oss-cad-suite/lib/../share/yosys/techmap.v:205$295_Y [24] = 1'0'.
Replacing $_XOR_ cell `$auto$simplemap.cc:106:simplemap_bitop$908' (xor_buffer) in module `\top' with constant driver `$techmap$auto$alumacc.cc:512:replace_alu$35.fa.$xor$/home/sun/Desktop/oss-cad-suite/lib/../share/yosys/techmap.v:205$294_Y [24] = \count [24]'.
Replacing $_AND_ cell `$auto$simplemap.cc:106:simplemap_bitop$844' (const_and) in module `\top' with constant driver `$techmap$auto$alumacc.cc:512:replace_alu$35.fa.$and$/home/sun/Desktop/oss-cad-suite/lib/../share/yosys/techmap.v:205$296_Y [24] = 1'0'.
Replacing $_OR_ cell `$auto$simplemap.cc:106:simplemap_bitop$780' (00) in module `\top' with constant driver `$techmap$auto$alumacc.cc:512:replace_alu$35.fa.$or$/home/sun/Desktop/oss-cad-suite/lib/../share/yosys/techmap.v:206$298_Y [24] = 1'0'.
Replacing $_AND_ cell `$auto$simplemap.cc:106:simplemap_bitop$1019' (const_and) in module `\top' with constant driver `$techmap$auto$alumacc.cc:512:replace_alu$35.lcu.$and$/home/sun/Desktop/oss-cad-suite/lib/../share/yosys/techmap.v:240$338_Y = 1'0'.
Replacing $_AND_ cell `$auto$simplemap.cc:106:simplemap_bitop$877' (const_and) in module `\top' with constant driver `$techmap$auto$alumacc.cc:512:replace_alu$35.fa.$and$/home/sun/Desktop/oss-cad-suite/lib/../share/yosys/techmap.v:205$295_Y [25] = 1'0'.
Replacing $_AND_ cell `$auto$simplemap.cc:106:simplemap_bitop$845' (const_and) in module `\top' with constant driver `$techmap$auto$alumacc.cc:512:replace_alu$35.fa.$and$/home/sun/Desktop/oss-cad-suite/lib/../share/yosys/techmap.v:205$296_Y [25] = 1'0'.
Replacing $_OR_ cell `$auto$simplemap.cc:106:simplemap_bitop$781' (00) in module `\top' with constant driver `$techmap$auto$alumacc.cc:512:replace_alu$35.fa.$or$/home/sun/Desktop/oss-cad-suite/lib/../share/yosys/techmap.v:206$298_Y [25] = 1'0'.
Replacing $_OR_ cell `$auto$simplemap.cc:106:simplemap_bitop$1018' (00) in module `\top' with constant driver `$techmap$auto$alumacc.cc:512:replace_alu$35.lcu.$or$/home/sun/Desktop/oss-cad-suite/lib/../share/yosys/techmap.v:240$339_Y = 1'0'.
Replacing $_XOR_ cell `$auto$simplemap.cc:106:simplemap_bitop$812' (xor_buffer) in module `\top' with constant driver `$techmap$auto$alumacc.cc:512:replace_alu$35.fa.$xor$/home/sun/Desktop/oss-cad-suite/lib/../share/yosys/techmap.v:206$297_Y [24] = \count [24]'.
Replacing $_MUX_ cell `$auto$simplemap.cc:298:simplemap_mux$500' (??0) in module `\top' with constant driver `$techmap$auto$alumacc.cc:512:replace_alu$35.$ternary$/home/sun/Desktop/oss-cad-suite/lib/../share/yosys/techmap.v:279$128_Y [27] = \count [27]'.
Replacing $_XOR_ cell `$auto$simplemap.cc:106:simplemap_bitop$911' (xor_buffer) in module `\top' with constant driver `$techmap$auto$alumacc.cc:512:replace_alu$35.fa.$xor$/home/sun/Desktop/oss-cad-suite/lib/../share/yosys/techmap.v:205$294_Y [27] = \count [27]'.
Replacing $_XOR_ cell `$auto$simplemap.cc:106:simplemap_bitop$815' (xor_buffer) in module `\top' with constant driver `$techmap$auto$alumacc.cc:512:replace_alu$35.fa.$xor$/home/sun/Desktop/oss-cad-suite/lib/../share/yosys/techmap.v:206$297_Y [27] = \count [27]'.
Replacing $_MUX_ cell `$auto$simplemap.cc:298:simplemap_mux$499' (??0) in module `\top' with constant driver `$techmap$auto$alumacc.cc:512:replace_alu$35.$ternary$/home/sun/Desktop/oss-cad-suite/lib/../share/yosys/techmap.v:279$128_Y [26] = \count [26]'.
Replacing $_AND_ cell `$auto$simplemap.cc:106:simplemap_bitop$878' (const_and) in module `\top' with constant driver `$techmap$auto$alumacc.cc:512:replace_alu$35.fa.$and$/home/sun/Desktop/oss-cad-suite/lib/../share/yosys/techmap.v:205$295_Y [26] = 1'0'.
Replacing $_XOR_ cell `$auto$simplemap.cc:106:simplemap_bitop$910' (xor_buffer) in module `\top' with constant driver `$techmap$auto$alumacc.cc:512:replace_alu$35.fa.$xor$/home/sun/Desktop/oss-cad-suite/lib/../share/yosys/techmap.v:205$294_Y [26] = \count [26]'.
Replacing $_AND_ cell `$auto$simplemap.cc:106:simplemap_bitop$846' (const_and) in module `\top' with constant driver `$techmap$auto$alumacc.cc:512:replace_alu$35.fa.$and$/home/sun/Desktop/oss-cad-suite/lib/../share/yosys/techmap.v:205$296_Y [26] = 1'0'.
Replacing $_OR_ cell `$auto$simplemap.cc:106:simplemap_bitop$782' (00) in module `\top' with constant driver `$techmap$auto$alumacc.cc:512:replace_alu$35.fa.$or$/home/sun/Desktop/oss-cad-suite/lib/../share/yosys/techmap.v:206$298_Y [26] = 1'0'.
Replacing $_AND_ cell `$auto$simplemap.cc:106:simplemap_bitop$1016' (const_and) in module `\top' with constant driver `$techmap$auto$alumacc.cc:512:replace_alu$35.lcu.$and$/home/sun/Desktop/oss-cad-suite/lib/../share/yosys/techmap.v:240$341_Y = 1'0'.
Replacing $_AND_ cell `$auto$simplemap.cc:106:simplemap_bitop$879' (const_and) in module `\top' with constant driver `$techmap$auto$alumacc.cc:512:replace_alu$35.fa.$and$/home/sun/Desktop/oss-cad-suite/lib/../share/yosys/techmap.v:205$295_Y [27] = 1'0'.
Replacing $_AND_ cell `$auto$simplemap.cc:106:simplemap_bitop$847' (const_and) in module `\top' with constant driver `$techmap$auto$alumacc.cc:512:replace_alu$35.fa.$and$/home/sun/Desktop/oss-cad-suite/lib/../share/yosys/techmap.v:205$296_Y [27] = 1'0'.
Replacing $_OR_ cell `$auto$simplemap.cc:106:simplemap_bitop$783' (00) in module `\top' with constant driver `$techmap$auto$alumacc.cc:512:replace_alu$35.fa.$or$/home/sun/Desktop/oss-cad-suite/lib/../share/yosys/techmap.v:206$298_Y [27] = 1'0'.
Replacing $_OR_ cell `$auto$simplemap.cc:106:simplemap_bitop$1015' (00) in module `\top' with constant driver `$techmap$auto$alumacc.cc:512:replace_alu$35.lcu.$or$/home/sun/Desktop/oss-cad-suite/lib/../share/yosys/techmap.v:240$342_Y = 1'0'.
Replacing $_XOR_ cell `$auto$simplemap.cc:106:simplemap_bitop$814' (xor_buffer) in module `\top' with constant driver `$techmap$auto$alumacc.cc:512:replace_alu$35.fa.$xor$/home/sun/Desktop/oss-cad-suite/lib/../share/yosys/techmap.v:206$297_Y [26] = \count [26]'.
Replacing $_MUX_ cell `$auto$simplemap.cc:298:simplemap_mux$502' (??0) in module `\top' with constant driver `$techmap$auto$alumacc.cc:512:replace_alu$35.$ternary$/home/sun/Desktop/oss-cad-suite/lib/../share/yosys/techmap.v:279$128_Y [29] = \count [29]'.
Replacing $_XOR_ cell `$auto$simplemap.cc:106:simplemap_bitop$913' (xor_buffer) in module `\top' with constant driver `$techmap$auto$alumacc.cc:512:replace_alu$35.fa.$xor$/home/sun/Desktop/oss-cad-suite/lib/../share/yosys/techmap.v:205$294_Y [29] = \count [29]'.
Replacing $_XOR_ cell `$auto$simplemap.cc:106:simplemap_bitop$817' (xor_buffer) in module `\top' with constant driver `$techmap$auto$alumacc.cc:512:replace_alu$35.fa.$xor$/home/sun/Desktop/oss-cad-suite/lib/../share/yosys/techmap.v:206$297_Y [29] = \count [29]'.
Replacing $_MUX_ cell `$auto$simplemap.cc:298:simplemap_mux$501' (??0) in module `\top' with constant driver `$techmap$auto$alumacc.cc:512:replace_alu$35.$ternary$/home/sun/Desktop/oss-cad-suite/lib/../share/yosys/techmap.v:279$128_Y [28] = \count [28]'.
Replacing $_AND_ cell `$auto$simplemap.cc:106:simplemap_bitop$880' (const_and) in module `\top' with constant driver `$techmap$auto$alumacc.cc:512:replace_alu$35.fa.$and$/home/sun/Desktop/oss-cad-suite/lib/../share/yosys/techmap.v:205$295_Y [28] = 1'0'.
Replacing $_XOR_ cell `$auto$simplemap.cc:106:simplemap_bitop$912' (xor_buffer) in module `\top' with constant driver `$techmap$auto$alumacc.cc:512:replace_alu$35.fa.$xor$/home/sun/Desktop/oss-cad-suite/lib/../share/yosys/techmap.v:205$294_Y [28] = \count [28]'.
Replacing $_AND_ cell `$auto$simplemap.cc:106:simplemap_bitop$848' (const_and) in module `\top' with constant driver `$techmap$auto$alumacc.cc:512:replace_alu$35.fa.$and$/home/sun/Desktop/oss-cad-suite/lib/../share/yosys/techmap.v:205$296_Y [28] = 1'0'.
Replacing $_OR_ cell `$auto$simplemap.cc:106:simplemap_bitop$784' (00) in module `\top' with constant driver `$techmap$auto$alumacc.cc:512:replace_alu$35.fa.$or$/home/sun/Desktop/oss-cad-suite/lib/../share/yosys/techmap.v:206$298_Y [28] = 1'0'.
Replacing $_AND_ cell `$auto$simplemap.cc:106:simplemap_bitop$1013' (const_and) in module `\top' with constant driver `$techmap$auto$alumacc.cc:512:replace_alu$35.lcu.$and$/home/sun/Desktop/oss-cad-suite/lib/../share/yosys/techmap.v:240$344_Y = 1'0'.
Replacing $_AND_ cell `$auto$simplemap.cc:106:simplemap_bitop$881' (const_and) in module `\top' with constant driver `$techmap$auto$alumacc.cc:512:replace_alu$35.fa.$and$/home/sun/Desktop/oss-cad-suite/lib/../share/yosys/techmap.v:205$295_Y [29] = 1'0'.
Replacing $_AND_ cell `$auto$simplemap.cc:106:simplemap_bitop$849' (const_and) in module `\top' with constant driver `$techmap$auto$alumacc.cc:512:replace_alu$35.fa.$and$/home/sun/Desktop/oss-cad-suite/lib/../share/yosys/techmap.v:205$296_Y [29] = 1'0'.
Replacing $_OR_ cell `$auto$simplemap.cc:106:simplemap_bitop$785' (00) in module `\top' with constant driver `$techmap$auto$alumacc.cc:512:replace_alu$35.fa.$or$/home/sun/Desktop/oss-cad-suite/lib/../share/yosys/techmap.v:206$298_Y [29] = 1'0'.
Replacing $_OR_ cell `$auto$simplemap.cc:106:simplemap_bitop$1012' (00) in module `\top' with constant driver `$techmap$auto$alumacc.cc:512:replace_alu$35.lcu.$or$/home/sun/Desktop/oss-cad-suite/lib/../share/yosys/techmap.v:240$345_Y = 1'0'.
Replacing $_XOR_ cell `$auto$simplemap.cc:106:simplemap_bitop$816' (xor_buffer) in module `\top' with constant driver `$techmap$auto$alumacc.cc:512:replace_alu$35.fa.$xor$/home/sun/Desktop/oss-cad-suite/lib/../share/yosys/techmap.v:206$297_Y [28] = \count [28]'.
Replacing $_MUX_ cell `$auto$simplemap.cc:298:simplemap_mux$504' (??0) in module `\top' with constant driver `$techmap$auto$alumacc.cc:512:replace_alu$35.$ternary$/home/sun/Desktop/oss-cad-suite/lib/../share/yosys/techmap.v:279$128_Y [31] = \count [31]'.
Replacing $_XOR_ cell `$auto$simplemap.cc:106:simplemap_bitop$915' (xor_buffer) in module `\top' with constant driver `$techmap$auto$alumacc.cc:512:replace_alu$35.fa.$xor$/home/sun/Desktop/oss-cad-suite/lib/../share/yosys/techmap.v:205$294_Y [31] = \count [31]'.
Replacing $_XOR_ cell `$auto$simplemap.cc:106:simplemap_bitop$819' (xor_buffer) in module `\top' with constant driver `$techmap$auto$alumacc.cc:512:replace_alu$35.fa.$xor$/home/sun/Desktop/oss-cad-suite/lib/../share/yosys/techmap.v:206$297_Y [31] = \count [31]'.
Replacing $_MUX_ cell `$auto$simplemap.cc:298:simplemap_mux$503' (??0) in module `\top' with constant driver `$techmap$auto$alumacc.cc:512:replace_alu$35.$ternary$/home/sun/Desktop/oss-cad-suite/lib/../share/yosys/techmap.v:279$128_Y [30] = \count [30]'.
Replacing $_AND_ cell `$auto$simplemap.cc:106:simplemap_bitop$882' (const_and) in module `\top' with constant driver `$techmap$auto$alumacc.cc:512:replace_alu$35.fa.$and$/home/sun/Desktop/oss-cad-suite/lib/../share/yosys/techmap.v:205$295_Y [30] = 1'0'.
Replacing $_XOR_ cell `$auto$simplemap.cc:106:simplemap_bitop$914' (xor_buffer) in module `\top' with constant driver `$techmap$auto$alumacc.cc:512:replace_alu$35.fa.$xor$/home/sun/Desktop/oss-cad-suite/lib/../share/yosys/techmap.v:205$294_Y [30] = \count [30]'.
Replacing $_AND_ cell `$auto$simplemap.cc:106:simplemap_bitop$850' (const_and) in module `\top' with constant driver `$techmap$auto$alumacc.cc:512:replace_alu$35.fa.$and$/home/sun/Desktop/oss-cad-suite/lib/../share/yosys/techmap.v:205$296_Y [30] = 1'0'.
Replacing $_OR_ cell `$auto$simplemap.cc:106:simplemap_bitop$786' (00) in module `\top' with constant driver `$techmap$auto$alumacc.cc:512:replace_alu$35.fa.$or$/home/sun/Desktop/oss-cad-suite/lib/../share/yosys/techmap.v:206$298_Y [30] = 1'0'.
Replacing $_AND_ cell `$auto$simplemap.cc:106:simplemap_bitop$1010' (const_and) in module `\top' with constant driver `$techmap$auto$alumacc.cc:512:replace_alu$35.lcu.$and$/home/sun/Desktop/oss-cad-suite/lib/../share/yosys/techmap.v:240$347_Y = 1'0'.
Replacing $_AND_ cell `$auto$simplemap.cc:106:simplemap_bitop$883' (const_and) in module `\top' with constant driver `$techmap$auto$alumacc.cc:512:replace_alu$35.fa.$and$/home/sun/Desktop/oss-cad-suite/lib/../share/yosys/techmap.v:205$295_Y [31] = 1'0'.
Replacing $_AND_ cell `$auto$simplemap.cc:106:simplemap_bitop$851' (const_and) in module `\top' with constant driver `$techmap$auto$alumacc.cc:512:replace_alu$35.fa.$and$/home/sun/Desktop/oss-cad-suite/lib/../share/yosys/techmap.v:205$296_Y [31] = 1'0'.
Replacing $_OR_ cell `$auto$simplemap.cc:106:simplemap_bitop$787' (00) in module `\top' with constant driver `$techmap$auto$alumacc.cc:512:replace_alu$35.fa.$or$/home/sun/Desktop/oss-cad-suite/lib/../share/yosys/techmap.v:206$298_Y [31] = 1'0'.
Replacing $_OR_ cell `$auto$simplemap.cc:106:simplemap_bitop$1009' (00) in module `\top' with constant driver `$techmap$auto$alumacc.cc:512:replace_alu$35.lcu.$or$/home/sun/Desktop/oss-cad-suite/lib/../share/yosys/techmap.v:240$348_Y = 1'0'.
Replacing $_XOR_ cell `$auto$simplemap.cc:106:simplemap_bitop$818' (xor_buffer) in module `\top' with constant driver `$techmap$auto$alumacc.cc:512:replace_alu$35.fa.$xor$/home/sun/Desktop/oss-cad-suite/lib/../share/yosys/techmap.v:206$297_Y [30] = \count [30]'.
Replacing $_AND_ cell `$auto$simplemap.cc:106:simplemap_bitop$989' (const_and) in module `\top' with constant driver `$techmap$auto$alumacc.cc:512:replace_alu$35.lcu.$and$/home/sun/Desktop/oss-cad-suite/lib/../share/yosys/techmap.v:240$368_Y = 1'0'.
Replacing $_OR_ cell `$auto$simplemap.cc:106:simplemap_bitop$988' (00) in module `\top' with constant driver `$techmap$auto$alumacc.cc:512:replace_alu$35.lcu.$or$/home/sun/Desktop/oss-cad-suite/lib/../share/yosys/techmap.v:240$369_Y = 1'0'.
Replacing $_AND_ cell `$auto$simplemap.cc:106:simplemap_bitop$992' (const_and) in module `\top' with constant driver `$techmap$auto$alumacc.cc:512:replace_alu$35.lcu.$and$/home/sun/Desktop/oss-cad-suite/lib/../share/yosys/techmap.v:240$365_Y = 1'0'.
Replacing $_OR_ cell `$auto$simplemap.cc:106:simplemap_bitop$991' (00) in module `\top' with constant driver `$techmap$auto$alumacc.cc:512:replace_alu$35.lcu.$or$/home/sun/Desktop/oss-cad-suite/lib/../share/yosys/techmap.v:240$366_Y = 1'0'.
Replacing $_AND_ cell `$auto$simplemap.cc:106:simplemap_bitop$995' (const_and) in module `\top' with constant driver `$techmap$auto$alumacc.cc:512:replace_alu$35.lcu.$and$/home/sun/Desktop/oss-cad-suite/lib/../share/yosys/techmap.v:240$362_Y = 1'0'.
Replacing $_OR_ cell `$auto$simplemap.cc:106:simplemap_bitop$994' (00) in module `\top' with constant driver `$techmap$auto$alumacc.cc:512:replace_alu$35.lcu.$or$/home/sun/Desktop/oss-cad-suite/lib/../share/yosys/techmap.v:240$363_Y = 1'0'.
Replacing $_AND_ cell `$auto$simplemap.cc:106:simplemap_bitop$977' (const_and) in module `\top' with constant driver `$techmap$auto$alumacc.cc:512:replace_alu$35.lcu.$and$/home/sun/Desktop/oss-cad-suite/lib/../share/yosys/techmap.v:240$380_Y = 1'0'.
Replacing $_OR_ cell `$auto$simplemap.cc:106:simplemap_bitop$976' (00) in module `\top' with constant driver `$techmap$auto$alumacc.cc:512:replace_alu$35.lcu.$or$/home/sun/Desktop/oss-cad-suite/lib/../share/yosys/techmap.v:240$381_Y = 1'0'.
Replacing $_OR_ cell `$auto$simplemap.cc:106:simplemap_bitop$961' (and_or_buffer) in module `\top' with constant driver `$auto$alumacc.cc:529:replace_alu$37 [23] = $techmap$auto$alumacc.cc:512:replace_alu$35.lcu.$and$/home/sun/Desktop/oss-cad-suite/lib/../share/yosys/techmap.v:248$395_Y'.
Replacing $_OR_ cell `$auto$simplemap.cc:106:simplemap_bitop$952' (and_or_buffer) in module `\top' with constant driver `$auto$alumacc.cc:529:replace_alu$37 [27] = $techmap$auto$alumacc.cc:512:replace_alu$35.lcu.$and$/home/sun/Desktop/oss-cad-suite/lib/../share/yosys/techmap.v:248$404_Y'.
Replacing $_OR_ cell `$auto$simplemap.cc:106:simplemap_bitop$931' (and_or_buffer) in module `\top' with constant driver `$auto$alumacc.cc:529:replace_alu$37 [29] = $techmap$auto$alumacc.cc:512:replace_alu$35.lcu.$and$/home/sun/Desktop/oss-cad-suite/lib/../share/yosys/techmap.v:248$425_Y'.
Replacing $_OR_ cell `$auto$simplemap.cc:106:simplemap_bitop$1005' (and_or_buffer) in module `\top' with constant driver `$auto$alumacc.cc:529:replace_alu$37 [30] = $techmap$auto$alumacc.cc:512:replace_alu$35.lcu.$and$/home/sun/Desktop/oss-cad-suite/lib/../share/yosys/techmap.v:248$470_Y'.
Replacing $_AND_ cell `$auto$simplemap.cc:106:simplemap_bitop$986' (const_and) in module `\top' with constant driver `$techmap$auto$alumacc.cc:512:replace_alu$35.lcu.$and$/home/sun/Desktop/oss-cad-suite/lib/../share/yosys/techmap.v:240$371_Y = 1'0'.
Replacing $_OR_ cell `$auto$simplemap.cc:106:simplemap_bitop$985' (00) in module `\top' with constant driver `$techmap$auto$alumacc.cc:512:replace_alu$35.lcu.$or$/home/sun/Desktop/oss-cad-suite/lib/../share/yosys/techmap.v:240$372_Y = 1'0'.
Replacing $_AND_ cell `$auto$simplemap.cc:106:simplemap_bitop$974' (const_and) in module `\top' with constant driver `$techmap$auto$alumacc.cc:512:replace_alu$35.lcu.$and$/home/sun/Desktop/oss-cad-suite/lib/../share/yosys/techmap.v:240$383_Y = 1'0'.
Replacing $_OR_ cell `$auto$simplemap.cc:106:simplemap_bitop$973' (00) in module `\top' with constant driver `$techmap$auto$alumacc.cc:512:replace_alu$35.lcu.$or$/home/sun/Desktop/oss-cad-suite/lib/../share/yosys/techmap.v:240$384_Y = 1'0'.
Replacing $_OR_ cell `$auto$simplemap.cc:106:simplemap_bitop$958' (and_or_buffer) in module `\top' with constant driver `$auto$alumacc.cc:529:replace_alu$37 [11] = $techmap$auto$alumacc.cc:512:replace_alu$35.lcu.$and$/home/sun/Desktop/oss-cad-suite/lib/../share/yosys/techmap.v:248$398_Y'.
Replacing $_AND_ cell `$auto$simplemap.cc:106:simplemap_bitop$968' (const_and) in module `\top' with constant driver `$techmap$auto$alumacc.cc:512:replace_alu$35.lcu.$and$/home/sun/Desktop/oss-cad-suite/lib/../share/yosys/techmap.v:240$389_Y = 1'0'.
Replacing $_OR_ cell `$auto$simplemap.cc:106:simplemap_bitop$967' (00) in module `\top' with constant driver `$techmap$auto$alumacc.cc:512:replace_alu$35.lcu.$or$/home/sun/Desktop/oss-cad-suite/lib/../share/yosys/techmap.v:240$390_Y = 1'0'.
Replacing $_OR_ cell `$auto$simplemap.cc:106:simplemap_bitop$964' (and_or_buffer) in module `\top' with constant driver `$auto$alumacc.cc:529:replace_alu$37 [31] = $techmap$auto$alumacc.cc:512:replace_alu$35.lcu.$and$/home/sun/Desktop/oss-cad-suite/lib/../share/yosys/techmap.v:240$392_Y'.
Replacing $_OR_ cell `$auto$simplemap.cc:106:simplemap_bitop$963' (and_or_buffer) in module `\top' with constant driver `$auto$alumacc.cc:529:replace_alu$37 [28] = $techmap$auto$alumacc.cc:512:replace_alu$35.lcu.$and$/home/sun/Desktop/oss-cad-suite/lib/../share/yosys/techmap.v:248$467_Y'.
Replacing $_OR_ cell `$auto$simplemap.cc:106:simplemap_bitop$957' (and_or_buffer) in module `\top' with constant driver `$auto$alumacc.cc:529:replace_alu$37 [12] = $techmap$auto$alumacc.cc:512:replace_alu$35.lcu.$and$/home/sun/Desktop/oss-cad-suite/lib/../share/yosys/techmap.v:248$443_Y'.
Replacing $_OR_ cell `$auto$simplemap.cc:106:simplemap_bitop$955' (and_or_buffer) in module `\top' with constant driver `$auto$alumacc.cc:529:replace_alu$37 [19] = $techmap$auto$alumacc.cc:512:replace_alu$35.lcu.$and$/home/sun/Desktop/oss-cad-suite/lib/../share/yosys/techmap.v:248$401_Y'.
Replacing $_OR_ cell `$auto$simplemap.cc:106:simplemap_bitop$934' (and_or_buffer) in module `\top' with constant driver `$auto$alumacc.cc:529:replace_alu$37 [25] = $techmap$auto$alumacc.cc:512:replace_alu$35.lcu.$and$/home/sun/Desktop/oss-cad-suite/lib/../share/yosys/techmap.v:248$422_Y'.
Replacing $_OR_ cell `$auto$simplemap.cc:106:simplemap_bitop$954' (and_or_buffer) in module `\top' with constant driver `$auto$alumacc.cc:529:replace_alu$37 [26] = $techmap$auto$alumacc.cc:512:replace_alu$35.lcu.$and$/home/sun/Desktop/oss-cad-suite/lib/../share/yosys/techmap.v:248$464_Y'.
Replacing $_OR_ cell `$auto$simplemap.cc:106:simplemap_bitop$949' (and_or_buffer) in module `\top' with constant driver `$auto$alumacc.cc:529:replace_alu$37 [5] = $techmap$auto$alumacc.cc:512:replace_alu$35.lcu.$and$/home/sun/Desktop/oss-cad-suite/lib/../share/yosys/techmap.v:248$407_Y'.
Replacing $_OR_ cell `$auto$simplemap.cc:106:simplemap_bitop$946' (and_or_buffer) in module `\top' with constant driver `$auto$alumacc.cc:529:replace_alu$37 [9] = $techmap$auto$alumacc.cc:512:replace_alu$35.lcu.$and$/home/sun/Desktop/oss-cad-suite/lib/../share/yosys/techmap.v:248$410_Y'.
Replacing $_OR_ cell `$auto$simplemap.cc:106:simplemap_bitop$945' (and_or_buffer) in module `\top' with constant driver `$auto$alumacc.cc:529:replace_alu$37 [24] = $techmap$auto$alumacc.cc:512:replace_alu$35.lcu.$and$/home/sun/Desktop/oss-cad-suite/lib/../share/yosys/techmap.v:248$461_Y'.
Replacing $_OR_ cell `$auto$simplemap.cc:106:simplemap_bitop$943' (and_or_buffer) in module `\top' with constant driver `$auto$alumacc.cc:529:replace_alu$37 [13] = $techmap$auto$alumacc.cc:512:replace_alu$35.lcu.$and$/home/sun/Desktop/oss-cad-suite/lib/../share/yosys/techmap.v:248$413_Y'.
Replacing $_OR_ cell `$auto$simplemap.cc:106:simplemap_bitop$937' (and_or_buffer) in module `\top' with constant driver `$auto$alumacc.cc:529:replace_alu$37 [21] = $techmap$auto$alumacc.cc:512:replace_alu$35.lcu.$and$/home/sun/Desktop/oss-cad-suite/lib/../share/yosys/techmap.v:248$419_Y'.
Replacing $_OR_ cell `$auto$simplemap.cc:106:simplemap_bitop$936' (and_or_buffer) in module `\top' with constant driver `$auto$alumacc.cc:529:replace_alu$37 [22] = $techmap$auto$alumacc.cc:512:replace_alu$35.lcu.$and$/home/sun/Desktop/oss-cad-suite/lib/../share/yosys/techmap.v:248$458_Y'.
Replacing $_OR_ cell `$auto$simplemap.cc:106:simplemap_bitop$930' (and_or_buffer) in module `\top' with constant driver `$auto$alumacc.cc:529:replace_alu$37 [14] = $techmap$auto$alumacc.cc:512:replace_alu$35.lcu.$and$/home/sun/Desktop/oss-cad-suite/lib/../share/yosys/techmap.v:248$446_Y'.
Replacing $_OR_ cell `$auto$simplemap.cc:106:simplemap_bitop$928' (and_or_buffer) in module `\top' with constant driver `$auto$alumacc.cc:529:replace_alu$37 [2] = $techmap$auto$alumacc.cc:512:replace_alu$35.lcu.$and$/home/sun/Desktop/oss-cad-suite/lib/../share/yosys/techmap.v:248$428_Y'.
Replacing $_OR_ cell `$auto$simplemap.cc:106:simplemap_bitop$927' (and_or_buffer) in module `\top' with constant driver `$auto$alumacc.cc:529:replace_alu$37 [20] = $techmap$auto$alumacc.cc:512:replace_alu$35.lcu.$and$/home/sun/Desktop/oss-cad-suite/lib/../share/yosys/techmap.v:248$455_Y'.
Replacing $_OR_ cell `$auto$simplemap.cc:106:simplemap_bitop$925' (and_or_buffer) in module `\top' with constant driver `$auto$alumacc.cc:529:replace_alu$37 [4] = $techmap$auto$alumacc.cc:512:replace_alu$35.lcu.$and$/home/sun/Desktop/oss-cad-suite/lib/../share/yosys/techmap.v:248$431_Y'.
Replacing $_OR_ cell `$auto$simplemap.cc:106:simplemap_bitop$922' (and_or_buffer) in module `\top' with constant driver `$auto$alumacc.cc:529:replace_alu$37 [6] = $techmap$auto$alumacc.cc:512:replace_alu$35.lcu.$and$/home/sun/Desktop/oss-cad-suite/lib/../share/yosys/techmap.v:248$434_Y'.
Replacing $_OR_ cell `$auto$simplemap.cc:106:simplemap_bitop$921' (and_or_buffer) in module `\top' with constant driver `$auto$alumacc.cc:529:replace_alu$37 [16] = $techmap$auto$alumacc.cc:512:replace_alu$35.lcu.$and$/home/sun/Desktop/oss-cad-suite/lib/../share/yosys/techmap.v:248$449_Y'.
Replacing $_OR_ cell `$auto$simplemap.cc:106:simplemap_bitop$919' (and_or_buffer) in module `\top' with constant driver `$auto$alumacc.cc:529:replace_alu$37 [8] = $techmap$auto$alumacc.cc:512:replace_alu$35.lcu.$and$/home/sun/Desktop/oss-cad-suite/lib/../share/yosys/techmap.v:248$437_Y'.
Replacing $_OR_ cell `$auto$simplemap.cc:106:simplemap_bitop$918' (and_or_buffer) in module `\top' with constant driver `$auto$alumacc.cc:529:replace_alu$37 [18] = $techmap$auto$alumacc.cc:512:replace_alu$35.lcu.$and$/home/sun/Desktop/oss-cad-suite/lib/../share/yosys/techmap.v:248$452_Y'.
Replacing $_OR_ cell `$auto$simplemap.cc:106:simplemap_bitop$916' (and_or_buffer) in module `\top' with constant driver `$auto$alumacc.cc:529:replace_alu$37 [10] = $techmap$auto$alumacc.cc:512:replace_alu$35.lcu.$and$/home/sun/Desktop/oss-cad-suite/lib/../share/yosys/techmap.v:248$440_Y'.
Replacing $_XOR_ cell `$auto$simplemap.cc:106:simplemap_bitop$563' (xor_buffer) in module `\top' with constant driver `$techmap$auto$alumacc.cc:512:replace_alu$22.$xor$/home/sun/Desktop/oss-cad-suite/lib/../share/yosys/techmap.v:296$171_Y [26] = $auto$alumacc.cc:529:replace_alu$24 [31]'.
Replacing $_XOR_ cell `$auto$simplemap.cc:106:simplemap_bitop$537' (xor_buffer) in module `\top' with constant driver `$techmap$auto$alumacc.cc:512:replace_alu$22.$xor$/home/sun/Desktop/oss-cad-suite/lib/../share/yosys/techmap.v:296$171_Y [0] = $auto$rtlil.cc:3504:NotGate$1336'.
Replacing $_XOR_ cell `$auto$simplemap.cc:106:simplemap_bitop$293' (xor_buffer) in module `\top' with constant driver `$techmap$auto$alumacc.cc:512:replace_alu$35.$xor$/home/sun/Desktop/oss-cad-suite/lib/../share/yosys/techmap.v:296$129_Y [32] = $techmap$auto$alumacc.cc:512:replace_alu$35.lcu.$and$/home/sun/Desktop/oss-cad-suite/lib/../share/yosys/techmap.v:240$392_Y'.
Replacing $_XOR_ cell `$auto$simplemap.cc:106:simplemap_bitop$261' (xor_buffer) in module `\top' with constant driver `$techmap$auto$alumacc.cc:512:replace_alu$35.$xor$/home/sun/Desktop/oss-cad-suite/lib/../share/yosys/techmap.v:296$129_Y [0] = $auto$rtlil.cc:3504:NotGate$1334'.

8.5.2. Executing OPT_MERGE pass (detect identical cells).
Finding identical cells in module `\top'.
Computing hashes of 377 cells of `\top'.
Finding duplicate cells in `\top'.
  Cell `$auto$simplemap.cc:46:simplemap_not$511' is identical to cell `$auto$opt_expr.cc:607:replace_const_cells$1335'.
    Redirecting output \Y: $techmap$auto$alumacc.cc:512:replace_alu$35.$not$/home/sun/Desktop/oss-cad-suite/lib/../share/yosys/techmap.v:279$127_Y [6] = $auto$rtlil.cc:3504:NotGate$1336
    Removing $_NOT_ cell `$auto$simplemap.cc:46:simplemap_not$511' from module `\top'.
  Cell `$auto$opt_expr.cc:607:replace_const_cells$1333' is identical to cell `$auto$simplemap.cc:46:simplemap_not$505'.
    Redirecting output \Y: $auto$rtlil.cc:3504:NotGate$1334 = $techmap$auto$alumacc.cc:512:replace_alu$35.$not$/home/sun/Desktop/oss-cad-suite/lib/../share/yosys/techmap.v:279$127_Y [0]
    Removing $_NOT_ cell `$auto$opt_expr.cc:607:replace_const_cells$1333' from module `\top'.
  Cell `$auto$opt_expr.cc:607:replace_const_cells$1315' is identical to cell `$auto$simplemap.cc:46:simplemap_not$528'.
    Redirecting output \Y: $auto$rtlil.cc:3504:NotGate$1316 = $techmap$auto$alumacc.cc:512:replace_alu$35.$not$/home/sun/Desktop/oss-cad-suite/lib/../share/yosys/techmap.v:279$127_Y [23]
    Removing $_NOT_ cell `$auto$opt_expr.cc:607:replace_const_cells$1315' from module `\top'.
  Cell `$auto$opt_expr.cc:607:replace_const_cells$1331' is identical to cell `$auto$simplemap.cc:46:simplemap_not$535'.
    Redirecting output \Y: $auto$rtlil.cc:3504:NotGate$1332 = $techmap$auto$alumacc.cc:512:replace_alu$35.$not$/home/sun/Desktop/oss-cad-suite/lib/../share/yosys/techmap.v:279$127_Y [30]
    Removing $_NOT_ cell `$auto$opt_expr.cc:607:replace_const_cells$1331' from module `\top'.
  Cell `$auto$opt_expr.cc:607:replace_const_cells$1313' is identical to cell `$auto$simplemap.cc:46:simplemap_not$526'.
    Redirecting output \Y: $auto$rtlil.cc:3504:NotGate$1314 = $techmap$auto$alumacc.cc:512:replace_alu$35.$not$/home/sun/Desktop/oss-cad-suite/lib/../share/yosys/techmap.v:279$127_Y [21]
    Removing $_NOT_ cell `$auto$opt_expr.cc:607:replace_const_cells$1313' from module `\top'.
  Cell `$auto$opt_expr.cc:607:replace_const_cells$1317' is identical to cell `$auto$simplemap.cc:46:simplemap_not$530'.
    Redirecting output \Y: $auto$rtlil.cc:3504:NotGate$1318 = $techmap$auto$alumacc.cc:512:replace_alu$35.$not$/home/sun/Desktop/oss-cad-suite/lib/../share/yosys/techmap.v:279$127_Y [25]
    Removing $_NOT_ cell `$auto$opt_expr.cc:607:replace_const_cells$1317' from module `\top'.
  Cell `$auto$opt_expr.cc:607:replace_const_cells$1307' is identical to cell `$auto$simplemap.cc:46:simplemap_not$517'.
    Redirecting output \Y: $auto$rtlil.cc:3504:NotGate$1308 = $techmap$auto$alumacc.cc:512:replace_alu$35.$not$/home/sun/Desktop/oss-cad-suite/lib/../share/yosys/techmap.v:279$127_Y [12]
    Removing $_NOT_ cell `$auto$opt_expr.cc:607:replace_const_cells$1307' from module `\top'.
  Cell `$auto$opt_expr.cc:607:replace_const_cells$1325' is identical to cell `$auto$simplemap.cc:46:simplemap_not$534'.
    Redirecting output \Y: $auto$rtlil.cc:3504:NotGate$1326 = $techmap$auto$alumacc.cc:512:replace_alu$35.$not$/home/sun/Desktop/oss-cad-suite/lib/../share/yosys/techmap.v:279$127_Y [29]
    Removing $_NOT_ cell `$auto$opt_expr.cc:607:replace_const_cells$1325' from module `\top'.
  Cell `$auto$simplemap.cc:106:simplemap_bitop$1038' is identical to cell `$auto$simplemap.cc:106:simplemap_bitop$1288'.
    Redirecting output \Y: $techmap$auto$alumacc.cc:512:replace_alu$35.lcu.$and$/home/sun/Desktop/oss-cad-suite/lib/../share/yosys/techmap.v:241$319_Y = $techmap$auto$alumacc.cc:512:replace_alu$22.lcu.$and$/home/sun/Desktop/oss-cad-suite/lib/../share/yosys/techmap.v:240$578_Y
    Removing $_AND_ cell `$auto$simplemap.cc:106:simplemap_bitop$1038' from module `\top'.
  Cell `$auto$opt_expr.cc:607:replace_const_cells$1297' is identical to cell `$auto$simplemap.cc:46:simplemap_not$512'.
    Redirecting output \Y: $auto$rtlil.cc:3504:NotGate$1298 = $techmap$auto$alumacc.cc:512:replace_alu$35.$not$/home/sun/Desktop/oss-cad-suite/lib/../share/yosys/techmap.v:279$127_Y [7]
    Removing $_NOT_ cell `$auto$opt_expr.cc:607:replace_const_cells$1297' from module `\top'.
  Cell `$auto$simplemap.cc:106:simplemap_bitop$1289' is identical to cell `$auto$simplemap.cc:106:simplemap_bitop$1041'.
    Redirecting output \Y: $techmap$auto$alumacc.cc:512:replace_alu$22.lcu.$and$/home/sun/Desktop/oss-cad-suite/lib/../share/yosys/techmap.v:241$577_Y = $techmap$auto$alumacc.cc:512:replace_alu$35.lcu.$and$/home/sun/Desktop/oss-cad-suite/lib/../share/yosys/techmap.v:241$316_Y
    Removing $_AND_ cell `$auto$simplemap.cc:106:simplemap_bitop$1289' from module `\top'.
  Cell `$auto$simplemap.cc:106:simplemap_bitop$1026' is identical to cell `$auto$simplemap.cc:106:simplemap_bitop$1274'.
    Redirecting output \Y: $techmap$auto$alumacc.cc:512:replace_alu$35.lcu.$and$/home/sun/Desktop/oss-cad-suite/lib/../share/yosys/techmap.v:241$331_Y = $techmap$auto$alumacc.cc:512:replace_alu$22.lcu.$and$/home/sun/Desktop/oss-cad-suite/lib/../share/yosys/techmap.v:241$592_Y
    Removing $_AND_ cell `$auto$simplemap.cc:106:simplemap_bitop$1026' from module `\top'.
  Cell `$auto$opt_expr.cc:607:replace_const_cells$1327' is identical to cell `$auto$simplemap.cc:46:simplemap_not$533'.
    Redirecting output \Y: $auto$rtlil.cc:3504:NotGate$1328 = $techmap$auto$alumacc.cc:512:replace_alu$35.$not$/home/sun/Desktop/oss-cad-suite/lib/../share/yosys/techmap.v:279$127_Y [28]
    Removing $_NOT_ cell `$auto$opt_expr.cc:607:replace_const_cells$1327' from module `\top'.
  Cell `$auto$opt_expr.cc:607:replace_const_cells$1299' is identical to cell `$auto$simplemap.cc:46:simplemap_not$522'.
    Redirecting output \Y: $auto$rtlil.cc:3504:NotGate$1300 = $techmap$auto$alumacc.cc:512:replace_alu$35.$not$/home/sun/Desktop/oss-cad-suite/lib/../share/yosys/techmap.v:279$127_Y [17]
    Removing $_NOT_ cell `$auto$opt_expr.cc:607:replace_const_cells$1299' from module `\top'.
  Cell `$auto$opt_expr.cc:607:replace_const_cells$1311' is identical to cell `$auto$simplemap.cc:46:simplemap_not$525'.
    Redirecting output \Y: $auto$rtlil.cc:3504:NotGate$1312 = $techmap$auto$alumacc.cc:512:replace_alu$35.$not$/home/sun/Desktop/oss-cad-suite/lib/../share/yosys/techmap.v:279$127_Y [20]
    Removing $_NOT_ cell `$auto$opt_expr.cc:607:replace_const_cells$1311' from module `\top'.
  Cell `$auto$opt_expr.cc:607:replace_const_cells$1309' is identical to cell `$auto$simplemap.cc:46:simplemap_not$515'.
    Redirecting output \Y: $auto$rtlil.cc:3504:NotGate$1310 = $techmap$auto$alumacc.cc:512:replace_alu$35.$not$/home/sun/Desktop/oss-cad-suite/lib/../share/yosys/techmap.v:279$127_Y [10]
    Removing $_NOT_ cell `$auto$opt_expr.cc:607:replace_const_cells$1309' from module `\top'.
  Cell `$auto$opt_expr.cc:607:replace_const_cells$1305' is identical to cell `$auto$simplemap.cc:46:simplemap_not$518'.
    Redirecting output \Y: $auto$rtlil.cc:3504:NotGate$1306 = $techmap$auto$alumacc.cc:512:replace_alu$35.$not$/home/sun/Desktop/oss-cad-suite/lib/../share/yosys/techmap.v:279$127_Y [13]
    Removing $_NOT_ cell `$auto$opt_expr.cc:607:replace_const_cells$1305' from module `\top'.
  Cell `$auto$opt_expr.cc:607:replace_const_cells$1303' is identical to cell `$auto$simplemap.cc:46:simplemap_not$520'.
    Redirecting output \Y: $auto$rtlil.cc:3504:NotGate$1304 = $techmap$auto$alumacc.cc:512:replace_alu$35.$not$/home/sun/Desktop/oss-cad-suite/lib/../share/yosys/techmap.v:279$127_Y [15]
    Removing $_NOT_ cell `$auto$opt_expr.cc:607:replace_const_cells$1303' from module `\top'.
  Cell `$auto$opt_expr.cc:607:replace_const_cells$1319' is identical to cell `$auto$simplemap.cc:46:simplemap_not$529'.
    Redirecting output \Y: $auto$rtlil.cc:3504:NotGate$1320 = $techmap$auto$alumacc.cc:512:replace_alu$35.$not$/home/sun/Desktop/oss-cad-suite/lib/../share/yosys/techmap.v:279$127_Y [24]
    Removing $_NOT_ cell `$auto$opt_expr.cc:607:replace_const_cells$1319' from module `\top'.
  Cell `$auto$opt_expr.cc:607:replace_const_cells$1301' is identical to cell `$auto$simplemap.cc:46:simplemap_not$521'.
    Redirecting output \Y: $auto$rtlil.cc:3504:NotGate$1302 = $techmap$auto$alumacc.cc:512:replace_alu$35.$not$/home/sun/Desktop/oss-cad-suite/lib/../share/yosys/techmap.v:279$127_Y [16]
    Removing $_NOT_ cell `$auto$opt_expr.cc:607:replace_const_cells$1301' from module `\top'.
  Cell `$auto$opt_expr.cc:607:replace_const_cells$1323' is identical to cell `$auto$simplemap.cc:46:simplemap_not$531'.
    Redirecting output \Y: $auto$rtlil.cc:3504:NotGate$1324 = $techmap$auto$alumacc.cc:512:replace_alu$35.$not$/home/sun/Desktop/oss-cad-suite/lib/../share/yosys/techmap.v:279$127_Y [26]
    Removing $_NOT_ cell `$auto$opt_expr.cc:607:replace_const_cells$1323' from module `\top'.
  Cell `$auto$simplemap.cc:157:simplemap_reduce$148' is identical to cell `$auto$simplemap.cc:106:simplemap_bitop$1256'.
    Redirecting output \Y: $auto$simplemap.cc:148:simplemap_reduce$132 [15] = $techmap$auto$alumacc.cc:512:replace_alu$22.lcu.$and$/home/sun/Desktop/oss-cad-suite/lib/../share/yosys/techmap.v:241$610_Y
    Removing $_AND_ cell `$auto$simplemap.cc:157:simplemap_reduce$148' from module `\top'.
  Cell `$auto$simplemap.cc:157:simplemap_reduce$147' is identical to cell `$auto$simplemap.cc:106:simplemap_bitop$1259'.
    Redirecting output \Y: $auto$simplemap.cc:148:simplemap_reduce$132 [14] = $techmap$auto$alumacc.cc:512:replace_alu$22.lcu.$and$/home/sun/Desktop/oss-cad-suite/lib/../share/yosys/techmap.v:241$607_Y
    Removing $_AND_ cell `$auto$simplemap.cc:157:simplemap_reduce$147' from module `\top'.
  Cell `$auto$simplemap.cc:157:simplemap_reduce$146' is identical to cell `$auto$simplemap.cc:106:simplemap_bitop$1262'.
    Redirecting output \Y: $auto$simplemap.cc:148:simplemap_reduce$132 [13] = $techmap$auto$alumacc.cc:512:replace_alu$22.lcu.$and$/home/sun/Desktop/oss-cad-suite/lib/../share/yosys/techmap.v:241$604_Y
    Removing $_AND_ cell `$auto$simplemap.cc:157:simplemap_reduce$146' from module `\top'.
  Cell `$auto$simplemap.cc:157:simplemap_reduce$145' is identical to cell `$auto$simplemap.cc:106:simplemap_bitop$1265'.
    Redirecting output \Y: $auto$simplemap.cc:148:simplemap_reduce$132 [12] = $techmap$auto$alumacc.cc:512:replace_alu$22.lcu.$and$/home/sun/Desktop/oss-cad-suite/lib/../share/yosys/techmap.v:241$601_Y
    Removing $_AND_ cell `$auto$simplemap.cc:157:simplemap_reduce$145' from module `\top'.
  Cell `$auto$simplemap.cc:157:simplemap_reduce$144' is identical to cell `$auto$simplemap.cc:106:simplemap_bitop$1268'.
    Redirecting output \Y: $auto$simplemap.cc:148:simplemap_reduce$132 [11] = $techmap$auto$alumacc.cc:512:replace_alu$22.lcu.$and$/home/sun/Desktop/oss-cad-suite/lib/../share/yosys/techmap.v:241$598_Y
    Removing $_AND_ cell `$auto$simplemap.cc:157:simplemap_reduce$144' from module `\top'.
  Cell `$auto$simplemap.cc:157:simplemap_reduce$143' is identical to cell `$auto$simplemap.cc:106:simplemap_bitop$1271'.
    Redirecting output \Y: $auto$simplemap.cc:148:simplemap_reduce$132 [10] = $techmap$auto$alumacc.cc:512:replace_alu$22.lcu.$and$/home/sun/Desktop/oss-cad-suite/lib/../share/yosys/techmap.v:241$595_Y
    Removing $_AND_ cell `$auto$simplemap.cc:157:simplemap_reduce$143' from module `\top'.
  Cell `$auto$simplemap.cc:157:simplemap_reduce$142' is identical to cell `$auto$simplemap.cc:106:simplemap_bitop$1274'.
    Redirecting output \Y: $auto$simplemap.cc:148:simplemap_reduce$132 [9] = $techmap$auto$alumacc.cc:512:replace_alu$22.lcu.$and$/home/sun/Desktop/oss-cad-suite/lib/../share/yosys/techmap.v:241$592_Y
    Removing $_AND_ cell `$auto$simplemap.cc:157:simplemap_reduce$142' from module `\top'.
  Cell `$auto$simplemap.cc:157:simplemap_reduce$141' is identical to cell `$auto$simplemap.cc:106:simplemap_bitop$1277'.
    Redirecting output \Y: $auto$simplemap.cc:148:simplemap_reduce$132 [8] = $techmap$auto$alumacc.cc:512:replace_alu$22.lcu.$and$/home/sun/Desktop/oss-cad-suite/lib/../share/yosys/techmap.v:241$589_Y
    Removing $_AND_ cell `$auto$simplemap.cc:157:simplemap_reduce$141' from module `\top'.
  Cell `$auto$simplemap.cc:157:simplemap_reduce$140' is identical to cell `$auto$simplemap.cc:106:simplemap_bitop$1280'.
    Redirecting output \Y: $auto$simplemap.cc:148:simplemap_reduce$132 [7] = $techmap$auto$alumacc.cc:512:replace_alu$22.lcu.$and$/home/sun/Desktop/oss-cad-suite/lib/../share/yosys/techmap.v:241$586_Y
    Removing $_AND_ cell `$auto$simplemap.cc:157:simplemap_reduce$140' from module `\top'.
  Cell `$auto$simplemap.cc:157:simplemap_reduce$139' is identical to cell `$auto$simplemap.cc:106:simplemap_bitop$1283'.
    Redirecting output \Y: $auto$simplemap.cc:148:simplemap_reduce$132 [6] = $techmap$auto$alumacc.cc:512:replace_alu$22.lcu.$and$/home/sun/Desktop/oss-cad-suite/lib/../share/yosys/techmap.v:241$583_Y
    Removing $_AND_ cell `$auto$simplemap.cc:157:simplemap_reduce$139' from module `\top'.
  Cell `$auto$simplemap.cc:157:simplemap_reduce$138' is identical to cell `$auto$simplemap.cc:106:simplemap_bitop$1286'.
    Redirecting output \Y: $auto$simplemap.cc:148:simplemap_reduce$132 [5] = $techmap$auto$alumacc.cc:512:replace_alu$22.lcu.$and$/home/sun/Desktop/oss-cad-suite/lib/../share/yosys/techmap.v:241$580_Y
    Removing $_AND_ cell `$auto$simplemap.cc:157:simplemap_reduce$138' from module `\top'.
  Cell `$auto$simplemap.cc:157:simplemap_reduce$137' is identical to cell `$auto$simplemap.cc:106:simplemap_bitop$1041'.
    Redirecting output \Y: $auto$simplemap.cc:148:simplemap_reduce$132 [4] = $techmap$auto$alumacc.cc:512:replace_alu$35.lcu.$and$/home/sun/Desktop/oss-cad-suite/lib/../share/yosys/techmap.v:241$316_Y
    Removing $_AND_ cell `$auto$simplemap.cc:157:simplemap_reduce$137' from module `\top'.
  Cell `$auto$simplemap.cc:157:simplemap_reduce$136' is identical to cell `$auto$simplemap.cc:106:simplemap_bitop$1294'.
    Redirecting output \Y: $auto$simplemap.cc:148:simplemap_reduce$132 [3] = $techmap$auto$alumacc.cc:512:replace_alu$22.lcu.$and$/home/sun/Desktop/oss-cad-suite/lib/../share/yosys/techmap.v:240$572_Y
    Removing $_AND_ cell `$auto$simplemap.cc:157:simplemap_reduce$136' from module `\top'.
  Cell `$auto$opt_expr.cc:607:replace_const_cells$1321' is identical to cell `$auto$simplemap.cc:46:simplemap_not$532'.
    Redirecting output \Y: $auto$rtlil.cc:3504:NotGate$1322 = $techmap$auto$alumacc.cc:512:replace_alu$35.$not$/home/sun/Desktop/oss-cad-suite/lib/../share/yosys/techmap.v:279$127_Y [27]
    Removing $_NOT_ cell `$auto$opt_expr.cc:607:replace_const_cells$1321' from module `\top'.
  Cell `$auto$simplemap.cc:46:simplemap_not$121' is identical to cell `$auto$simplemap.cc:46:simplemap_not$510'.
    Redirecting output \Y: $auto$alumacc.cc:528:replace_alu$23 [5] = $techmap$auto$alumacc.cc:512:replace_alu$35.$not$/home/sun/Desktop/oss-cad-suite/lib/../share/yosys/techmap.v:279$127_Y [5]
    Removing $_NOT_ cell `$auto$simplemap.cc:46:simplemap_not$121' from module `\top'.
  Cell `$auto$simplemap.cc:46:simplemap_not$122' is identical to cell `$auto$simplemap.cc:46:simplemap_not$509'.
    Redirecting output \Y: $auto$alumacc.cc:528:replace_alu$23 [4] = $techmap$auto$alumacc.cc:512:replace_alu$35.$not$/home/sun/Desktop/oss-cad-suite/lib/../share/yosys/techmap.v:279$127_Y [4]
    Removing $_NOT_ cell `$auto$simplemap.cc:46:simplemap_not$122' from module `\top'.
  Cell `$auto$simplemap.cc:46:simplemap_not$123' is identical to cell `$auto$simplemap.cc:46:simplemap_not$508'.
    Redirecting output \Y: $auto$alumacc.cc:528:replace_alu$23 [3] = $techmap$auto$alumacc.cc:512:replace_alu$35.$not$/home/sun/Desktop/oss-cad-suite/lib/../share/yosys/techmap.v:279$127_Y [3]
    Removing $_NOT_ cell `$auto$simplemap.cc:46:simplemap_not$123' from module `\top'.
  Cell `$auto$simplemap.cc:46:simplemap_not$124' is identical to cell `$auto$simplemap.cc:46:simplemap_not$507'.
    Redirecting output \Y: $auto$alumacc.cc:528:replace_alu$23 [2] = $techmap$auto$alumacc.cc:512:replace_alu$35.$not$/home/sun/Desktop/oss-cad-suite/lib/../share/yosys/techmap.v:279$127_Y [2]
    Removing $_NOT_ cell `$auto$simplemap.cc:46:simplemap_not$124' from module `\top'.
  Cell `$auto$simplemap.cc:46:simplemap_not$125' is identical to cell `$auto$simplemap.cc:46:simplemap_not$506'.
    Redirecting output \Y: $auto$alumacc.cc:528:replace_alu$23 [1] = $techmap$auto$alumacc.cc:512:replace_alu$35.$not$/home/sun/Desktop/oss-cad-suite/lib/../share/yosys/techmap.v:279$127_Y [1]
    Removing $_NOT_ cell `$auto$simplemap.cc:46:simplemap_not$125' from module `\top'.
  Cell `$auto$simplemap.cc:46:simplemap_not$126' is identical to cell `$auto$simplemap.cc:46:simplemap_not$505'.
    Redirecting output \Y: $auto$alumacc.cc:528:replace_alu$23 [0] = $techmap$auto$alumacc.cc:512:replace_alu$35.$not$/home/sun/Desktop/oss-cad-suite/lib/../share/yosys/techmap.v:279$127_Y [0]
    Removing $_NOT_ cell `$auto$simplemap.cc:46:simplemap_not$126' from module `\top'.
  Cell `$auto$simplemap.cc:46:simplemap_not$536' is identical to cell `$auto$opt_expr.cc:607:replace_const_cells$1329'.
    Redirecting output \Y: $techmap$auto$alumacc.cc:512:replace_alu$35.$not$/home/sun/Desktop/oss-cad-suite/lib/../share/yosys/techmap.v:279$127_Y [31] = $auto$rtlil.cc:3504:NotGate$1330
    Removing $_NOT_ cell `$auto$simplemap.cc:46:simplemap_not$536' from module `\top'.
Computing hashes of 335 cells of `\top'.
Finding duplicate cells in `\top'.
Removed a total of 42 cells.

8.5.3. Executing OPT_DFF pass (perform DFF optimizations).

8.5.4. Executing OPT_CLEAN pass (remove unused cells and wires).
Finding unused cells or wires in module \top..
  removing unused `$_NOT_' cell `$auto$opt_expr.cc:607:replace_const_cells$1335'.
  removing unused `$_OR_' cell `$auto$simplemap.cc:106:simplemap_bitop$1292'.
  removing unused `$_OR_' cell `$auto$simplemap.cc:106:simplemap_bitop$1253'.
  removing unused `$_AND_' cell `$auto$simplemap.cc:106:simplemap_bitop$1235'.
  removing unused `$_AND_' cell `$auto$simplemap.cc:106:simplemap_bitop$1226'.
  removing unused `$_OR_' cell `$auto$simplemap.cc:106:simplemap_bitop$1223'.
  removing unused `$_AND_' cell `$auto$simplemap.cc:106:simplemap_bitop$1222'.
  removing unused `$_OR_' cell `$auto$simplemap.cc:106:simplemap_bitop$1221'.
  removing unused `$_AND_' cell `$auto$simplemap.cc:106:simplemap_bitop$1220'.
  removing unused `$_AND_' cell `$auto$simplemap.cc:106:simplemap_bitop$1219'.
  removing unused `$_OR_' cell `$auto$simplemap.cc:106:simplemap_bitop$1218'.
  removing unused `$_OR_' cell `$auto$simplemap.cc:106:simplemap_bitop$1217'.
  removing unused `$_AND_' cell `$auto$simplemap.cc:106:simplemap_bitop$1216'.
  removing unused `$_OR_' cell `$auto$simplemap.cc:106:simplemap_bitop$1215'.
  removing unused `$_OR_' cell `$auto$simplemap.cc:106:simplemap_bitop$1214'.
  removing unused `$_AND_' cell `$auto$simplemap.cc:106:simplemap_bitop$1213'.
  removing unused `$_OR_' cell `$auto$simplemap.cc:106:simplemap_bitop$1212'.
  removing unused `$_AND_' cell `$auto$simplemap.cc:106:simplemap_bitop$1211'.
  removing unused `$_AND_' cell `$auto$simplemap.cc:106:simplemap_bitop$1210'.
  removing unused `$_AND_' cell `$auto$simplemap.cc:106:simplemap_bitop$1208'.
  removing unused `$_AND_' cell `$auto$simplemap.cc:106:simplemap_bitop$1207'.
  removing unused `$_OR_' cell `$auto$simplemap.cc:106:simplemap_bitop$1206'.
  removing unused `$_OR_' cell `$auto$simplemap.cc:106:simplemap_bitop$1205'.
  removing unused `$_AND_' cell `$auto$simplemap.cc:106:simplemap_bitop$1204'.
  removing unused `$_OR_' cell `$auto$simplemap.cc:106:simplemap_bitop$1203'.
  removing unused `$_AND_' cell `$auto$simplemap.cc:106:simplemap_bitop$1202'.
  removing unused `$_AND_' cell `$auto$simplemap.cc:106:simplemap_bitop$1199'.
  removing unused `$_AND_' cell `$auto$simplemap.cc:106:simplemap_bitop$1198'.
  removing unused `$_AND_' cell `$auto$simplemap.cc:106:simplemap_bitop$1195'.
  removing unused `$_OR_' cell `$auto$simplemap.cc:106:simplemap_bitop$1194'.
  removing unused `$_AND_' cell `$auto$simplemap.cc:106:simplemap_bitop$1193'.
  removing unused `$_AND_' cell `$auto$simplemap.cc:106:simplemap_bitop$1192'.
  removing unused `$_OR_' cell `$auto$simplemap.cc:106:simplemap_bitop$1191'.
  removing unused `$_AND_' cell `$auto$simplemap.cc:106:simplemap_bitop$1189'.
  removing unused `$_AND_' cell `$auto$simplemap.cc:106:simplemap_bitop$1008'.
  removing unused `$_AND_' cell `$auto$simplemap.cc:106:simplemap_bitop$984'.
  removing unused `$_AND_' cell `$auto$simplemap.cc:106:simplemap_bitop$972'.
  removing unused `$_AND_' cell `$auto$simplemap.cc:106:simplemap_bitop$966'.
  removing unused `$_AND_' cell `$auto$simplemap.cc:106:simplemap_bitop$965'.
  removing unused `$_XOR_' cell `$auto$simplemap.cc:106:simplemap_bitop$562'.
  removing unused `$_XOR_' cell `$auto$simplemap.cc:106:simplemap_bitop$561'.
  removing unused `$_XOR_' cell `$auto$simplemap.cc:106:simplemap_bitop$560'.
  removing unused `$_XOR_' cell `$auto$simplemap.cc:106:simplemap_bitop$559'.
  removing unused `$_XOR_' cell `$auto$simplemap.cc:106:simplemap_bitop$558'.
  removing unused `$_XOR_' cell `$auto$simplemap.cc:106:simplemap_bitop$557'.
  removing unused `$_XOR_' cell `$auto$simplemap.cc:106:simplemap_bitop$556'.
  removing unused `$_XOR_' cell `$auto$simplemap.cc:106:simplemap_bitop$555'.
  removing unused `$_XOR_' cell `$auto$simplemap.cc:106:simplemap_bitop$554'.
  removing unused `$_XOR_' cell `$auto$simplemap.cc:106:simplemap_bitop$553'.
  removing unused `$_XOR_' cell `$auto$simplemap.cc:106:simplemap_bitop$552'.
  removing unused `$_XOR_' cell `$auto$simplemap.cc:106:simplemap_bitop$551'.
  removing unused `$_XOR_' cell `$auto$simplemap.cc:106:simplemap_bitop$550'.
  removing unused `$_XOR_' cell `$auto$simplemap.cc:106:simplemap_bitop$549'.
  removing unused `$_XOR_' cell `$auto$simplemap.cc:106:simplemap_bitop$548'.
  removing unused `$_XOR_' cell `$auto$simplemap.cc:106:simplemap_bitop$547'.
  removing unused `$_XOR_' cell `$auto$simplemap.cc:106:simplemap_bitop$546'.
  removing unused `$_XOR_' cell `$auto$simplemap.cc:106:simplemap_bitop$545'.
  removing unused `$_XOR_' cell `$auto$simplemap.cc:106:simplemap_bitop$544'.
  removing unused `$_XOR_' cell `$auto$simplemap.cc:106:simplemap_bitop$543'.
  removing unused `$_XOR_' cell `$auto$simplemap.cc:106:simplemap_bitop$542'.
  removing unused `$_XOR_' cell `$auto$simplemap.cc:106:simplemap_bitop$541'.
  removing unused `$_XOR_' cell `$auto$simplemap.cc:106:simplemap_bitop$540'.
  removing unused `$_XOR_' cell `$auto$simplemap.cc:106:simplemap_bitop$539'.
  removing unused `$_XOR_' cell `$auto$simplemap.cc:106:simplemap_bitop$538'.
  removing unused `$_NOT_' cell `$auto$simplemap.cc:46:simplemap_not$527'.
  removing unused `$_NOT_' cell `$auto$simplemap.cc:46:simplemap_not$524'.
  removing unused `$_NOT_' cell `$auto$simplemap.cc:46:simplemap_not$523'.
  removing unused `$_NOT_' cell `$auto$simplemap.cc:46:simplemap_not$519'.
  removing unused `$_NOT_' cell `$auto$simplemap.cc:46:simplemap_not$516'.
  removing unused `$_NOT_' cell `$auto$simplemap.cc:46:simplemap_not$514'.
  removing unused `$_NOT_' cell `$auto$simplemap.cc:46:simplemap_not$513'.
  removing unused non-port wire $add$/home/sun/Desktop/yosys-sta/LED/top.v:11$4_Y.
  removing unused non-port wire $auto$alumacc.cc:529:replace_alu$37.
  removing unused non-port wire $auto$alumacc.cc:448:extract_cmp_alu$21.
  removing unused non-port wire $auto$alumacc.cc:529:replace_alu$24.
  removing unused non-port wire $auto$alumacc.cc:528:replace_alu$36.
  removing unused non-port wire $techmap$auto$alumacc.cc:512:replace_alu$35.$xor$/home/sun/Desktop/oss-cad-suite/lib/../share/yosys/techmap.v:296$129_Y.
  removing unused non-port wire $techmap$auto$alumacc.cc:512:replace_alu$35.$ternary$/home/sun/Desktop/oss-cad-suite/lib/../share/yosys/techmap.v:279$128_Y.
  removing unused non-port wire $techmap$auto$alumacc.cc:512:replace_alu$35.$not$/home/sun/Desktop/oss-cad-suite/lib/../share/yosys/techmap.v:279$127_Y.
  removing unused non-port wire $auto$alumacc.cc:512:replace_alu$35.Cnull.
  removing unused non-port wire $auto$alumacc.cc:512:replace_alu$35.G.
  removing unused non-port wire $auto$alumacc.cc:512:replace_alu$35.B_buf.
  removing unused non-port wire $auto$alumacc.cc:512:replace_alu$35.A_buf.
  removing unused non-port wire $auto$alumacc.cc:512:replace_alu$35.BB.
  removing unused non-port wire $auto$alumacc.cc:512:replace_alu$35.AA.
  removing unused non-port wire $auto$alumacc.cc:512:replace_alu$35.BI.
  removing unused non-port wire $auto$alumacc.cc:512:replace_alu$35.CI.
  removing unused non-port wire $auto$alumacc.cc:512:replace_alu$35.X.
  removing unused non-port wire $auto$alumacc.cc:512:replace_alu$35.B.
  removing unused non-port wire $auto$alumacc.cc:512:replace_alu$35.A.
  removing unused non-port wire $auto$simplemap.cc:148:simplemap_reduce$166.
  removing unused non-port wire $techmap$auto$alumacc.cc:512:replace_alu$22.$xor$/home/sun/Desktop/oss-cad-suite/lib/../share/yosys/techmap.v:296$171_Y.
  removing unused non-port wire $techmap$auto$alumacc.cc:512:replace_alu$22.$ternary$/home/sun/Desktop/oss-cad-suite/lib/../share/yosys/techmap.v:279$170_Y.
  removing unused non-port wire $techmap$auto$alumacc.cc:512:replace_alu$22.$not$/home/sun/Desktop/oss-cad-suite/lib/../share/yosys/techmap.v:279$169_Y.
  removing unused non-port wire $auto$alumacc.cc:512:replace_alu$22.Cnull.
  removing unused non-port wire $auto$alumacc.cc:512:replace_alu$22.G.
  removing unused non-port wire $auto$alumacc.cc:512:replace_alu$22.B_buf.
  removing unused non-port wire $auto$alumacc.cc:512:replace_alu$22.A_buf.
  removing unused non-port wire $auto$alumacc.cc:512:replace_alu$22.BB.
  removing unused non-port wire $auto$alumacc.cc:512:replace_alu$22.AA.
  removing unused non-port wire $auto$alumacc.cc:512:replace_alu$22.BI.
  removing unused non-port wire $auto$alumacc.cc:512:replace_alu$22.CI.
  removing unused non-port wire $auto$alumacc.cc:512:replace_alu$22.Y.
  removing unused non-port wire $auto$alumacc.cc:512:replace_alu$22.X.
  removing unused non-port wire $auto$alumacc.cc:512:replace_alu$22.B.
  removing unused non-port wire $auto$alumacc.cc:512:replace_alu$22.A.
  removing unused non-port wire $auto$simplemap.cc:148:simplemap_reduce$174.
  removing unused non-port wire $techmap$auto$alumacc.cc:512:replace_alu$35.fa.$or$/home/sun/Desktop/oss-cad-suite/lib/../share/yosys/techmap.v:206$298_Y.
  removing unused non-port wire $techmap$auto$alumacc.cc:512:replace_alu$35.fa.$xor$/home/sun/Desktop/oss-cad-suite/lib/../share/yosys/techmap.v:206$297_Y.
  removing unused non-port wire $techmap$auto$alumacc.cc:512:replace_alu$35.fa.$and$/home/sun/Desktop/oss-cad-suite/lib/../share/yosys/techmap.v:205$296_Y.
  removing unused non-port wire $techmap$auto$alumacc.cc:512:replace_alu$35.fa.$and$/home/sun/Desktop/oss-cad-suite/lib/../share/yosys/techmap.v:205$295_Y.
  removing unused non-port wire $techmap$auto$alumacc.cc:512:replace_alu$35.fa.$xor$/home/sun/Desktop/oss-cad-suite/lib/../share/yosys/techmap.v:205$294_Y.
  removing unused non-port wire $auto$alumacc.cc:512:replace_alu$35.fa.t3.
  removing unused non-port wire $auto$alumacc.cc:512:replace_alu$35.fa.t2.
  removing unused non-port wire $auto$alumacc.cc:512:replace_alu$35.fa.t1.
  removing unused non-port wire $auto$alumacc.cc:512:replace_alu$35.fa.Y.
  removing unused non-port wire $auto$alumacc.cc:512:replace_alu$35.fa.X.
  removing unused non-port wire $auto$alumacc.cc:512:replace_alu$35.fa.C.
  removing unused non-port wire $auto$alumacc.cc:512:replace_alu$35.fa.B.
  removing unused non-port wire $auto$alumacc.cc:512:replace_alu$35.fa.A.
  removing unused non-port wire $auto$alumacc.cc:512:replace_alu$35.lcu._TECHMAP_DONE_.
  removing unused non-port wire $techmap$auto$alumacc.cc:512:replace_alu$35.lcu.$and$/home/sun/Desktop/oss-cad-suite/lib/../share/yosys/techmap.v:248$404_Y.
  removing unused non-port wire $techmap$auto$alumacc.cc:512:replace_alu$35.lcu.$and$/home/sun/Desktop/oss-cad-suite/lib/../share/yosys/techmap.v:248$452_Y.
  removing unused non-port wire $techmap$auto$alumacc.cc:512:replace_alu$35.lcu.$and$/home/sun/Desktop/oss-cad-suite/lib/../share/yosys/techmap.v:248$419_Y.
  removing unused non-port wire $techmap$auto$alumacc.cc:512:replace_alu$35.lcu.$and$/home/sun/Desktop/oss-cad-suite/lib/../share/yosys/techmap.v:248$401_Y.
  removing unused non-port wire $techmap$auto$alumacc.cc:512:replace_alu$35.lcu.$and$/home/sun/Desktop/oss-cad-suite/lib/../share/yosys/techmap.v:248$437_Y.
  removing unused non-port wire $techmap$auto$alumacc.cc:512:replace_alu$35.lcu.$and$/home/sun/Desktop/oss-cad-suite/lib/../share/yosys/techmap.v:248$455_Y.
  removing unused non-port wire $techmap$auto$alumacc.cc:512:replace_alu$35.lcu.$and$/home/sun/Desktop/oss-cad-suite/lib/../share/yosys/techmap.v:248$398_Y.
  removing unused non-port wire $techmap$auto$alumacc.cc:512:replace_alu$35.lcu.$and$/home/sun/Desktop/oss-cad-suite/lib/../share/yosys/techmap.v:248$443_Y.
  removing unused non-port wire $techmap$auto$alumacc.cc:512:replace_alu$35.lcu.$and$/home/sun/Desktop/oss-cad-suite/lib/../share/yosys/techmap.v:248$416_Y.
  removing unused non-port wire $techmap$auto$alumacc.cc:512:replace_alu$35.lcu.$and$/home/sun/Desktop/oss-cad-suite/lib/../share/yosys/techmap.v:248$395_Y.
  removing unused non-port wire $techmap$auto$alumacc.cc:512:replace_alu$35.lcu.$and$/home/sun/Desktop/oss-cad-suite/lib/../share/yosys/techmap.v:248$458_Y.
  removing unused non-port wire $techmap$auto$alumacc.cc:512:replace_alu$35.lcu.$and$/home/sun/Desktop/oss-cad-suite/lib/../share/yosys/techmap.v:248$425_Y.
  removing unused non-port wire $techmap$auto$alumacc.cc:512:replace_alu$35.lcu.$and$/home/sun/Desktop/oss-cad-suite/lib/../share/yosys/techmap.v:240$392_Y.
  removing unused non-port wire $techmap$auto$alumacc.cc:512:replace_alu$35.lcu.$and$/home/sun/Desktop/oss-cad-suite/lib/../share/yosys/techmap.v:241$391_Y.
  removing unused non-port wire $techmap$auto$alumacc.cc:512:replace_alu$35.lcu.$or$/home/sun/Desktop/oss-cad-suite/lib/../share/yosys/techmap.v:240$390_Y.
  removing unused non-port wire $techmap$auto$alumacc.cc:512:replace_alu$35.lcu.$and$/home/sun/Desktop/oss-cad-suite/lib/../share/yosys/techmap.v:240$389_Y.
  removing unused non-port wire $techmap$auto$alumacc.cc:512:replace_alu$35.lcu.$and$/home/sun/Desktop/oss-cad-suite/lib/../share/yosys/techmap.v:248$431_Y.
  removing unused non-port wire $techmap$auto$alumacc.cc:512:replace_alu$35.lcu.$and$/home/sun/Desktop/oss-cad-suite/lib/../share/yosys/techmap.v:248$461_Y.
  removing unused non-port wire $techmap$auto$alumacc.cc:512:replace_alu$35.lcu.$and$/home/sun/Desktop/oss-cad-suite/lib/../share/yosys/techmap.v:240$386_Y.
  removing unused non-port wire $techmap$auto$alumacc.cc:512:replace_alu$35.lcu.$and$/home/sun/Desktop/oss-cad-suite/lib/../share/yosys/techmap.v:241$385_Y.
  removing unused non-port wire $techmap$auto$alumacc.cc:512:replace_alu$35.lcu.$or$/home/sun/Desktop/oss-cad-suite/lib/../share/yosys/techmap.v:240$384_Y.
  removing unused non-port wire $techmap$auto$alumacc.cc:512:replace_alu$35.lcu.$and$/home/sun/Desktop/oss-cad-suite/lib/../share/yosys/techmap.v:240$383_Y.
  removing unused non-port wire $techmap$auto$alumacc.cc:512:replace_alu$35.lcu.$or$/home/sun/Desktop/oss-cad-suite/lib/../share/yosys/techmap.v:240$381_Y.
  removing unused non-port wire $techmap$auto$alumacc.cc:512:replace_alu$35.lcu.$and$/home/sun/Desktop/oss-cad-suite/lib/../share/yosys/techmap.v:240$380_Y.
  removing unused non-port wire $techmap$auto$alumacc.cc:512:replace_alu$35.lcu.$or$/home/sun/Desktop/oss-cad-suite/lib/../share/yosys/techmap.v:240$378_Y.
  removing unused non-port wire $techmap$auto$alumacc.cc:512:replace_alu$35.lcu.$and$/home/sun/Desktop/oss-cad-suite/lib/../share/yosys/techmap.v:240$377_Y.
  removing unused non-port wire $techmap$auto$alumacc.cc:512:replace_alu$35.lcu.$and$/home/sun/Desktop/oss-cad-suite/lib/../share/yosys/techmap.v:248$413_Y.
  removing unused non-port wire $techmap$auto$alumacc.cc:512:replace_alu$35.lcu.$and$/home/sun/Desktop/oss-cad-suite/lib/../share/yosys/techmap.v:248$446_Y.
  removing unused non-port wire $techmap$auto$alumacc.cc:512:replace_alu$35.lcu.$and$/home/sun/Desktop/oss-cad-suite/lib/../share/yosys/techmap.v:240$374_Y.
  removing unused non-port wire $techmap$auto$alumacc.cc:512:replace_alu$35.lcu.$and$/home/sun/Desktop/oss-cad-suite/lib/../share/yosys/techmap.v:241$373_Y.
  removing unused non-port wire $techmap$auto$alumacc.cc:512:replace_alu$35.lcu.$or$/home/sun/Desktop/oss-cad-suite/lib/../share/yosys/techmap.v:240$372_Y.
  removing unused non-port wire $techmap$auto$alumacc.cc:512:replace_alu$35.lcu.$and$/home/sun/Desktop/oss-cad-suite/lib/../share/yosys/techmap.v:240$371_Y.
  removing unused non-port wire $techmap$auto$alumacc.cc:512:replace_alu$35.lcu.$or$/home/sun/Desktop/oss-cad-suite/lib/../share/yosys/techmap.v:240$369_Y.
  removing unused non-port wire $techmap$auto$alumacc.cc:512:replace_alu$35.lcu.$and$/home/sun/Desktop/oss-cad-suite/lib/../share/yosys/techmap.v:240$368_Y.
  removing unused non-port wire $techmap$auto$alumacc.cc:512:replace_alu$35.lcu.$or$/home/sun/Desktop/oss-cad-suite/lib/../share/yosys/techmap.v:240$366_Y.
  removing unused non-port wire $techmap$auto$alumacc.cc:512:replace_alu$35.lcu.$and$/home/sun/Desktop/oss-cad-suite/lib/../share/yosys/techmap.v:240$365_Y.
  removing unused non-port wire $techmap$auto$alumacc.cc:512:replace_alu$35.lcu.$or$/home/sun/Desktop/oss-cad-suite/lib/../share/yosys/techmap.v:240$363_Y.
  removing unused non-port wire $techmap$auto$alumacc.cc:512:replace_alu$35.lcu.$and$/home/sun/Desktop/oss-cad-suite/lib/../share/yosys/techmap.v:240$362_Y.
  removing unused non-port wire $techmap$auto$alumacc.cc:512:replace_alu$35.lcu.$or$/home/sun/Desktop/oss-cad-suite/lib/../share/yosys/techmap.v:240$360_Y.
  removing unused non-port wire $techmap$auto$alumacc.cc:512:replace_alu$35.lcu.$and$/home/sun/Desktop/oss-cad-suite/lib/../share/yosys/techmap.v:240$359_Y.
  removing unused non-port wire $techmap$auto$alumacc.cc:512:replace_alu$35.lcu.$or$/home/sun/Desktop/oss-cad-suite/lib/../share/yosys/techmap.v:240$357_Y.
  removing unused non-port wire $techmap$auto$alumacc.cc:512:replace_alu$35.lcu.$and$/home/sun/Desktop/oss-cad-suite/lib/../share/yosys/techmap.v:240$356_Y.
  removing unused non-port wire $techmap$auto$alumacc.cc:512:replace_alu$35.lcu.$or$/home/sun/Desktop/oss-cad-suite/lib/../share/yosys/techmap.v:240$354_Y.
  removing unused non-port wire $techmap$auto$alumacc.cc:512:replace_alu$35.lcu.$and$/home/sun/Desktop/oss-cad-suite/lib/../share/yosys/techmap.v:240$353_Y.
  removing unused non-port wire $techmap$auto$alumacc.cc:512:replace_alu$35.lcu.$and$/home/sun/Desktop/oss-cad-suite/lib/../share/yosys/techmap.v:248$464_Y.
  removing unused non-port wire $techmap$auto$alumacc.cc:512:replace_alu$35.lcu.$and$/home/sun/Desktop/oss-cad-suite/lib/../share/yosys/techmap.v:248$428_Y.
  removing unused non-port wire $techmap$auto$alumacc.cc:512:replace_alu$35.lcu.$and$/home/sun/Desktop/oss-cad-suite/lib/../share/yosys/techmap.v:240$350_Y.
  removing unused non-port wire $techmap$auto$alumacc.cc:512:replace_alu$35.lcu.$and$/home/sun/Desktop/oss-cad-suite/lib/../share/yosys/techmap.v:241$349_Y.
  removing unused non-port wire $techmap$auto$alumacc.cc:512:replace_alu$35.lcu.$or$/home/sun/Desktop/oss-cad-suite/lib/../share/yosys/techmap.v:240$348_Y.
  removing unused non-port wire $techmap$auto$alumacc.cc:512:replace_alu$35.lcu.$and$/home/sun/Desktop/oss-cad-suite/lib/../share/yosys/techmap.v:240$347_Y.
  removing unused non-port wire $techmap$auto$alumacc.cc:512:replace_alu$35.lcu.$or$/home/sun/Desktop/oss-cad-suite/lib/../share/yosys/techmap.v:240$345_Y.
  removing unused non-port wire $techmap$auto$alumacc.cc:512:replace_alu$35.lcu.$and$/home/sun/Desktop/oss-cad-suite/lib/../share/yosys/techmap.v:240$344_Y.
  removing unused non-port wire $techmap$auto$alumacc.cc:512:replace_alu$35.lcu.$or$/home/sun/Desktop/oss-cad-suite/lib/../share/yosys/techmap.v:240$342_Y.
  removing unused non-port wire $techmap$auto$alumacc.cc:512:replace_alu$35.lcu.$and$/home/sun/Desktop/oss-cad-suite/lib/../share/yosys/techmap.v:240$341_Y.
  removing unused non-port wire $techmap$auto$alumacc.cc:512:replace_alu$35.lcu.$or$/home/sun/Desktop/oss-cad-suite/lib/../share/yosys/techmap.v:240$339_Y.
  removing unused non-port wire $techmap$auto$alumacc.cc:512:replace_alu$35.lcu.$and$/home/sun/Desktop/oss-cad-suite/lib/../share/yosys/techmap.v:240$338_Y.
  removing unused non-port wire $techmap$auto$alumacc.cc:512:replace_alu$35.lcu.$or$/home/sun/Desktop/oss-cad-suite/lib/../share/yosys/techmap.v:240$336_Y.
  removing unused non-port wire $techmap$auto$alumacc.cc:512:replace_alu$35.lcu.$and$/home/sun/Desktop/oss-cad-suite/lib/../share/yosys/techmap.v:240$335_Y.
  removing unused non-port wire $techmap$auto$alumacc.cc:512:replace_alu$35.lcu.$or$/home/sun/Desktop/oss-cad-suite/lib/../share/yosys/techmap.v:240$333_Y.
  removing unused non-port wire $techmap$auto$alumacc.cc:512:replace_alu$35.lcu.$and$/home/sun/Desktop/oss-cad-suite/lib/../share/yosys/techmap.v:240$332_Y.
  removing unused non-port wire $techmap$auto$alumacc.cc:512:replace_alu$35.lcu.$and$/home/sun/Desktop/oss-cad-suite/lib/../share/yosys/techmap.v:241$331_Y.
  removing unused non-port wire $techmap$auto$alumacc.cc:512:replace_alu$35.lcu.$or$/home/sun/Desktop/oss-cad-suite/lib/../share/yosys/techmap.v:240$330_Y.
  removing unused non-port wire $techmap$auto$alumacc.cc:512:replace_alu$35.lcu.$and$/home/sun/Desktop/oss-cad-suite/lib/../share/yosys/techmap.v:240$329_Y.
  removing unused non-port wire $techmap$auto$alumacc.cc:512:replace_alu$35.lcu.$or$/home/sun/Desktop/oss-cad-suite/lib/../share/yosys/techmap.v:240$327_Y.
  removing unused non-port wire $techmap$auto$alumacc.cc:512:replace_alu$35.lcu.$and$/home/sun/Desktop/oss-cad-suite/lib/../share/yosys/techmap.v:240$326_Y.
  removing unused non-port wire $techmap$auto$alumacc.cc:512:replace_alu$35.lcu.$or$/home/sun/Desktop/oss-cad-suite/lib/../share/yosys/techmap.v:240$324_Y.
  removing unused non-port wire $techmap$auto$alumacc.cc:512:replace_alu$35.lcu.$and$/home/sun/Desktop/oss-cad-suite/lib/../share/yosys/techmap.v:240$323_Y.
  removing unused non-port wire $techmap$auto$alumacc.cc:512:replace_alu$35.lcu.$or$/home/sun/Desktop/oss-cad-suite/lib/../share/yosys/techmap.v:240$321_Y.
  removing unused non-port wire $techmap$auto$alumacc.cc:512:replace_alu$35.lcu.$and$/home/sun/Desktop/oss-cad-suite/lib/../share/yosys/techmap.v:240$320_Y.
  removing unused non-port wire $techmap$auto$alumacc.cc:512:replace_alu$35.lcu.$and$/home/sun/Desktop/oss-cad-suite/lib/../share/yosys/techmap.v:241$319_Y.
  removing unused non-port wire $techmap$auto$alumacc.cc:512:replace_alu$35.lcu.$or$/home/sun/Desktop/oss-cad-suite/lib/../share/yosys/techmap.v:240$318_Y.
  removing unused non-port wire $techmap$auto$alumacc.cc:512:replace_alu$35.lcu.$and$/home/sun/Desktop/oss-cad-suite/lib/../share/yosys/techmap.v:240$317_Y.
  removing unused non-port wire $techmap$auto$alumacc.cc:512:replace_alu$35.lcu.$and$/home/sun/Desktop/oss-cad-suite/lib/../share/yosys/techmap.v:241$316_Y.
  removing unused non-port wire $techmap$auto$alumacc.cc:512:replace_alu$35.lcu.$or$/home/sun/Desktop/oss-cad-suite/lib/../share/yosys/techmap.v:240$315_Y.
  removing unused non-port wire $techmap$auto$alumacc.cc:512:replace_alu$35.lcu.$and$/home/sun/Desktop/oss-cad-suite/lib/../share/yosys/techmap.v:240$314_Y.
  removing unused non-port wire $techmap$auto$alumacc.cc:512:replace_alu$35.lcu.$or$/home/sun/Desktop/oss-cad-suite/lib/../share/yosys/techmap.v:240$312_Y.
  removing unused non-port wire $techmap$auto$alumacc.cc:512:replace_alu$35.lcu.$and$/home/sun/Desktop/oss-cad-suite/lib/../share/yosys/techmap.v:240$311_Y.
  removing unused non-port wire $techmap$auto$alumacc.cc:512:replace_alu$35.lcu.$or$/home/sun/Desktop/oss-cad-suite/lib/../share/yosys/techmap.v:240$309_Y.
  removing unused non-port wire $techmap$auto$alumacc.cc:512:replace_alu$35.lcu.$and$/home/sun/Desktop/oss-cad-suite/lib/../share/yosys/techmap.v:240$308_Y.
  removing unused non-port wire $techmap$auto$alumacc.cc:512:replace_alu$35.lcu.$or$/home/sun/Desktop/oss-cad-suite/lib/../share/yosys/techmap.v:240$306_Y.
  removing unused non-port wire $techmap$auto$alumacc.cc:512:replace_alu$35.lcu.$and$/home/sun/Desktop/oss-cad-suite/lib/../share/yosys/techmap.v:240$305_Y.
  removing unused non-port wire $techmap$auto$alumacc.cc:512:replace_alu$35.lcu.$and$/home/sun/Desktop/oss-cad-suite/lib/../share/yosys/techmap.v:248$410_Y.
  removing unused non-port wire $techmap$auto$alumacc.cc:512:replace_alu$35.lcu.$and$/home/sun/Desktop/oss-cad-suite/lib/../share/yosys/techmap.v:248$467_Y.
  removing unused non-port wire $techmap$auto$alumacc.cc:512:replace_alu$35.lcu.$and$/home/sun/Desktop/oss-cad-suite/lib/../share/yosys/techmap.v:240$302_Y.
  removing unused non-port wire $techmap$auto$alumacc.cc:512:replace_alu$35.lcu.$and$/home/sun/Desktop/oss-cad-suite/lib/../share/yosys/techmap.v:248$422_Y.
  removing unused non-port wire $techmap$auto$alumacc.cc:512:replace_alu$35.lcu.$and$/home/sun/Desktop/oss-cad-suite/lib/../share/yosys/techmap.v:231$300_Y.
  removing unused non-port wire $techmap$auto$alumacc.cc:512:replace_alu$35.lcu.$and$/home/sun/Desktop/oss-cad-suite/lib/../share/yosys/techmap.v:248$449_Y.
  removing unused non-port wire $techmap$auto$alumacc.cc:512:replace_alu$35.lcu.$and$/home/sun/Desktop/oss-cad-suite/lib/../share/yosys/techmap.v:248$470_Y.
  removing unused non-port wire $techmap$auto$alumacc.cc:512:replace_alu$35.lcu.$and$/home/sun/Desktop/oss-cad-suite/lib/../share/yosys/techmap.v:248$407_Y.
  removing unused non-port wire $techmap$auto$alumacc.cc:512:replace_alu$35.lcu.$and$/home/sun/Desktop/oss-cad-suite/lib/../share/yosys/techmap.v:248$440_Y.
  removing unused non-port wire $techmap$auto$alumacc.cc:512:replace_alu$35.lcu.$and$/home/sun/Desktop/oss-cad-suite/lib/../share/yosys/techmap.v:248$434_Y.
  removing unused non-port wire $auto$alumacc.cc:512:replace_alu$35.lcu.g.
  removing unused non-port wire $auto$alumacc.cc:512:replace_alu$35.lcu.p.
  removing unused non-port wire $auto$alumacc.cc:512:replace_alu$35.lcu.j.
  removing unused non-port wire $auto$alumacc.cc:512:replace_alu$35.lcu.i.
  removing unused non-port wire $auto$alumacc.cc:512:replace_alu$35.lcu.CO.
  removing unused non-port wire $auto$alumacc.cc:512:replace_alu$35.lcu.CI.
  removing unused non-port wire $auto$alumacc.cc:512:replace_alu$35.lcu.G.
  removing unused non-port wire $auto$alumacc.cc:512:replace_alu$35.lcu.P.
  removing unused non-port wire $techmap$auto$alumacc.cc:512:replace_alu$22.fa.$or$/home/sun/Desktop/oss-cad-suite/lib/../share/yosys/techmap.v:206$568_Y.
  removing unused non-port wire $techmap$auto$alumacc.cc:512:replace_alu$22.fa.$xor$/home/sun/Desktop/oss-cad-suite/lib/../share/yosys/techmap.v:206$567_Y.
  removing unused non-port wire $techmap$auto$alumacc.cc:512:replace_alu$22.fa.$and$/home/sun/Desktop/oss-cad-suite/lib/../share/yosys/techmap.v:205$566_Y.
  removing unused non-port wire $techmap$auto$alumacc.cc:512:replace_alu$22.fa.$and$/home/sun/Desktop/oss-cad-suite/lib/../share/yosys/techmap.v:205$565_Y.
  removing unused non-port wire $techmap$auto$alumacc.cc:512:replace_alu$22.fa.$xor$/home/sun/Desktop/oss-cad-suite/lib/../share/yosys/techmap.v:205$564_Y.
  removing unused non-port wire $auto$alumacc.cc:512:replace_alu$22.fa.t3.
  removing unused non-port wire $auto$alumacc.cc:512:replace_alu$22.fa.t2.
  removing unused non-port wire $auto$alumacc.cc:512:replace_alu$22.fa.t1.
  removing unused non-port wire $auto$alumacc.cc:512:replace_alu$22.fa.Y.
  removing unused non-port wire $auto$alumacc.cc:512:replace_alu$22.fa.X.
  removing unused non-port wire $auto$alumacc.cc:512:replace_alu$22.fa.C.
  removing unused non-port wire $auto$alumacc.cc:512:replace_alu$22.fa.B.
  removing unused non-port wire $auto$alumacc.cc:512:replace_alu$22.fa.A.
  removing unused non-port wire $auto$alumacc.cc:512:replace_alu$22.lcu._TECHMAP_DONE_.
  removing unused non-port wire $techmap$auto$alumacc.cc:512:replace_alu$22.lcu.$and$/home/sun/Desktop/oss-cad-suite/lib/../share/yosys/techmap.v:248$647_Y.
  removing unused non-port wire $techmap$auto$alumacc.cc:512:replace_alu$22.lcu.$and$/home/sun/Desktop/oss-cad-suite/lib/../share/yosys/techmap.v:248$674_Y.
  removing unused non-port wire $techmap$auto$alumacc.cc:512:replace_alu$22.lcu.$and$/home/sun/Desktop/oss-cad-suite/lib/../share/yosys/techmap.v:248$659_Y.
  removing unused non-port wire $techmap$auto$alumacc.cc:512:replace_alu$22.lcu.$and$/home/sun/Desktop/oss-cad-suite/lib/../share/yosys/techmap.v:248$644_Y.
  removing unused non-port wire $techmap$auto$alumacc.cc:512:replace_alu$22.lcu.$and$/home/sun/Desktop/oss-cad-suite/lib/../share/yosys/techmap.v:248$689_Y.
  removing unused non-port wire $techmap$auto$alumacc.cc:512:replace_alu$22.lcu.$and$/home/sun/Desktop/oss-cad-suite/lib/../share/yosys/techmap.v:248$680_Y.
  removing unused non-port wire $techmap$auto$alumacc.cc:512:replace_alu$22.lcu.$and$/home/sun/Desktop/oss-cad-suite/lib/../share/yosys/techmap.v:248$692_Y.
  removing unused non-port wire $techmap$auto$alumacc.cc:512:replace_alu$22.lcu.$and$/home/sun/Desktop/oss-cad-suite/lib/../share/yosys/techmap.v:248$656_Y.
  removing unused non-port wire $techmap$auto$alumacc.cc:512:replace_alu$22.lcu.$and$/home/sun/Desktop/oss-cad-suite/lib/../share/yosys/techmap.v:248$668_Y.
  removing unused non-port wire $techmap$auto$alumacc.cc:512:replace_alu$22.lcu.$or$/home/sun/Desktop/oss-cad-suite/lib/../share/yosys/techmap.v:240$621_Y.
  removing unused non-port wire $techmap$auto$alumacc.cc:512:replace_alu$22.lcu.$and$/home/sun/Desktop/oss-cad-suite/lib/../share/yosys/techmap.v:240$620_Y.
  removing unused non-port wire $techmap$auto$alumacc.cc:512:replace_alu$22.lcu.$and$/home/sun/Desktop/oss-cad-suite/lib/../share/yosys/techmap.v:248$695_Y.
  removing unused non-port wire $techmap$auto$alumacc.cc:512:replace_alu$22.lcu.$and$/home/sun/Desktop/oss-cad-suite/lib/../share/yosys/techmap.v:248$671_Y.
  removing unused non-port wire $techmap$auto$alumacc.cc:512:replace_alu$22.lcu.$and$/home/sun/Desktop/oss-cad-suite/lib/../share/yosys/techmap.v:240$611_Y.
  removing unused non-port wire $techmap$auto$alumacc.cc:512:replace_alu$22.lcu.$and$/home/sun/Desktop/oss-cad-suite/lib/../share/yosys/techmap.v:241$610_Y.
  removing unused non-port wire $techmap$auto$alumacc.cc:512:replace_alu$22.lcu.$and$/home/sun/Desktop/oss-cad-suite/lib/../share/yosys/techmap.v:241$607_Y.
  removing unused non-port wire $techmap$auto$alumacc.cc:512:replace_alu$22.lcu.$and$/home/sun/Desktop/oss-cad-suite/lib/../share/yosys/techmap.v:241$604_Y.
  removing unused non-port wire $techmap$auto$alumacc.cc:512:replace_alu$22.lcu.$and$/home/sun/Desktop/oss-cad-suite/lib/../share/yosys/techmap.v:241$601_Y.
  removing unused non-port wire $techmap$auto$alumacc.cc:512:replace_alu$22.lcu.$and$/home/sun/Desktop/oss-cad-suite/lib/../share/yosys/techmap.v:241$598_Y.
  removing unused non-port wire $techmap$auto$alumacc.cc:512:replace_alu$22.lcu.$or$/home/sun/Desktop/oss-cad-suite/lib/../share/yosys/techmap.v:240$597_Y.
  removing unused non-port wire $techmap$auto$alumacc.cc:512:replace_alu$22.lcu.$and$/home/sun/Desktop/oss-cad-suite/lib/../share/yosys/techmap.v:240$596_Y.
  removing unused non-port wire $techmap$auto$alumacc.cc:512:replace_alu$22.lcu.$and$/home/sun/Desktop/oss-cad-suite/lib/../share/yosys/techmap.v:241$595_Y.
  removing unused non-port wire $techmap$auto$alumacc.cc:512:replace_alu$22.lcu.$and$/home/sun/Desktop/oss-cad-suite/lib/../share/yosys/techmap.v:241$592_Y.
  removing unused non-port wire $techmap$auto$alumacc.cc:512:replace_alu$22.lcu.$or$/home/sun/Desktop/oss-cad-suite/lib/../share/yosys/techmap.v:240$591_Y.
  removing unused non-port wire $techmap$auto$alumacc.cc:512:replace_alu$22.lcu.$and$/home/sun/Desktop/oss-cad-suite/lib/../share/yosys/techmap.v:240$590_Y.
  removing unused non-port wire $techmap$auto$alumacc.cc:512:replace_alu$22.lcu.$and$/home/sun/Desktop/oss-cad-suite/lib/../share/yosys/techmap.v:241$589_Y.
  removing unused non-port wire $techmap$auto$alumacc.cc:512:replace_alu$22.lcu.$and$/home/sun/Desktop/oss-cad-suite/lib/../share/yosys/techmap.v:241$586_Y.
  removing unused non-port wire $techmap$auto$alumacc.cc:512:replace_alu$22.lcu.$or$/home/sun/Desktop/oss-cad-suite/lib/../share/yosys/techmap.v:240$585_Y.
  removing unused non-port wire $techmap$auto$alumacc.cc:512:replace_alu$22.lcu.$and$/home/sun/Desktop/oss-cad-suite/lib/../share/yosys/techmap.v:240$584_Y.
  removing unused non-port wire $techmap$auto$alumacc.cc:512:replace_alu$22.lcu.$and$/home/sun/Desktop/oss-cad-suite/lib/../share/yosys/techmap.v:241$583_Y.
  removing unused non-port wire $techmap$auto$alumacc.cc:512:replace_alu$22.lcu.$and$/home/sun/Desktop/oss-cad-suite/lib/../share/yosys/techmap.v:241$580_Y.
  removing unused non-port wire $techmap$auto$alumacc.cc:512:replace_alu$22.lcu.$or$/home/sun/Desktop/oss-cad-suite/lib/../share/yosys/techmap.v:240$579_Y.
  removing unused non-port wire $techmap$auto$alumacc.cc:512:replace_alu$22.lcu.$and$/home/sun/Desktop/oss-cad-suite/lib/../share/yosys/techmap.v:241$577_Y.
  removing unused non-port wire $techmap$auto$alumacc.cc:512:replace_alu$22.lcu.$or$/home/sun/Desktop/oss-cad-suite/lib/../share/yosys/techmap.v:240$576_Y.
  removing unused non-port wire $techmap$auto$alumacc.cc:512:replace_alu$22.lcu.$and$/home/sun/Desktop/oss-cad-suite/lib/../share/yosys/techmap.v:240$575_Y.
  removing unused non-port wire $techmap$auto$alumacc.cc:512:replace_alu$22.lcu.$and$/home/sun/Desktop/oss-cad-suite/lib/../share/yosys/techmap.v:248$653_Y.
  removing unused non-port wire $techmap$auto$alumacc.cc:512:replace_alu$22.lcu.$and$/home/sun/Desktop/oss-cad-suite/lib/../share/yosys/techmap.v:248$698_Y.
  removing unused non-port wire $techmap$auto$alumacc.cc:512:replace_alu$22.lcu.$and$/home/sun/Desktop/oss-cad-suite/lib/../share/yosys/techmap.v:240$572_Y.
  removing unused non-port wire $techmap$auto$alumacc.cc:512:replace_alu$22.lcu.$and$/home/sun/Desktop/oss-cad-suite/lib/../share/yosys/techmap.v:248$683_Y.
  removing unused non-port wire $techmap$auto$alumacc.cc:512:replace_alu$22.lcu.$and$/home/sun/Desktop/oss-cad-suite/lib/../share/yosys/techmap.v:231$570_Y.
  removing unused non-port wire $techmap$auto$alumacc.cc:512:replace_alu$22.lcu.$and$/home/sun/Desktop/oss-cad-suite/lib/../share/yosys/techmap.v:248$662_Y.
  removing unused non-port wire $techmap$auto$alumacc.cc:512:replace_alu$22.lcu.$and$/home/sun/Desktop/oss-cad-suite/lib/../share/yosys/techmap.v:248$701_Y.
  removing unused non-port wire $techmap$auto$alumacc.cc:512:replace_alu$22.lcu.$and$/home/sun/Desktop/oss-cad-suite/lib/../share/yosys/techmap.v:248$650_Y.
  removing unused non-port wire $techmap$auto$alumacc.cc:512:replace_alu$22.lcu.$and$/home/sun/Desktop/oss-cad-suite/lib/../share/yosys/techmap.v:248$677_Y.
  removing unused non-port wire $techmap$auto$alumacc.cc:512:replace_alu$22.lcu.$and$/home/sun/Desktop/oss-cad-suite/lib/../share/yosys/techmap.v:248$686_Y.
  removing unused non-port wire $auto$alumacc.cc:512:replace_alu$22.lcu.g.
  removing unused non-port wire $auto$alumacc.cc:512:replace_alu$22.lcu.p.
  removing unused non-port wire $auto$alumacc.cc:512:replace_alu$22.lcu.j.
  removing unused non-port wire $auto$alumacc.cc:512:replace_alu$22.lcu.i.
  removing unused non-port wire $auto$alumacc.cc:512:replace_alu$22.lcu.CO.
  removing unused non-port wire $auto$alumacc.cc:512:replace_alu$22.lcu.CI.
  removing unused non-port wire $auto$alumacc.cc:512:replace_alu$22.lcu.G.
  removing unused non-port wire $auto$alumacc.cc:512:replace_alu$22.lcu.P.
  removing unused non-port wire $auto$rtlil.cc:3504:NotGate$1298.
  removing unused non-port wire $auto$rtlil.cc:3504:NotGate$1300.
  removing unused non-port wire $auto$rtlil.cc:3504:NotGate$1302.
  removing unused non-port wire $auto$rtlil.cc:3504:NotGate$1304.
  removing unused non-port wire $auto$rtlil.cc:3504:NotGate$1306.
  removing unused non-port wire $auto$rtlil.cc:3504:NotGate$1308.
  removing unused non-port wire $auto$rtlil.cc:3504:NotGate$1310.
  removing unused non-port wire $auto$rtlil.cc:3504:NotGate$1312.
  removing unused non-port wire $auto$rtlil.cc:3504:NotGate$1314.
  removing unused non-port wire $auto$rtlil.cc:3504:NotGate$1316.
  removing unused non-port wire $auto$rtlil.cc:3504:NotGate$1318.
  removing unused non-port wire $auto$rtlil.cc:3504:NotGate$1320.
  removing unused non-port wire $auto$rtlil.cc:3504:NotGate$1322.
  removing unused non-port wire $auto$rtlil.cc:3504:NotGate$1324.
  removing unused non-port wire $auto$rtlil.cc:3504:NotGate$1326.
  removing unused non-port wire $auto$rtlil.cc:3504:NotGate$1328.
  removing unused non-port wire $auto$rtlil.cc:3504:NotGate$1330.
  removing unused non-port wire $auto$rtlil.cc:3504:NotGate$1332.
  removing unused non-port wire $auto$rtlil.cc:3504:NotGate$1334.
  removing unused non-port wire $auto$rtlil.cc:3504:NotGate$1336.
Removed 71 unused cells and 236 unused wires.

8.5.5. Finished fast OPT passes.

8.6. Executing ABC pass (technology mapping using ABC).

8.6.1. Extracting gate netlist of module `\top' to `<abc-temp-dir>/input.blif'..

8.6.1.1. Executed ABC.
Extracted 216 gates and 249 wires to a netlist network with 33 inputs and 34 outputs.
Running ABC script: <abc-temp-dir>/abc.script
ABC: UC Berkeley, ABC 1.01 (compiled Jul 24 2026 03:59:25)
ABC: abc 01> empty
ABC: abc 01> source <abc-temp-dir>/abc.script
ABC: + read_blif <abc-temp-dir>/input.blif 
ABC: + read_library <abc-temp-dir>/stdcells.genlib 
ABC: + strash 
ABC: + &get -n 
ABC: + &fraig -x 
ABC: + &put 
ABC: + scorr 
ABC: Warning: The network is combinational (run "fraig" or "fraig_sweep").
ABC: + dc2 
ABC: + dretime 
ABC: + strash 
ABC: + &get -n 
ABC: + &dch -f 
ABC: + &nf 
ABC: + &put 
ABC: + write_blif <abc-temp-dir>/output.blif 
ABC: 
ABC: YOSYS_ABC_DONE 

8.6.1.2. Re-integrating ABC results.
ABC RESULTS:               AND cells:       46
ABC RESULTS:            ANDNOT cells:        5
ABC RESULTS:              NAND cells:       11
ABC RESULTS:               NOR cells:       16
ABC RESULTS:               NOT cells:        1
ABC RESULTS:                OR cells:        4
ABC RESULTS:              XNOR cells:        3
ABC RESULTS:               XOR cells:       25
ABC RESULTS:        internal signals:      182
ABC RESULTS:           input signals:       33
ABC RESULTS:          output signals:       34
Removing temp directory.
Removing global temp directory.

8.7. Executing OPT pass (performing simple optimizations).

8.7.1. Executing OPT_EXPR pass (perform const folding).
Optimizing module top.

8.7.2. Executing OPT_MERGE pass (detect identical cells).
Finding identical cells in module `\top'.
Computing hashes of 159 cells of `\top'.
Finding duplicate cells in `\top'.
Removed a total of 0 cells.

8.7.3. Executing OPT_DFF pass (perform DFF optimizations).

8.7.4. Executing OPT_CLEAN pass (remove unused cells and wires).
Finding unused cells or wires in module \top..
  removing unused non-port wire $auto$opt_dff.cc:360:combine_resets$19.
  removing unused non-port wire $techmap$auto$alumacc.cc:512:replace_alu$22.lcu.$or$/home/sun/Desktop/oss-cad-suite/lib/../share/yosys/techmap.v:240$594_Y.
  removing unused non-port wire $eq$/home/sun/Desktop/yosys-sta/LED/top.v:10$2_Y.
  removing unused non-port wire $techmap$auto$alumacc.cc:512:replace_alu$35.lcu.$and$/home/sun/Desktop/oss-cad-suite/lib/../share/yosys/techmap.v:241$346_Y.
  removing unused non-port wire $techmap$auto$alumacc.cc:512:replace_alu$22.lcu.$and$/home/sun/Desktop/oss-cad-suite/lib/../share/yosys/techmap.v:241$637_Y.
  removing unused non-port wire $auto$alumacc.cc:528:replace_alu$23.
  removing unused non-port wire $techmap$auto$alumacc.cc:512:replace_alu$22.lcu.$and$/home/sun/Desktop/oss-cad-suite/lib/../share/yosys/techmap.v:240$638_Y.
  removing unused non-port wire $auto$rtlil.cc:3267:Not$26.
  removing unused non-port wire $auto$rtlil.cc:3270:ReduceAnd$28.
  removing unused non-port wire $auto$rtlil.cc:3315:Or$30.
  removing unused non-port wire $auto$rtlil.cc:3267:Not$32.
  removing unused non-port wire $techmap$auto$alumacc.cc:512:replace_alu$35.lcu.$and$/home/sun/Desktop/oss-cad-suite/lib/../share/yosys/techmap.v:241$343_Y.
  removing unused non-port wire $techmap$auto$alumacc.cc:512:replace_alu$22.lcu.$and$/home/sun/Desktop/oss-cad-suite/lib/../share/yosys/techmap.v:240$599_Y.
  removing unused non-port wire $techmap$auto$alumacc.cc:512:replace_alu$22.lcu.$or$/home/sun/Desktop/oss-cad-suite/lib/../share/yosys/techmap.v:240$600_Y.
  removing unused non-port wire $techmap$auto$alumacc.cc:512:replace_alu$35.lcu.$and$/home/sun/Desktop/oss-cad-suite/lib/../share/yosys/techmap.v:241$325_Y.
  removing unused non-port wire $techmap$auto$alumacc.cc:512:replace_alu$22.lcu.$and$/home/sun/Desktop/oss-cad-suite/lib/../share/yosys/techmap.v:240$602_Y.
  removing unused non-port wire $techmap$auto$alumacc.cc:512:replace_alu$22.lcu.$or$/home/sun/Desktop/oss-cad-suite/lib/../share/yosys/techmap.v:240$603_Y.
  removing unused non-port wire $techmap$auto$alumacc.cc:512:replace_alu$35.lcu.$and$/home/sun/Desktop/oss-cad-suite/lib/../share/yosys/techmap.v:241$307_Y.
  removing unused non-port wire $techmap$auto$alumacc.cc:512:replace_alu$22.lcu.$and$/home/sun/Desktop/oss-cad-suite/lib/../share/yosys/techmap.v:240$605_Y.
  removing unused non-port wire $techmap$auto$alumacc.cc:512:replace_alu$22.lcu.$or$/home/sun/Desktop/oss-cad-suite/lib/../share/yosys/techmap.v:240$606_Y.
  removing unused non-port wire $techmap$auto$alumacc.cc:512:replace_alu$35.lcu.$and$/home/sun/Desktop/oss-cad-suite/lib/../share/yosys/techmap.v:241$340_Y.
  removing unused non-port wire $auto$alumacc.cc:512:replace_alu$35.CO.
  removing unused non-port wire $techmap$auto$alumacc.cc:512:replace_alu$22.lcu.$and$/home/sun/Desktop/oss-cad-suite/lib/../share/yosys/techmap.v:240$608_Y.
  removing unused non-port wire $techmap$auto$alumacc.cc:512:replace_alu$35.lcu.$and$/home/sun/Desktop/oss-cad-suite/lib/../share/yosys/techmap.v:241$382_Y.
  removing unused non-port wire $techmap$auto$alumacc.cc:512:replace_alu$22.lcu.$or$/home/sun/Desktop/oss-cad-suite/lib/../share/yosys/techmap.v:240$609_Y.
  removing unused non-port wire $techmap$auto$alumacc.cc:512:replace_alu$22.lcu.$and$/home/sun/Desktop/oss-cad-suite/lib/../share/yosys/techmap.v:248$641_Y.
  removing unused non-port wire $techmap$auto$alumacc.cc:512:replace_alu$35.lcu.$and$/home/sun/Desktop/oss-cad-suite/lib/../share/yosys/techmap.v:241$379_Y.
  removing unused non-port wire $auto$simplemap.cc:148:simplemap_reduce$132.
  removing unused non-port wire $auto$simplemap.cc:148:simplemap_reduce$149.
  removing unused non-port wire $auto$simplemap.cc:148:simplemap_reduce$158.
  removing unused non-port wire $auto$simplemap.cc:148:simplemap_reduce$163.
  removing unused non-port wire $techmap$auto$alumacc.cc:512:replace_alu$22.lcu.$and$/home/sun/Desktop/oss-cad-suite/lib/../share/yosys/techmap.v:248$665_Y.
  removing unused non-port wire $techmap$auto$alumacc.cc:512:replace_alu$35.lcu.$and$/home/sun/Desktop/oss-cad-suite/lib/../share/yosys/techmap.v:241$337_Y.
  removing unused non-port wire $techmap$auto$alumacc.cc:512:replace_alu$35.lcu.$and$/home/sun/Desktop/oss-cad-suite/lib/../share/yosys/techmap.v:241$313_Y.
  removing unused non-port wire $techmap$auto$alumacc.cc:512:replace_alu$22.lcu.$and$/home/sun/Desktop/oss-cad-suite/lib/../share/yosys/techmap.v:240$614_Y.
  removing unused non-port wire $techmap$auto$alumacc.cc:512:replace_alu$22.lcu.$or$/home/sun/Desktop/oss-cad-suite/lib/../share/yosys/techmap.v:240$615_Y.
  removing unused non-port wire $techmap$auto$alumacc.cc:512:replace_alu$22.lcu.$and$/home/sun/Desktop/oss-cad-suite/lib/../share/yosys/techmap.v:241$616_Y.
  removing unused non-port wire $auto$alumacc.cc:512:replace_alu$22.P.
  removing unused non-port wire $techmap$auto$alumacc.cc:512:replace_alu$22.lcu.$and$/home/sun/Desktop/oss-cad-suite/lib/../share/yosys/techmap.v:240$617_Y.
  removing unused non-port wire $techmap$auto$alumacc.cc:512:replace_alu$22.lcu.$or$/home/sun/Desktop/oss-cad-suite/lib/../share/yosys/techmap.v:240$618_Y.
  removing unused non-port wire $techmap$auto$alumacc.cc:512:replace_alu$35.lcu.$and$/home/sun/Desktop/oss-cad-suite/lib/../share/yosys/techmap.v:241$370_Y.
  removing unused non-port wire $techmap$auto$alumacc.cc:512:replace_alu$22.lcu.$and$/home/sun/Desktop/oss-cad-suite/lib/../share/yosys/techmap.v:241$619_Y.
  removing unused non-port wire $auto$alumacc.cc:512:replace_alu$22.CO.
  removing unused non-port wire $techmap$auto$alumacc.cc:512:replace_alu$35.lcu.$and$/home/sun/Desktop/oss-cad-suite/lib/../share/yosys/techmap.v:241$328_Y.
  removing unused non-port wire $techmap$auto$alumacc.cc:512:replace_alu$35.lcu.$and$/home/sun/Desktop/oss-cad-suite/lib/../share/yosys/techmap.v:241$367_Y.
  removing unused non-port wire $techmap$auto$alumacc.cc:512:replace_alu$35.lcu.$and$/home/sun/Desktop/oss-cad-suite/lib/../share/yosys/techmap.v:241$334_Y.
  removing unused non-port wire $techmap$auto$alumacc.cc:512:replace_alu$22.lcu.$and$/home/sun/Desktop/oss-cad-suite/lib/../share/yosys/techmap.v:241$622_Y.
  removing unused non-port wire $techmap$auto$alumacc.cc:512:replace_alu$35.lcu.$and$/home/sun/Desktop/oss-cad-suite/lib/../share/yosys/techmap.v:241$364_Y.
  removing unused non-port wire $techmap$auto$alumacc.cc:512:replace_alu$22.lcu.$and$/home/sun/Desktop/oss-cad-suite/lib/../share/yosys/techmap.v:240$623_Y.
  removing unused non-port wire $auto$simplemap.cc:148:simplemap_reduce$172.
  removing unused non-port wire $techmap$auto$alumacc.cc:512:replace_alu$22.lcu.$or$/home/sun/Desktop/oss-cad-suite/lib/../share/yosys/techmap.v:240$624_Y.
  removing unused non-port wire $auto$simplemap.cc:189:logic_reduce$224.
  removing unused non-port wire $auto$simplemap.cc:189:logic_reduce$241.
  removing unused non-port wire $auto$simplemap.cc:189:logic_reduce$250.
  removing unused non-port wire $auto$simplemap.cc:189:logic_reduce$255.
  removing unused non-port wire $auto$simplemap.cc:189:logic_reduce$258.
  removing unused non-port wire $techmap$auto$alumacc.cc:512:replace_alu$35.lcu.$and$/home/sun/Desktop/oss-cad-suite/lib/../share/yosys/techmap.v:241$361_Y.
  removing unused non-port wire $techmap$auto$alumacc.cc:512:replace_alu$22.lcu.$and$/home/sun/Desktop/oss-cad-suite/lib/../share/yosys/techmap.v:241$625_Y.
  removing unused non-port wire $techmap$auto$alumacc.cc:512:replace_alu$22.lcu.$and$/home/sun/Desktop/oss-cad-suite/lib/../share/yosys/techmap.v:240$626_Y.
  removing unused non-port wire $techmap$auto$alumacc.cc:512:replace_alu$35.lcu.$and$/home/sun/Desktop/oss-cad-suite/lib/../share/yosys/techmap.v:241$358_Y.
  removing unused non-port wire $techmap$auto$alumacc.cc:512:replace_alu$22.lcu.$or$/home/sun/Desktop/oss-cad-suite/lib/../share/yosys/techmap.v:240$627_Y.
  removing unused non-port wire $techmap$auto$alumacc.cc:512:replace_alu$22.lcu.$and$/home/sun/Desktop/oss-cad-suite/lib/../share/yosys/techmap.v:240$578_Y.
  removing unused non-port wire $techmap$auto$alumacc.cc:512:replace_alu$22.lcu.$and$/home/sun/Desktop/oss-cad-suite/lib/../share/yosys/techmap.v:241$628_Y.
  removing unused non-port wire $techmap$auto$alumacc.cc:512:replace_alu$35.lcu.$and$/home/sun/Desktop/oss-cad-suite/lib/../share/yosys/techmap.v:241$355_Y.
  removing unused non-port wire $techmap$auto$alumacc.cc:512:replace_alu$22.lcu.$and$/home/sun/Desktop/oss-cad-suite/lib/../share/yosys/techmap.v:240$581_Y.
  removing unused non-port wire $techmap$auto$alumacc.cc:512:replace_alu$22.lcu.$or$/home/sun/Desktop/oss-cad-suite/lib/../share/yosys/techmap.v:240$582_Y.
  removing unused non-port wire $techmap$auto$alumacc.cc:512:replace_alu$22.lcu.$and$/home/sun/Desktop/oss-cad-suite/lib/../share/yosys/techmap.v:240$629_Y.
  removing unused non-port wire $techmap$auto$alumacc.cc:512:replace_alu$35.lcu.$and$/home/sun/Desktop/oss-cad-suite/lib/../share/yosys/techmap.v:241$322_Y.
  removing unused non-port wire $techmap$auto$alumacc.cc:512:replace_alu$35.lcu.$and$/home/sun/Desktop/oss-cad-suite/lib/../share/yosys/techmap.v:241$310_Y.
  removing unused non-port wire $techmap$auto$alumacc.cc:512:replace_alu$22.lcu.$and$/home/sun/Desktop/oss-cad-suite/lib/../share/yosys/techmap.v:240$632_Y.
  removing unused non-port wire $techmap$auto$alumacc.cc:512:replace_alu$22.lcu.$and$/home/sun/Desktop/oss-cad-suite/lib/../share/yosys/techmap.v:240$587_Y.
  removing unused non-port wire $techmap$auto$alumacc.cc:512:replace_alu$22.lcu.$or$/home/sun/Desktop/oss-cad-suite/lib/../share/yosys/techmap.v:240$588_Y.
  removing unused non-port wire $techmap$auto$alumacc.cc:512:replace_alu$22.lcu.$or$/home/sun/Desktop/oss-cad-suite/lib/../share/yosys/techmap.v:240$633_Y.
  removing unused non-port wire $techmap$auto$alumacc.cc:512:replace_alu$22.lcu.$and$/home/sun/Desktop/oss-cad-suite/lib/../share/yosys/techmap.v:241$634_Y.
  removing unused non-port wire $techmap$auto$alumacc.cc:512:replace_alu$22.lcu.$and$/home/sun/Desktop/oss-cad-suite/lib/../share/yosys/techmap.v:240$635_Y.
  removing unused non-port wire $techmap$auto$alumacc.cc:512:replace_alu$22.lcu.$or$/home/sun/Desktop/oss-cad-suite/lib/../share/yosys/techmap.v:240$636_Y.
  removing unused non-port wire $techmap$auto$alumacc.cc:512:replace_alu$22.lcu.$and$/home/sun/Desktop/oss-cad-suite/lib/../share/yosys/techmap.v:240$593_Y.
  removing unused non-port wire $abc$1337$auto$alumacc.cc:512:replace_alu$35.P[0].
  removing unused non-port wire $abc$1337$auto$alumacc.cc:512:replace_alu$35.Y[1].
  removing unused non-port wire $abc$1337$auto$alumacc.cc:512:replace_alu$35.Y[2].
  removing unused non-port wire $abc$1337$auto$alumacc.cc:512:replace_alu$35.Y[3].
  removing unused non-port wire $abc$1337$auto$alumacc.cc:512:replace_alu$35.Y[4].
  removing unused non-port wire $abc$1337$auto$alumacc.cc:512:replace_alu$35.Y[5].
  removing unused non-port wire $abc$1337$auto$alumacc.cc:512:replace_alu$35.Y[6].
  removing unused non-port wire $abc$1337$auto$alumacc.cc:512:replace_alu$35.Y[7].
  removing unused non-port wire $abc$1337$auto$alumacc.cc:512:replace_alu$35.Y[8].
  removing unused non-port wire $abc$1337$auto$alumacc.cc:512:replace_alu$35.Y[9].
  removing unused non-port wire $abc$1337$auto$alumacc.cc:512:replace_alu$35.Y[10].
  removing unused non-port wire $abc$1337$auto$alumacc.cc:512:replace_alu$35.Y[11].
  removing unused non-port wire $abc$1337$auto$alumacc.cc:512:replace_alu$35.Y[12].
  removing unused non-port wire $abc$1337$auto$alumacc.cc:512:replace_alu$35.Y[13].
  removing unused non-port wire $abc$1337$auto$alumacc.cc:512:replace_alu$35.Y[14].
  removing unused non-port wire $abc$1337$auto$alumacc.cc:512:replace_alu$35.Y[15].
  removing unused non-port wire $abc$1337$auto$alumacc.cc:512:replace_alu$35.Y[16].
  removing unused non-port wire $abc$1337$auto$alumacc.cc:512:replace_alu$35.Y[17].
  removing unused non-port wire $abc$1337$auto$alumacc.cc:512:replace_alu$35.Y[18].
  removing unused non-port wire $abc$1337$auto$alumacc.cc:512:replace_alu$35.Y[19].
  removing unused non-port wire $abc$1337$auto$alumacc.cc:512:replace_alu$35.Y[20].
  removing unused non-port wire $abc$1337$auto$alumacc.cc:512:replace_alu$35.Y[21].
  removing unused non-port wire $abc$1337$auto$alumacc.cc:512:replace_alu$35.Y[22].
  removing unused non-port wire $abc$1337$auto$alumacc.cc:512:replace_alu$35.Y[23].
  removing unused non-port wire $abc$1337$auto$alumacc.cc:512:replace_alu$35.Y[24].
  removing unused non-port wire $abc$1337$auto$alumacc.cc:512:replace_alu$35.Y[25].
  removing unused non-port wire $abc$1337$auto$alumacc.cc:512:replace_alu$35.Y[26].
  removing unused non-port wire $abc$1337$auto$alumacc.cc:512:replace_alu$35.Y[27].
  removing unused non-port wire $abc$1337$auto$alumacc.cc:512:replace_alu$35.Y[28].
  removing unused non-port wire $abc$1337$auto$alumacc.cc:512:replace_alu$35.Y[29].
  removing unused non-port wire $abc$1337$auto$alumacc.cc:512:replace_alu$35.Y[30].
  removing unused non-port wire $abc$1337$auto$alumacc.cc:512:replace_alu$35.Y[31].
  removing unused non-port wire $abc$1337$rst.
  removing unused non-port wire $abc$1337$count[0].
  removing unused non-port wire $abc$1337$count[1].
  removing unused non-port wire $abc$1337$count[19].
  removing unused non-port wire $abc$1337$count[31].
  removing unused non-port wire $abc$1337$count[6].
  removing unused non-port wire $abc$1337$count[23].
  removing unused non-port wire $abc$1337$count[7].
  removing unused non-port wire $abc$1337$count[29].
  removing unused non-port wire $abc$1337$count[25].
  removing unused non-port wire $abc$1337$count[24].
  removing unused non-port wire $abc$1337$count[14].
  removing unused non-port wire $abc$1337$count[13].
  removing unused non-port wire $abc$1337$count[2].
  removing unused non-port wire $abc$1337$count[3].
  removing unused non-port wire $abc$1337$count[16].
  removing unused non-port wire $abc$1337$count[8].
  removing unused non-port wire $abc$1337$count[9].
  removing unused non-port wire $abc$1337$count[15].
  removing unused non-port wire $abc$1337$count[12].
  removing unused non-port wire $abc$1337$count[22].
  removing unused non-port wire $abc$1337$count[4].
  removing unused non-port wire $abc$1337$count[5].
  removing unused non-port wire $abc$1337$count[17].
  removing unused non-port wire $abc$1337$count[18].
  removing unused non-port wire $abc$1337$count[30].
  removing unused non-port wire $abc$1337$count[10].
  removing unused non-port wire $abc$1337$count[11].
  removing unused non-port wire $abc$1337$count[20].
  removing unused non-port wire $abc$1337$count[21].
  removing unused non-port wire $abc$1337$count[26].
  removing unused non-port wire $abc$1337$count[27].
  removing unused non-port wire $abc$1337$count[28].
Removed 0 unused cells and 142 unused wires.

8.7.5. Finished fast OPT passes.

8.8. Executing HIERARCHY pass (managing design hierarchy).
Attribute `top' found on module `top'. Setting top module to top.

8.8.1. Analyzing design hierarchy..
Top module:  \top

8.8.2. Analyzing design hierarchy..
Top module:  \top
Removed 0 unused modules.

8.9. Printing statistics.

=== top ===

        +----------Local Count, excluding submodules.
        | 
       85 wires
      193 wire bits
        4 public wires
       50 public wire bits
        3 ports
       18 port bits
      159 cells
        5   $_ANDNOT_
       46   $_AND_
       11   $_NAND_
       16   $_NOR_
        1   $_NOT_
        4   $_OR_
       15   $_SDFFE_PP0P_
        1   $_SDFFE_PP1P_
       32   $_SDFF_PP0_
        3   $_XNOR_
       25   $_XOR_

8.10. Executing CHECK pass (checking for obvious problems).
Checking module top...
Found and reported 0 problems.

9. Executing OPT_CLEAN pass (remove unused cells and wires).
Finding unused cells or wires in module \top..

10. Executing SPLITNETS pass (splitting up multi-bit signals).

11. Executing AUTONAME pass.
Rename wire $auto$alumacc.cc:512:replace_alu$35.P_0_ in top to count_0__reg_p_D.
Rename cell $abc$1337$auto$blifparse.cc:397:parse_blif$1338 in top to count_0__reg_p_D_$_NOT__Y.
Rename wire $auto$alumacc.cc:512:replace_alu$35.Y_1_ in top to count_1__reg_p_D.
Rename cell $abc$1337$auto$blifparse.cc:397:parse_blif$1404 in top to count_1__reg_p_D_$_NOR__Y.
Rename wire $auto$alumacc.cc:512:replace_alu$35.Y_2_ in top to count_2__reg_p_D.
Rename cell $abc$1337$auto$blifparse.cc:397:parse_blif$1402 in top to count_2__reg_p_D_$_XOR__Y.
Rename wire $auto$alumacc.cc:512:replace_alu$35.Y_3_ in top to count_3__reg_p_D.
Rename cell $abc$1337$auto$blifparse.cc:397:parse_blif$1401 in top to count_3__reg_p_D_$_XOR__Y.
Rename wire $auto$alumacc.cc:512:replace_alu$35.Y_4_ in top to count_4__reg_p_D.
Rename cell $abc$1337$auto$blifparse.cc:397:parse_blif$1400 in top to count_4__reg_p_D_$_XOR__Y.
Rename wire $auto$alumacc.cc:512:replace_alu$35.Y_5_ in top to count_5__reg_p_D.
Rename cell $abc$1337$auto$blifparse.cc:397:parse_blif$1399 in top to count_5__reg_p_D_$_XOR__Y.
Rename wire $auto$alumacc.cc:512:replace_alu$35.Y_6_ in top to count_6__reg_p_D.
Rename cell $abc$1337$auto$blifparse.cc:397:parse_blif$1398 in top to count_6__reg_p_D_$_XOR__Y.
Rename wire $auto$alumacc.cc:512:replace_alu$35.Y_7_ in top to count_7__reg_p_D.
Rename cell $abc$1337$auto$blifparse.cc:397:parse_blif$1397 in top to count_7__reg_p_D_$_XOR__Y.
Rename wire $auto$alumacc.cc:512:replace_alu$35.Y_8_ in top to count_8__reg_p_D.
Rename cell $abc$1337$auto$blifparse.cc:397:parse_blif$1396 in top to count_8__reg_p_D_$_XOR__Y.
Rename wire $auto$alumacc.cc:512:replace_alu$35.Y_9_ in top to count_9__reg_p_D.
Rename cell $abc$1337$auto$blifparse.cc:397:parse_blif$1395 in top to count_9__reg_p_D_$_AND__Y.
Rename wire $auto$alumacc.cc:512:replace_alu$35.Y_31_ in top to count_31__reg_p_D.
Rename cell $abc$1337$auto$blifparse.cc:397:parse_blif$1369 in top to count_31__reg_p_D_$_XNOR__Y.
Rename wire $auto$alumacc.cc:512:replace_alu$35.Y_10_ in top to count_10__reg_p_D.
Rename cell $abc$1337$auto$blifparse.cc:397:parse_blif$1392 in top to count_10__reg_p_D_$_XNOR__Y.
Rename wire $auto$alumacc.cc:512:replace_alu$35.Y_11_ in top to count_11__reg_p_D.
Rename cell $abc$1337$auto$blifparse.cc:397:parse_blif$1391 in top to count_11__reg_p_D_$_XOR__Y.
Rename wire $auto$alumacc.cc:512:replace_alu$35.Y_12_ in top to count_12__reg_p_D.
Rename cell $abc$1337$auto$blifparse.cc:397:parse_blif$1390 in top to count_12__reg_p_D_$_XOR__Y.
Rename wire $auto$alumacc.cc:512:replace_alu$35.Y_13_ in top to count_13__reg_p_D.
Rename cell $abc$1337$auto$blifparse.cc:397:parse_blif$1389 in top to count_13__reg_p_D_$_XOR__Y.
Rename wire $auto$alumacc.cc:512:replace_alu$35.Y_14_ in top to count_14__reg_p_D.
Rename cell $abc$1337$auto$blifparse.cc:397:parse_blif$1388 in top to count_14__reg_p_D_$_XOR__Y.
Rename wire $auto$alumacc.cc:512:replace_alu$35.Y_15_ in top to count_15__reg_p_D.
Rename cell $abc$1337$auto$blifparse.cc:397:parse_blif$1387 in top to count_15__reg_p_D_$_XOR__Y.
Rename wire $auto$alumacc.cc:512:replace_alu$35.Y_16_ in top to count_16__reg_p_D.
Rename cell $abc$1337$auto$blifparse.cc:397:parse_blif$1386 in top to count_16__reg_p_D_$_XOR__Y.
Rename wire $auto$alumacc.cc:512:replace_alu$35.Y_17_ in top to count_17__reg_p_D.
Rename cell $abc$1337$auto$blifparse.cc:397:parse_blif$1385 in top to count_17__reg_p_D_$_XOR__Y.
Rename wire $auto$alumacc.cc:512:replace_alu$35.Y_18_ in top to count_18__reg_p_D.
Rename cell $abc$1337$auto$blifparse.cc:397:parse_blif$1384 in top to count_18__reg_p_D_$_XOR__Y.
Rename wire $auto$alumacc.cc:512:replace_alu$35.Y_19_ in top to count_19__reg_p_D.
Rename cell $abc$1337$auto$blifparse.cc:397:parse_blif$1383 in top to count_19__reg_p_D_$_AND__Y.
Rename wire $auto$alumacc.cc:512:replace_alu$35.Y_20_ in top to count_20__reg_p_D.
Rename cell $abc$1337$auto$blifparse.cc:397:parse_blif$1380 in top to count_20__reg_p_D_$_XNOR__Y.
Rename wire $auto$alumacc.cc:512:replace_alu$35.Y_21_ in top to count_21__reg_p_D.
Rename cell $abc$1337$auto$blifparse.cc:397:parse_blif$1379 in top to count_21__reg_p_D_$_XOR__Y.
Rename wire $auto$alumacc.cc:512:replace_alu$35.Y_22_ in top to count_22__reg_p_D.
Rename cell $abc$1337$auto$blifparse.cc:397:parse_blif$1378 in top to count_22__reg_p_D_$_XOR__Y.
Rename wire $auto$alumacc.cc:512:replace_alu$35.Y_23_ in top to count_23__reg_p_D.
Rename cell $abc$1337$auto$blifparse.cc:397:parse_blif$1377 in top to count_23__reg_p_D_$_XOR__Y.
Rename wire $auto$alumacc.cc:512:replace_alu$35.Y_24_ in top to count_24__reg_p_D.
Rename cell $abc$1337$auto$blifparse.cc:397:parse_blif$1376 in top to count_24__reg_p_D_$_XOR__Y.
Rename wire $auto$alumacc.cc:512:replace_alu$35.Y_25_ in top to count_25__reg_p_D.
Rename cell $abc$1337$auto$blifparse.cc:397:parse_blif$1375 in top to count_25__reg_p_D_$_XOR__Y.
Rename wire $auto$alumacc.cc:512:replace_alu$35.Y_26_ in top to count_26__reg_p_D.
Rename cell $abc$1337$auto$blifparse.cc:397:parse_blif$1374 in top to count_26__reg_p_D_$_XOR__Y.
Rename wire $auto$alumacc.cc:512:replace_alu$35.Y_27_ in top to count_27__reg_p_D.
Rename cell $abc$1337$auto$blifparse.cc:397:parse_blif$1373 in top to count_27__reg_p_D_$_XOR__Y.
Rename wire $auto$alumacc.cc:512:replace_alu$35.Y_28_ in top to count_28__reg_p_D.
Rename cell $abc$1337$auto$blifparse.cc:397:parse_blif$1372 in top to count_28__reg_p_D_$_XOR__Y.
Rename wire $auto$alumacc.cc:512:replace_alu$35.Y_29_ in top to count_29__reg_p_D.
Rename cell $abc$1337$auto$blifparse.cc:397:parse_blif$1371 in top to count_29__reg_p_D_$_XOR__Y.
Rename wire $auto$alumacc.cc:512:replace_alu$35.Y_30_ in top to count_30__reg_p_D.
Rename cell $abc$1337$auto$blifparse.cc:397:parse_blif$1370 in top to count_30__reg_p_D_$_XOR__Y.
Rename wire $abc$1337$new_n124 in top to count_9__reg_p_D_$_AND__Y_B.
Rename cell $abc$1337$auto$blifparse.cc:397:parse_blif$1394 in top to count_9__reg_p_D_$_AND__Y_B_$_OR__Y.
Rename wire $abc$1337$new_n112 in top to count_19__reg_p_D_$_AND__Y_B.
Rename cell $abc$1337$auto$blifparse.cc:397:parse_blif$1382 in top to count_19__reg_p_D_$_AND__Y_B_$_OR__Y.
Rename wire $abc$1337$new_n98 in top to count_31__reg_p_D_$_XNOR__Y_B.
Rename cell $abc$1337$auto$blifparse.cc:397:parse_blif$1368 in top to count_31__reg_p_D_$_XNOR__Y_B_$_NAND__Y.
Rename wire $abc$1337$new_n123 in top to count_9__reg_p_D_$_AND__Y_B_$_OR__Y_B.
Rename cell $abc$1337$auto$blifparse.cc:397:parse_blif$1393 in top to count_9__reg_p_D_$_AND__Y_B_$_OR__Y_B_$_AND__Y.
Rename wire $abc$1337$new_n111 in top to count_19__reg_p_D_$_AND__Y_B_$_OR__Y_B.
Rename cell $abc$1337$auto$blifparse.cc:397:parse_blif$1381 in top to count_19__reg_p_D_$_AND__Y_B_$_OR__Y_B_$_AND__Y.
Rename cell $abc$1337$auto$blifparse.cc:397:parse_blif$1403 in top to count_1__$_NOR__A.
Rename wire $abc$1337$new_n133 in top to count_1__$_NOR__A_Y.
Rename cell $abc$1337$auto$blifparse.cc:397:parse_blif$1339 in top to count_1__$_AND__A.
Rename wire $abc$1337$new_n69 in top to count_1__$_AND__A_Y.
Rename cell $abc$1337$auto$blifparse.cc:397:parse_blif$1422 in top to count_31__$_NOR__B.
Rename wire $abc$1337$new_n152 in top to count_31__$_NOR__B_Y.
Rename wire $abc$1337$new_n70 in top to count_3__reg_p_D_$_XOR__Y_B.
Rename cell $abc$1337$auto$blifparse.cc:397:parse_blif$1340 in top to count_3__reg_p_D_$_XOR__Y_B_$_AND__Y.
Rename wire $abc$1337$new_n71 in top to count_4__reg_p_D_$_XOR__Y_B.
Rename cell $abc$1337$auto$blifparse.cc:397:parse_blif$1341 in top to count_4__reg_p_D_$_XOR__Y_B_$_AND__Y.
Rename wire $abc$1337$new_n72 in top to count_5__reg_p_D_$_XOR__Y_B.
Rename cell $abc$1337$auto$blifparse.cc:397:parse_blif$1342 in top to count_5__reg_p_D_$_XOR__Y_B_$_AND__Y.
Rename wire $abc$1337$new_n73 in top to count_6__reg_p_D_$_XOR__Y_B.
Rename cell $abc$1337$auto$blifparse.cc:397:parse_blif$1343 in top to count_6__reg_p_D_$_XOR__Y_B_$_AND__Y.
Rename wire $abc$1337$new_n74 in top to count_7__reg_p_D_$_XOR__Y_B.
Rename cell $abc$1337$auto$blifparse.cc:397:parse_blif$1344 in top to count_7__reg_p_D_$_XOR__Y_B_$_AND__Y.
Rename cell $abc$1337$auto$blifparse.cc:397:parse_blif$1443 in top to count_1__$_NOR__A_Y_$_AND__A.
Rename wire $abc$1337$new_n173 in top to count_1__$_NOR__A_Y_$_AND__A_Y.
Rename wire $abc$1337$new_n172 in top to count_1__$_NOR__A_Y_$_AND__A_B.
Rename cell $abc$1337$auto$blifparse.cc:397:parse_blif$1442 in top to count_1__$_NOR__A_Y_$_AND__A_B_$_NOR__Y.
Rename cell $abc$1337$auto$blifparse.cc:397:parse_blif$1445 in top to count_1__$_NOR__A_Y_$_AND__A_Y_$_AND__A.
Rename wire $abc$1337$new_n175 in top to count_1__$_NOR__A_Y_$_AND__A_Y_$_AND__A_Y.
Rename wire $abc$1337$new_n174 in top to count_1__$_NOR__A_Y_$_AND__A_Y_$_AND__A_B.
Rename cell $abc$1337$auto$blifparse.cc:397:parse_blif$1444 in top to count_1__$_NOR__A_Y_$_AND__A_Y_$_AND__A_B_$_AND__Y.
Rename cell $abc$1337$auto$blifparse.cc:397:parse_blif$1446 in top to count_1__$_NOR__A_Y_$_AND__A_Y_$_AND__A_Y_$_AND__B.
Rename wire $abc$1337$new_n176 in top to count_1__$_NOR__A_Y_$_AND__A_Y_$_AND__A_Y_$_AND__B_Y.
Rename wire $abc$1337$new_n171 in top to count_1__$_NOR__A_Y_$_AND__A_Y_$_AND__A_Y_$_AND__B_A.
Rename cell $abc$1337$auto$blifparse.cc:397:parse_blif$1441 in top to count_1__$_NOR__A_Y_$_AND__A_Y_$_AND__A_Y_$_AND__B_A_$_AND__Y.
Rename cell $abc$1337$auto$blifparse.cc:397:parse_blif$1447 in top to count_1__$_NOR__A_Y_$_AND__A_Y_$_AND__A_Y_$_AND__B_Y_$_AND__B.
Rename wire $abc$1337$new_n177 in top to count_1__$_NOR__A_Y_$_AND__A_Y_$_AND__A_Y_$_AND__B_Y_$_AND__B_Y.
Rename wire $abc$1337$new_n164 in top to count_1__$_NOR__A_Y_$_AND__A_Y_$_AND__A_Y_$_AND__B_Y_$_AND__B_A.
Rename cell $abc$1337$auto$blifparse.cc:397:parse_blif$1434 in top to count_1__$_NOR__A_Y_$_AND__A_Y_$_AND__A_Y_$_AND__B_Y_$_AND__B_A_$_AND__Y.
Rename wire $abc$1337$new_n170 in top to count_1__$_NOR__A_Y_$_AND__A_Y_$_AND__A_Y_$_AND__B_A_$_AND__Y_B.
Rename cell $abc$1337$auto$blifparse.cc:397:parse_blif$1440 in top to count_1__$_NOR__A_Y_$_AND__A_Y_$_AND__A_Y_$_AND__B_A_$_AND__Y_B_$_AND__Y.
Rename wire $abc$1337$new_n167 in top to count_1__$_NOR__A_Y_$_AND__A_Y_$_AND__A_Y_$_AND__B_A_$_AND__Y_A.
Rename cell $abc$1337$auto$blifparse.cc:397:parse_blif$1437 in top to count_1__$_NOR__A_Y_$_AND__A_Y_$_AND__A_Y_$_AND__B_A_$_AND__Y_A_$_AND__Y.
Rename cell $abc$1337$auto$blifparse.cc:397:parse_blif$1448 in top to count_1__$_NOR__A_Y_$_AND__A_Y_$_AND__A_Y_$_AND__B_Y_$_AND__B_Y_$_AND__B.
Rename wire $abc$1337$eq$/home/sun/Desktop/yosys-sta/LED/top.v:10$2_Y in top to count_1__$_NOR__A_Y_$_AND__A_Y_$_AND__A_Y_$_AND__B_Y_$_AND__B_Y_$_AND__B_Y.
Rename wire $abc$1337$new_n162 in top to count_1__$_NOR__A_Y_$_AND__A_Y_$_AND__A_Y_$_AND__B_Y_$_AND__B_Y_$_AND__B_A.
Rename cell $abc$1337$auto$blifparse.cc:397:parse_blif$1432 in top to count_1__$_NOR__A_Y_$_AND__A_Y_$_AND__A_Y_$_AND__B_Y_$_AND__B_Y_$_AND__B_A_$_AND__Y.
Rename wire $abc$1337$new_n169 in top to count_1__$_NOR__A_Y_$_AND__A_Y_$_AND__A_Y_$_AND__B_A_$_AND__Y_B_$_AND__Y_B.
Rename cell $abc$1337$auto$blifparse.cc:397:parse_blif$1439 in top to count_1__$_NOR__A_Y_$_AND__A_Y_$_AND__A_Y_$_AND__B_A_$_AND__Y_B_$_AND__Y_B_$_NOR__Y.
Rename wire $abc$1337$new_n168 in top to count_1__$_NOR__A_Y_$_AND__A_Y_$_AND__A_Y_$_AND__B_A_$_AND__Y_B_$_AND__Y_A.
Rename cell $abc$1337$auto$blifparse.cc:397:parse_blif$1438 in top to count_1__$_NOR__A_Y_$_AND__A_Y_$_AND__A_Y_$_AND__B_A_$_AND__Y_B_$_AND__Y_A_$_NOR__Y.
Rename wire $abc$1337$new_n166 in top to count_1__$_NOR__A_Y_$_AND__A_Y_$_AND__A_Y_$_AND__B_A_$_AND__Y_A_$_AND__Y_B.
Rename cell $abc$1337$auto$blifparse.cc:397:parse_blif$1436 in top to count_1__$_NOR__A_Y_$_AND__A_Y_$_AND__A_Y_$_AND__B_A_$_AND__Y_A_$_AND__Y_B_$_NOR__Y.
Rename wire $abc$1337$new_n165 in top to count_1__$_NOR__A_Y_$_AND__A_Y_$_AND__A_Y_$_AND__B_A_$_AND__Y_A_$_AND__Y_A.
Rename cell $abc$1337$auto$blifparse.cc:397:parse_blif$1435 in top to count_1__$_NOR__A_Y_$_AND__A_Y_$_AND__A_Y_$_AND__B_A_$_AND__Y_A_$_AND__Y_A_$_NOR__Y.
Rename wire $abc$1337$new_n163 in top to count_1__$_NOR__A_Y_$_AND__A_Y_$_AND__A_Y_$_AND__B_Y_$_AND__B_A_$_AND__Y_B.
Rename cell $abc$1337$auto$blifparse.cc:397:parse_blif$1433 in top to count_1__$_NOR__A_Y_$_AND__A_Y_$_AND__A_Y_$_AND__B_Y_$_AND__B_A_$_AND__Y_B_$_ANDNOT__Y.
Rename wire $abc$1337$new_n161 in top to count_1__$_NOR__A_Y_$_AND__A_Y_$_AND__A_Y_$_AND__B_Y_$_AND__B_Y_$_AND__B_A_$_AND__Y_B.
Rename cell $abc$1337$auto$blifparse.cc:397:parse_blif$1431 in top to count_1__$_NOR__A_Y_$_AND__A_Y_$_AND__A_Y_$_AND__B_Y_$_AND__B_Y_$_AND__B_A_$_AND__Y_B_$_AND__Y.
Rename wire $abc$1337$new_n159 in top to count_1__$_NOR__A_Y_$_AND__A_Y_$_AND__A_Y_$_AND__B_Y_$_AND__B_Y_$_AND__B_A_$_AND__Y_A.
Rename cell $abc$1337$auto$blifparse.cc:397:parse_blif$1429 in top to count_1__$_NOR__A_Y_$_AND__A_Y_$_AND__A_Y_$_AND__B_Y_$_AND__B_Y_$_AND__B_A_$_AND__Y_A_$_ANDNOT__Y.
Rename wire $abc$1337$new_n160 in top to count_1__$_NOR__A_Y_$_AND__A_Y_$_AND__A_Y_$_AND__B_Y_$_AND__B_Y_$_AND__B_A_$_AND__Y_B_$_AND__Y_B.
Rename cell $abc$1337$auto$blifparse.cc:397:parse_blif$1430 in top to count_1__$_NOR__A_Y_$_AND__A_Y_$_AND__A_Y_$_AND__B_Y_$_AND__B_Y_$_AND__B_A_$_AND__Y_B_$_AND__Y_B_$_NOR__Y.
Rename wire $abc$1337$new_n78 in top to count_11__reg_p_D_$_XOR__Y_B.
Rename cell $abc$1337$auto$blifparse.cc:397:parse_blif$1348 in top to count_11__reg_p_D_$_XOR__Y_B_$_ANDNOT__Y.
Rename wire $abc$1337$new_n79 in top to count_12__reg_p_D_$_XOR__Y_B.
Rename cell $abc$1337$auto$blifparse.cc:397:parse_blif$1349 in top to count_12__reg_p_D_$_XOR__Y_B_$_AND__Y.
Rename wire $abc$1337$new_n80 in top to count_13__reg_p_D_$_XOR__Y_B.
Rename cell $abc$1337$auto$blifparse.cc:397:parse_blif$1350 in top to count_13__reg_p_D_$_XOR__Y_B_$_AND__Y.
Rename wire $abc$1337$new_n81 in top to count_14__reg_p_D_$_XOR__Y_B.
Rename cell $abc$1337$auto$blifparse.cc:397:parse_blif$1351 in top to count_14__reg_p_D_$_XOR__Y_B_$_AND__Y.
Rename wire $abc$1337$new_n82 in top to count_15__reg_p_D_$_XOR__Y_B.
Rename cell $abc$1337$auto$blifparse.cc:397:parse_blif$1352 in top to count_15__reg_p_D_$_XOR__Y_B_$_AND__Y.
Rename wire $abc$1337$new_n83 in top to count_16__reg_p_D_$_XOR__Y_B.
Rename cell $abc$1337$auto$blifparse.cc:397:parse_blif$1353 in top to count_16__reg_p_D_$_XOR__Y_B_$_AND__Y.
Rename wire $abc$1337$new_n84 in top to count_17__reg_p_D_$_XOR__Y_B.
Rename cell $abc$1337$auto$blifparse.cc:397:parse_blif$1354 in top to count_17__reg_p_D_$_XOR__Y_B_$_AND__Y.
Rename wire $abc$1337$new_n88 in top to count_21__reg_p_D_$_XOR__Y_B.
Rename cell $abc$1337$auto$blifparse.cc:397:parse_blif$1358 in top to count_21__reg_p_D_$_XOR__Y_B_$_ANDNOT__Y.
Rename wire $abc$1337$new_n89 in top to count_22__reg_p_D_$_XOR__Y_B.
Rename cell $abc$1337$auto$blifparse.cc:397:parse_blif$1359 in top to count_22__reg_p_D_$_XOR__Y_B_$_AND__Y.
Rename wire $abc$1337$new_n90 in top to count_23__reg_p_D_$_XOR__Y_B.
Rename cell $abc$1337$auto$blifparse.cc:397:parse_blif$1360 in top to count_23__reg_p_D_$_XOR__Y_B_$_AND__Y.
Rename wire $abc$1337$new_n91 in top to count_24__reg_p_D_$_XOR__Y_B.
Rename cell $abc$1337$auto$blifparse.cc:397:parse_blif$1361 in top to count_24__reg_p_D_$_XOR__Y_B_$_AND__Y.
Rename wire $abc$1337$new_n92 in top to count_25__reg_p_D_$_XOR__Y_B.
Rename cell $abc$1337$auto$blifparse.cc:397:parse_blif$1362 in top to count_25__reg_p_D_$_XOR__Y_B_$_AND__Y.
Rename wire $abc$1337$new_n93 in top to count_26__reg_p_D_$_XOR__Y_B.
Rename cell $abc$1337$auto$blifparse.cc:397:parse_blif$1363 in top to count_26__reg_p_D_$_XOR__Y_B_$_AND__Y.
Rename wire $abc$1337$new_n94 in top to count_27__reg_p_D_$_XOR__Y_B.
Rename cell $abc$1337$auto$blifparse.cc:397:parse_blif$1364 in top to count_27__reg_p_D_$_XOR__Y_B_$_AND__Y.
Rename wire $abc$1337$new_n95 in top to count_28__reg_p_D_$_XOR__Y_B.
Rename cell $abc$1337$auto$blifparse.cc:397:parse_blif$1365 in top to count_28__reg_p_D_$_XOR__Y_B_$_AND__Y.
Rename wire $abc$1337$new_n96 in top to count_29__reg_p_D_$_XOR__Y_B.
Rename cell $abc$1337$auto$blifparse.cc:397:parse_blif$1366 in top to count_29__reg_p_D_$_XOR__Y_B_$_AND__Y.
Rename wire $abc$1337$new_n97 in top to count_30__reg_p_D_$_XOR__Y_B.
Rename cell $abc$1337$auto$blifparse.cc:397:parse_blif$1367 in top to count_30__reg_p_D_$_XOR__Y_B_$_AND__Y.
Rename cell $abc$1337$auto$blifparse.cc:397:parse_blif$1426 in top to count_31__$_NOR__B_Y_$_AND__A.
Rename wire $abc$1337$new_n156 in top to count_31__$_NOR__B_Y_$_AND__A_Y.
Rename wire $abc$1337$new_n155 in top to count_31__$_NOR__B_Y_$_AND__A_B.
Rename cell $abc$1337$auto$blifparse.cc:397:parse_blif$1425 in top to count_31__$_NOR__B_Y_$_AND__A_B_$_AND__Y.
Rename cell $abc$1337$auto$blifparse.cc:397:parse_blif$1427 in top to count_31__$_NOR__B_Y_$_AND__A_Y_$_AND__B.
Rename wire $abc$1337$new_n157 in top to count_31__$_NOR__B_Y_$_AND__A_Y_$_AND__B_Y.
Rename wire $abc$1337$new_n154 in top to count_31__$_NOR__B_Y_$_AND__A_B_$_AND__Y_B.
Rename cell $abc$1337$auto$blifparse.cc:397:parse_blif$1424 in top to count_31__$_NOR__B_Y_$_AND__A_B_$_AND__Y_B_$_NOR__Y.
Rename cell $abc$1337$auto$blifparse.cc:397:parse_blif$1428 in top to count_31__$_NOR__B_Y_$_AND__A_Y_$_AND__B_Y_$_NAND__B.
Rename wire $abc$1337$auto$opt_dff.cc:360:combine_resets$19 in top to count_31__$_NOR__B_Y_$_AND__A_Y_$_AND__B_Y_$_NAND__B_Y.
Rename wire $abc$1337$new_n148 in top to count_31__$_NOR__B_Y_$_AND__A_Y_$_AND__B_Y_$_NAND__B_A.
Rename cell $abc$1337$auto$blifparse.cc:397:parse_blif$1418 in top to count_31__$_NOR__B_Y_$_AND__A_Y_$_AND__B_Y_$_NAND__B_A_$_NAND__Y.
Rename wire $abc$1337$new_n147 in top to count_31__$_NOR__B_Y_$_AND__A_Y_$_AND__B_Y_$_NAND__B_A_$_NAND__Y_B.
Rename cell $abc$1337$auto$blifparse.cc:397:parse_blif$1417 in top to count_31__$_NOR__B_Y_$_AND__A_Y_$_AND__B_Y_$_NAND__B_A_$_NAND__Y_B_$_NAND__Y.
Rename wire $abc$1337$new_n146 in top to count_31__$_NOR__B_Y_$_AND__A_Y_$_AND__B_Y_$_NAND__B_A_$_NAND__Y_B_$_NAND__Y_B.
Rename cell $abc$1337$auto$blifparse.cc:397:parse_blif$1416 in top to count_31__$_NOR__B_Y_$_AND__A_Y_$_AND__B_Y_$_NAND__B_A_$_NAND__Y_B_$_NAND__Y_B_$_NAND__Y.
Rename wire $abc$1337$new_n145 in top to count_31__$_NOR__B_Y_$_AND__A_Y_$_AND__B_Y_$_NAND__B_A_$_NAND__Y_B_$_NAND__Y_B_$_NAND__Y_B.
Rename cell $abc$1337$auto$blifparse.cc:397:parse_blif$1415 in top to count_31__$_NOR__B_Y_$_AND__A_Y_$_AND__B_Y_$_NAND__B_A_$_NAND__Y_B_$_NAND__Y_B_$_NAND__Y_B_$_NAND__Y.
Rename wire $abc$1337$new_n144 in top to count_31__$_NOR__B_Y_$_AND__A_Y_$_AND__B_Y_$_NAND__B_A_$_NAND__Y_B_$_NAND__Y_B_$_NAND__Y_B_$_NAND__Y_B.
Rename cell $abc$1337$auto$blifparse.cc:397:parse_blif$1414 in top to count_31__$_NOR__B_Y_$_AND__A_Y_$_AND__B_Y_$_NAND__B_A_$_NAND__Y_B_$_NAND__Y_B_$_NAND__Y_B_$_NAND__Y_B_$_NAND__Y.
Rename wire $abc$1337$new_n143 in top to count_31__$_NOR__B_Y_$_AND__A_Y_$_AND__B_Y_$_NAND__B_A_$_NAND__Y_B_$_NAND__Y_B_$_NAND__Y_B_$_NAND__Y_B_$_NAND__Y_B.
Rename cell $abc$1337$auto$blifparse.cc:397:parse_blif$1413 in top to count_31__$_NOR__B_Y_$_AND__A_Y_$_AND__B_Y_$_NAND__B_A_$_NAND__Y_B_$_NAND__Y_B_$_NAND__Y_B_$_NAND__Y_B_$_NAND__Y_B_$_NAND__Y.
Rename wire $abc$1337$new_n142 in top to count_31__$_NOR__B_Y_$_AND__A_Y_$_AND__B_Y_$_NAND__B_A_$_NAND__Y_B_$_NAND__Y_B_$_NAND__Y_B_$_NAND__Y_B_$_NAND__Y_B_$_NAND__Y_B.
Rename cell $abc$1337$auto$blifparse.cc:397:parse_blif$1412 in top to count_31__$_NOR__B_Y_$_AND__A_Y_$_AND__B_Y_$_NAND__B_A_$_NAND__Y_B_$_NAND__Y_B_$_NAND__Y_B_$_NAND__Y_B_$_NAND__Y_B_$_NAND__Y_B_$_NAND__Y.
Rename wire $abc$1337$new_n141 in top to count_31__$_NOR__B_Y_$_AND__A_Y_$_AND__B_Y_$_NAND__B_A_$_NAND__Y_B_$_NAND__Y_B_$_NAND__Y_B_$_NAND__Y_B_$_NAND__Y_B_$_NAND__Y_B_$_NAND__Y_B.
Rename cell $abc$1337$auto$blifparse.cc:397:parse_blif$1411 in top to count_31__$_NOR__B_Y_$_AND__A_Y_$_AND__B_Y_$_NAND__B_A_$_NAND__Y_B_$_NAND__Y_B_$_NAND__Y_B_$_NAND__Y_B_$_NAND__Y_B_$_NAND__Y_B_$_NAND__Y_B_$_OR__Y.
Rename wire $abc$1337$new_n140 in top to count_31__$_NOR__B_Y_$_AND__A_Y_$_AND__B_Y_$_NAND__B_A_$_NAND__Y_B_$_NAND__Y_B_$_NAND__Y_B_$_NAND__Y_B_$_NAND__Y_B_$_NAND__Y_B_$_NAND__Y_B_$_OR__Y_B.
Rename cell $abc$1337$auto$blifparse.cc:397:parse_blif$1410 in top to count_31__$_NOR__B_Y_$_AND__A_Y_$_AND__B_Y_$_NAND__B_A_$_NAND__Y_B_$_NAND__Y_B_$_NAND__Y_B_$_NAND__Y_B_$_NAND__Y_B_$_NAND__Y_B_$_NAND__Y_B_$_OR__Y_B_$_AND__Y.
Rename cell $abc$1337$auto$blifparse.cc:397:parse_blif$1345 in top to count_7__reg_p_D_$_XOR__Y_B_$_AND__B.
Rename wire $abc$1337$new_n75 in top to count_7__reg_p_D_$_XOR__Y_B_$_AND__B_Y.
Rename cell $abc$1337$auto$blifparse.cc:397:parse_blif$1355 in top to count_17__reg_p_D_$_XOR__Y_B_$_AND__B.
Rename wire $abc$1337$new_n85 in top to count_17__reg_p_D_$_XOR__Y_B_$_AND__B_Y.
Rename wire $abc$1337$new_n153 in top to count_31__$_NOR__B_Y_$_AND__A_B_$_AND__Y_A.
Rename cell $abc$1337$auto$blifparse.cc:397:parse_blif$1423 in top to count_31__$_NOR__B_Y_$_AND__A_B_$_AND__Y_A_$_NOR__Y.
Rename wire $abc$1337$new_n151 in top to count_31__$_NOR__B_Y_$_AND__A_Y_$_AND__B_A.
Rename cell $abc$1337$auto$blifparse.cc:397:parse_blif$1421 in top to count_31__$_NOR__B_Y_$_AND__A_Y_$_AND__B_A_$_AND__Y.
Rename wire $abc$1337$new_n150 in top to count_31__$_NOR__B_Y_$_AND__A_Y_$_AND__B_A_$_AND__Y_B.
Rename cell $abc$1337$auto$blifparse.cc:397:parse_blif$1420 in top to count_31__$_NOR__B_Y_$_AND__A_Y_$_AND__B_A_$_AND__Y_B_$_NOR__Y.
Rename wire $abc$1337$new_n149 in top to count_31__$_NOR__B_Y_$_AND__A_Y_$_AND__B_A_$_AND__Y_A.
Rename cell $abc$1337$auto$blifparse.cc:397:parse_blif$1419 in top to count_31__$_NOR__B_Y_$_AND__A_Y_$_AND__B_A_$_AND__Y_A_$_NOR__Y.
Rename wire $abc$1337$new_n135 in top to count_1__$_NOR__A_Y_$_AND__A_Y_$_AND__A_B_$_AND__Y_A.
Rename cell $abc$1337$auto$blifparse.cc:397:parse_blif$1405 in top to count_1__$_NOR__A_Y_$_AND__A_Y_$_AND__A_B_$_AND__Y_A_$_NOR__Y.
Rename wire $abc$1337$new_n139 in top to count_1__$_NOR__A_Y_$_AND__A_Y_$_AND__A_Y_$_AND__B_Y_$_AND__B_A_$_AND__Y_B_$_ANDNOT__Y_B.
Rename cell $abc$1337$auto$blifparse.cc:397:parse_blif$1409 in top to count_1__$_NOR__A_Y_$_AND__A_Y_$_AND__A_Y_$_AND__B_Y_$_AND__B_A_$_AND__Y_B_$_ANDNOT__Y_B_$_OR__Y.
Rename wire $abc$1337$new_n138 in top to count_1__$_NOR__A_Y_$_AND__A_Y_$_AND__A_Y_$_AND__B_Y_$_AND__B_A_$_AND__Y_B_$_ANDNOT__Y_A.
Rename cell $abc$1337$auto$blifparse.cc:397:parse_blif$1408 in top to count_1__$_NOR__A_Y_$_AND__A_Y_$_AND__A_Y_$_AND__B_Y_$_AND__B_A_$_AND__Y_B_$_ANDNOT__Y_A_$_NOR__Y.
Rename wire $abc$1337$new_n86 in top to count_31__$_NOR__B_Y_$_AND__A_Y_$_AND__B_Y_$_NAND__B_A_$_NAND__Y_B_$_NAND__Y_B_$_NAND__Y_A.
Rename cell $abc$1337$auto$blifparse.cc:397:parse_blif$1356 in top to count_31__$_NOR__B_Y_$_AND__A_Y_$_AND__B_Y_$_NAND__B_A_$_NAND__Y_B_$_NAND__Y_B_$_NAND__Y_A_$_AND__Y.
Rename wire $abc$1337$new_n137 in top to count_1__$_NOR__A_Y_$_AND__A_Y_$_AND__A_Y_$_AND__B_Y_$_AND__B_Y_$_AND__B_A_$_AND__Y_B_$_AND__Y_A.
Rename cell $abc$1337$auto$blifparse.cc:397:parse_blif$1407 in top to count_1__$_NOR__A_Y_$_AND__A_Y_$_AND__A_Y_$_AND__B_Y_$_AND__B_Y_$_AND__B_A_$_AND__Y_B_$_AND__Y_A_$_ANDNOT__Y.
Rename wire $abc$1337$new_n136 in top to count_1__$_NOR__A_Y_$_AND__A_Y_$_AND__A_Y_$_AND__B_Y_$_AND__B_Y_$_AND__B_A_$_AND__Y_B_$_AND__Y_A_$_ANDNOT__Y_A.
Rename cell $abc$1337$auto$blifparse.cc:397:parse_blif$1406 in top to count_1__$_NOR__A_Y_$_AND__A_Y_$_AND__A_Y_$_AND__B_Y_$_AND__B_Y_$_AND__B_A_$_AND__Y_B_$_AND__Y_A_$_ANDNOT__Y_A_$_NOR__Y.
Rename cell $abc$1337$auto$blifparse.cc:397:parse_blif$1357 in top to count_31__$_NOR__B_Y_$_AND__A_Y_$_AND__B_Y_$_NAND__B_A_$_NAND__Y_B_$_NAND__Y_B_$_NAND__Y_A_$_NAND__B.
Rename wire $abc$1337$new_n87 in top to count_31__$_NOR__B_Y_$_AND__A_Y_$_AND__B_Y_$_NAND__B_A_$_NAND__Y_B_$_NAND__Y_B_$_NAND__Y_A_$_NAND__B_Y.
Rename wire $abc$1337$new_n76 in top to count_31__$_NOR__B_Y_$_AND__A_Y_$_AND__B_Y_$_NAND__B_A_$_NAND__Y_B_$_NAND__Y_B_$_NAND__Y_B_$_NAND__Y_B_$_NAND__Y_B_$_NAND__Y_B_$_NAND__Y_B_$_OR__Y_B_$_AND__Y_A.
Rename cell $abc$1337$auto$blifparse.cc:397:parse_blif$1346 in top to count_31__$_NOR__B_Y_$_AND__A_Y_$_AND__B_Y_$_NAND__B_A_$_NAND__Y_B_$_NAND__Y_B_$_NAND__Y_B_$_NAND__Y_B_$_NAND__Y_B_$_NAND__Y_B_$_NAND__Y_B_$_OR__Y_B_$_AND__Y_A_$_AND__Y.
Rename cell $abc$1337$auto$blifparse.cc:397:parse_blif$1347 in top to count_31__$_NOR__B_Y_$_AND__A_Y_$_AND__B_Y_$_NAND__B_A_$_NAND__Y_B_$_NAND__Y_B_$_NAND__Y_B_$_NAND__Y_B_$_NAND__Y_B_$_NAND__Y_B_$_NAND__Y_B_$_OR__Y_B_$_AND__Y_A_$_NAND__B.
Rename wire $abc$1337$new_n77 in top to count_31__$_NOR__B_Y_$_AND__A_Y_$_AND__B_Y_$_NAND__B_A_$_NAND__Y_B_$_NAND__Y_B_$_NAND__Y_B_$_NAND__Y_B_$_NAND__Y_B_$_NAND__Y_B_$_NAND__Y_B_$_OR__Y_B_$_AND__Y_A_$_NAND__B_Y.
Renamed 222 objects in module top.

12. Executing CLOCK_GATE pass (extract clock gating out of flip flops).
maybe valid icg: ICGNX0P5H7L
\ICGNX0P5H7L is the first of its polarity
maybe valid icg: ICGNX1H7L
ties: 0 ? 0
area: 5.600000 ? 5.600000
maybe valid icg: ICGNX2H7L
ties: 0 ? 0
area: 5.600000 ? 5.880000
maybe valid icg: ICGNX3H7L
ties: 0 ? 0
area: 5.600000 ? 5.880000
maybe valid icg: ICGNX4H7L
ties: 0 ? 0
area: 5.600000 ? 6.160000
maybe valid icg: ICGX0P5H7L
\ICGX0P5H7L is the first of its polarity
maybe valid icg: ICGX1H7L
ties: 0 ? 0
area: 6.160000 ? 6.160000
maybe valid icg: ICGX2H7L
ties: 0 ? 0
area: 6.160000 ? 6.440000
maybe valid icg: ICGX3H7L
ties: 0 ? 0
area: 6.160000 ? 6.720000
maybe valid icg: ICGX4H7L
ties: 0 ? 0
area: 6.160000 ? 6.720000
Selected rising edge ICG \ICGX0P5H7L from Liberty file
Selected falling edge ICG \ICGNX0P5H7L from Liberty file
Converted 0 FFs.

13. Executing DFFLIBMAP pass (mapping DFF cells to sequential cells from liberty file).
Inference failed on expression '(D * !SE) + (D * SI) + (SE * SI)' in next_state attribute of cell 'SDFFNRX0P5H7L' because it does not contain ff output 'IQ' - skipping.
Inference failed on expression '(D * !SE) + (D * SI) + (SE * SI)' in next_state attribute of cell 'SDFFNRX1H7L' because it does not contain ff output 'IQ' - skipping.
Inference failed on expression '(D * !SE) + (D * SI) + (SE * SI)' in next_state attribute of cell 'SDFFNRX2H7L' because it does not contain ff output 'IQ' - skipping.
Inference failed on expression '(D * !SE) + (D * SI) + (SE * SI)' in next_state attribute of cell 'SDFFNRX3H7L' because it does not contain ff output 'IQ' - skipping.
Inference failed on expression '(D * !SE) + (D * SI) + (SE * SI)' in next_state attribute of cell 'SDFFNSX0P5H7L' because it does not contain ff output 'IQ' - skipping.
Inference failed on expression '(D * !SE) + (D * SI) + (SE * SI)' in next_state attribute of cell 'SDFFNSX1H7L' because it does not contain ff output 'IQ' - skipping.
Inference failed on expression '(D * !SE) + (D * SI) + (SE * SI)' in next_state attribute of cell 'SDFFNSX2H7L' because it does not contain ff output 'IQ' - skipping.
Inference failed on expression '(D * !SE) + (D * SI) + (SE * SI)' in next_state attribute of cell 'SDFFNX0P5H7L' because it does not contain ff output 'IQ' - skipping.
  cell DFFNQX2H7L (noninv, pins=3, area=6.44) is a direct match for cell type $_DFF_N_.
Inference failed on expression '(D * RN)' in next_state attribute of cell 'DFFTRQX0P5H7L' because it does not contain ff output 'IQ' - skipping.
Inference failed on expression '(D * RN)' in next_state attribute of cell 'DFFTRQX1H7L' because it does not contain ff output 'IQ' - skipping.
Inference failed on expression '(D * RN)' in next_state attribute of cell 'DFFTRQX2H7L' because it does not contain ff output 'IQ' - skipping.
Inference failed on expression '(D * E * !SE) + (D * E * SI) + (SE * SI) + ((!E * !SE)) * IQ' in next_state attribute of cell 'ESDFFQX0P5H7L' because it does not evaluate to an enable flop - skipping.
Inference failed on expression '(D * E * !SE) + (D * E * SI) + (SE * SI) + ((!E * !SE)) * IQ' in next_state attribute of cell 'ESDFFQX1H7L' because it does not evaluate to an enable flop - skipping.
Inference failed on expression '(D * E * !SE) + (D * E * SI) + (SE * SI) + ((!E * !SE)) * IQ' in next_state attribute of cell 'ESDFFQX2H7L' because it does not evaluate to an enable flop - skipping.
Inference failed on expression '(D * !SE) + (D * SI) + (SE * SI)' in next_state attribute of cell 'SDFFQX0P5H7L' because it does not contain ff output 'IQ' - skipping.
Inference failed on expression '(D * !SE) + (D * SI) + (SE * SI)' in next_state attribute of cell 'SDFFQX1H7L' because it does not contain ff output 'IQ' - skipping.
Inference failed on expression '(D * !SE) + (D * SI) + (SE * SI)' in next_state attribute of cell 'SDFFQX2H7L' because it does not contain ff output 'IQ' - skipping.
Inference failed on expression '(D * !SE) + (D * SI) + (SE * SI)' in next_state attribute of cell 'SDFFQX3H7L' because it does not contain ff output 'IQ' - skipping.
Inference failed on expression '(D * !SE) + (D * SI) + (SE * SI)' in next_state attribute of cell 'SDFFRQX0P5H7L' because it does not contain ff output 'IQ' - skipping.
Inference failed on expression '(D * !SE) + (D * SI) + (SE * SI)' in next_state attribute of cell 'SDFFRQX1H7L' because it does not contain ff output 'IQ' - skipping.
Inference failed on expression '(D * !SE) + (D * SI) + (SE * SI)' in next_state attribute of cell 'SDFFRQX2H7L' because it does not contain ff output 'IQ' - skipping.
Inference failed on expression '(D * !SE) + (D * SI) + (SE * SI)' in next_state attribute of cell 'SDFFSRQX1H7L' because it does not contain ff output 'IQ' - skipping.
Inference failed on expression '(D * !SE) + (D * SI) + (SE * SI)' in next_state attribute of cell 'SDFFSRQX2H7L' because it does not contain ff output 'IQ' - skipping.
Inference failed on expression '(D * !SE) + (D * SI) + (SE * SI)' in next_state attribute of cell 'SDFFSRX0P5H7L' because it does not contain ff output 'IQ' - skipping.
Inference failed on expression '(D * !SE) + (D * SI) + (SE * SI)' in next_state attribute of cell 'SDFFSRX1H7L' because it does not contain ff output 'IQ' - skipping.
Inference failed on expression '(D * !SE) + (D * SI) + (SE * SI)' in next_state attribute of cell 'SDFFSRX2H7L' because it does not contain ff output 'IQ' - skipping.
Inference failed on expression '(D * !SE) + (D * SI) + (SE * SI)' in next_state attribute of cell 'SDFFSX0P5H7L' because it does not contain ff output 'IQ' - skipping.
Inference failed on expression '(D * !SE) + (D * SI) + (SE * SI)' in next_state attribute of cell 'SDFFSX1H7L' because it does not contain ff output 'IQ' - skipping.
Inference failed on expression '(D * !SE) + (D * SI) + (SE * SI)' in next_state attribute of cell 'SDFFSX2H7L' because it does not contain ff output 'IQ' - skipping.
Inference failed on expression '(D * RN * !SE) + (D * RN * SI) + (SE * SI)' in next_state attribute of cell 'SDFFTRQX0P5H7L' because it does not contain ff output 'IQ' - skipping.
Inference failed on expression '(D * RN * !SE) + (D * RN * SI) + (SE * SI)' in next_state attribute of cell 'SDFFTRQX1H7L' because it does not contain ff output 'IQ' - skipping.
Inference failed on expression '(D * RN * !SE) + (D * RN * SI) + (SE * SI)' in next_state attribute of cell 'SDFFTRQX2H7L' because it does not contain ff output 'IQ' - skipping.
Inference failed on expression '(D * RN * !SE) + (D * RN * SI) + (SE * SI)' in next_state attribute of cell 'SDFFTRQX3H7L' because it does not contain ff output 'IQ' - skipping.
Inference failed on expression '(D * !SE) + (D * SI) + (SE * SI)' in next_state attribute of cell 'SDFFX0P5H7L' because it does not contain ff output 'IQ' - skipping.
Inference failed on expression '(D * !SE) + (D * SI) + (SE * SI)' in next_state attribute of cell 'SDFFX1H7L' because it does not contain ff output 'IQ' - skipping.
Inference failed on expression '(D * !SE) + (D * SI) + (SE * SI)' in next_state attribute of cell 'SDFFX2H7L' because it does not contain ff output 'IQ' - skipping.
Inference failed on expression '(D * !SE) + (D * SI) + (SE * SI)' in next_state attribute of cell 'SDFFX3H7L' because it does not contain ff output 'IQ' - skipping.
  cell DFFQX1H7L (noninv, pins=3, area=6.16) is a direct match for cell type $_DFF_P_.
  cell DFFNRX0P5H7L (noninv, pins=5, area=8.40) is a direct match for cell type $_DFF_NN0_.
  cell DFFNSX2H7L (noninv, pins=5, area=9.24) is a direct match for cell type $_DFF_NN1_.
  cell DFFRQX2H7L (noninv, pins=4, area=7.84) is a direct match for cell type $_DFF_PN0_.
  cell DFFSQX2H7L (noninv, pins=4, area=8.12) is a direct match for cell type $_DFF_PN1_.
  cell DFFNSRX2H7L (noninv, pins=6, area=10.08) is a direct match for cell type $_DFFSR_NNN_.
  cell DFFSRQX1H7L (noninv, pins=5, area=9.24) is a direct match for cell type $_DFFSR_PNN_.
  final dff cell mappings:
    \DFFNQX2H7L _DFF_N_ (.CKN( C), .D( D), .Q( Q));
    \DFFQX1H7L _DFF_P_ (.CK( C), .D( D), .Q( Q));
    \DFFNRX0P5H7L _DFF_NN0_ (.CKN( C), .D( D), .Q( Q), .QN(~Q), .RN( R));
    \DFFNSX2H7L _DFF_NN1_ (.CKN( C), .D( D), .Q( Q), .QN(~Q), .SN( R));
    unmapped dff cell: $_DFF_NP0_
    unmapped dff cell: $_DFF_NP1_
    \DFFRQX2H7L _DFF_PN0_ (.CK( C), .D( D), .Q( Q), .RN( R));
    \DFFSQX2H7L _DFF_PN1_ (.CK( C), .D( D), .Q( Q), .SN( R));
    unmapped dff cell: $_DFF_PP0_
    unmapped dff cell: $_DFF_PP1_
    unmapped dff cell: $_DFFE_NN_
    unmapped dff cell: $_DFFE_NP_
    unmapped dff cell: $_DFFE_PN_
    unmapped dff cell: $_DFFE_PP_
    \DFFNSRX2H7L _DFFSR_NNN_ (.CKN( C), .D( D), .Q( Q), .QN(~Q), .RN( R), .SN( S));
    unmapped dff cell: $_DFFSR_NNP_
    unmapped dff cell: $_DFFSR_NPN_
    unmapped dff cell: $_DFFSR_NPP_
    \DFFSRQX1H7L _DFFSR_PNN_ (.CK( C), .D( D), .Q( Q), .RN( R), .SN( S));
    unmapped dff cell: $_DFFSR_PNP_
    unmapped dff cell: $_DFFSR_PPN_
    unmapped dff cell: $_DFFSR_PPP_

13.1. Executing DFFLEGALIZE pass (convert FFs to types supported by the target).
Mapping DFF cells in module `\top':
  mapped 48 $_DFF_P_ cells to \DFFQX1H7L cells.

14. Executing OPT pass (performing simple optimizations).

14.1. Executing OPT_EXPR pass (perform const folding).
Optimizing module top.

14.2. Executing OPT_MERGE pass (detect identical cells).
Finding identical cells in module `\top'.
Computing hashes of 223 cells of `\top'.
Finding duplicate cells in `\top'.
Removed a total of 0 cells.

14.3. Executing OPT_MUXTREE pass (detect dead branches in mux trees).
Running muxtree optimizer on module \top..
  Creating internal representation of mux trees.
  No muxes found in this module.
Removed 0 multiplexer ports.

14.4. Executing OPT_REDUCE pass (consolidate $*mux and $reduce_* inputs).
  Optimizing cells in module \top.
Performed a total of 0 changes.

14.5. Executing OPT_MERGE pass (detect identical cells).
Finding identical cells in module `\top'.
Computing hashes of 223 cells of `\top'.
Finding duplicate cells in `\top'.
Removed a total of 0 cells.

14.6. Executing OPT_DFF pass (perform DFF optimizations).

14.7. Executing OPT_CLEAN pass (remove unused cells and wires).
Finding unused cells or wires in module \top..
  removing unused non-port wire $auto$alumacc.cc:512:replace_alu$35.P_1_.
  removing unused non-port wire $auto$alumacc.cc:512:replace_alu$35.P_2_.
  removing unused non-port wire $auto$alumacc.cc:512:replace_alu$35.P_3_.
  removing unused non-port wire $auto$alumacc.cc:512:replace_alu$35.P_4_.
  removing unused non-port wire $auto$alumacc.cc:512:replace_alu$35.P_5_.
  removing unused non-port wire $auto$alumacc.cc:512:replace_alu$35.P_6_.
  removing unused non-port wire $auto$alumacc.cc:512:replace_alu$35.P_7_.
  removing unused non-port wire $auto$alumacc.cc:512:replace_alu$35.P_8_.
  removing unused non-port wire $auto$alumacc.cc:512:replace_alu$35.P_9_.
  removing unused non-port wire $auto$alumacc.cc:512:replace_alu$35.P_10_.
  removing unused non-port wire $auto$alumacc.cc:512:replace_alu$35.P_11_.
  removing unused non-port wire $auto$alumacc.cc:512:replace_alu$35.P_12_.
  removing unused non-port wire $auto$alumacc.cc:512:replace_alu$35.P_13_.
  removing unused non-port wire $auto$alumacc.cc:512:replace_alu$35.P_14_.
  removing unused non-port wire $auto$alumacc.cc:512:replace_alu$35.P_15_.
  removing unused non-port wire $auto$alumacc.cc:512:replace_alu$35.P_16_.
  removing unused non-port wire $auto$alumacc.cc:512:replace_alu$35.P_17_.
  removing unused non-port wire $auto$alumacc.cc:512:replace_alu$35.P_18_.
  removing unused non-port wire $auto$alumacc.cc:512:replace_alu$35.P_19_.
  removing unused non-port wire $auto$alumacc.cc:512:replace_alu$35.P_20_.
  removing unused non-port wire $auto$alumacc.cc:512:replace_alu$35.P_21_.
  removing unused non-port wire $auto$alumacc.cc:512:replace_alu$35.P_22_.
  removing unused non-port wire $auto$alumacc.cc:512:replace_alu$35.P_23_.
  removing unused non-port wire $auto$alumacc.cc:512:replace_alu$35.P_24_.
  removing unused non-port wire $auto$alumacc.cc:512:replace_alu$35.P_25_.
  removing unused non-port wire $auto$alumacc.cc:512:replace_alu$35.P_26_.
  removing unused non-port wire $auto$alumacc.cc:512:replace_alu$35.P_27_.
  removing unused non-port wire $auto$alumacc.cc:512:replace_alu$35.P_28_.
  removing unused non-port wire $auto$alumacc.cc:512:replace_alu$35.P_29_.
  removing unused non-port wire $auto$alumacc.cc:512:replace_alu$35.P_30_.
  removing unused non-port wire $auto$alumacc.cc:512:replace_alu$35.P_31_.
  removing unused non-port wire $auto$alumacc.cc:512:replace_alu$35.Y_0_.
Removed 0 unused cells and 32 unused wires.

14.8. Executing OPT_EXPR pass (perform const folding).
Optimizing module top.

14.9. Rerunning OPT passes. (Maybe there is more to do..)

14.10. Executing OPT_MUXTREE pass (detect dead branches in mux trees).
Running muxtree optimizer on module \top..
  Creating internal representation of mux trees.
  No muxes found in this module.
Removed 0 multiplexer ports.

14.11. Executing OPT_REDUCE pass (consolidate $*mux and $reduce_* inputs).
  Optimizing cells in module \top.
Performed a total of 0 changes.

14.12. Executing OPT_MERGE pass (detect identical cells).
Finding identical cells in module `\top'.
Computing hashes of 223 cells of `\top'.
Finding duplicate cells in `\top'.
Removed a total of 0 cells.

14.13. Executing OPT_DFF pass (perform DFF optimizations).

14.14. Executing OPT_CLEAN pass (remove unused cells and wires).
Finding unused cells or wires in module \top..

14.15. Executing OPT_EXPR pass (perform const folding).
Optimizing module top.

14.16. Finished fast OPT passes. (There is nothing left to do.)
[INFO]: USING STRATEGY DELAY-4

15. Executing ABC pass (technology mapping using ABC).

15.1. Extracting gate netlist of module `\top' to `/tmp/yosys-abc-nG8wti/input.blif'..

15.1.1. Executed ABC.
Extracted 175 gates and 226 wires to a netlist network with 49 inputs and 48 outputs.
Running ABC script: /tmp/yosys-abc-nG8wti/abc.script
ABC: UC Berkeley, ABC 1.01 (compiled Jul 24 2026 03:59:25)
ABC: abc 01> empty
ABC: abc 01> source /tmp/yosys-abc-nG8wti/abc.script
ABC: + read_blif /tmp/yosys-abc-nG8wti/input.blif 
ABC: + read_scl /tmp/yosys-liberty-scl-cache/yosys_merged_b91b8ee3.scl 
ABC: Warning: Detected 6 multi-output cells (for example, "ADDFX1H7L").
ABC: + read_constr -v /home/sun/Desktop/yosys-sta/result/top-500MHz/abc.sdc 
ABC: Setting driving cell to be "BUFX0P5H7L".
ABC: Setting output load to be 1.600000.
ABC: + &get -n 
ABC: + &st 
ABC: + &dch 
ABC: + &nf 
ABC: + &put 
ABC: + &get -n 
ABC: + &st 
ABC: + &syn2 
ABC: + &if -g -K 6 
ABC: + &synch2 
ABC: + &nf 
ABC: + &put 
ABC: + &get -n 
ABC: + &st 
ABC: + &syn2 
ABC: + &if -g -K 6 
ABC: + &synch2 
ABC: + &nf 
ABC: + &put 
ABC: + &get -n 
ABC: + &st 
ABC: + &syn2 
ABC: + &if -g -K 6 
ABC: + &synch2 
ABC: + &nf 
ABC: + &put 
ABC: + &get -n 
ABC: + &st 
ABC: + &syn2 
ABC: + &if -g -K 6 
ABC: + &synch2 
ABC: + &nf 
ABC: + &put 
ABC: + &get -n 
ABC: + &st 
ABC: + &syn2 
ABC: + &if -g -K 6 
ABC: + &synch2 
ABC: + &nf 
ABC: + &put 
ABC: + buffer -c -N 24 
ABC: + topo 
ABC: + stime -c 
ABC: WireLoad = "none"  Gates =    148 (  4.7 %)   Cap =  2.1 ff (  2.2 %)   Area =      262.92 ( 91.2 %)   Delay =   524.47 ps  ( 15.5 %)               
ABC: + upsize -c 
ABC: + dnsize -c 
ABC: + 
ABC: + stime -p 
ABC: WireLoad = "none"  Gates =    148 (  4.7 %)   Cap =  2.3 ff ( 10.9 %)   Area =      264.88 ( 63.5 %)   Delay =   406.30 ps  ( 28.4 %)               
ABC: Path  0 --      17 : 0    6 pi         A =   0.00  Df =  68.9  -25.4 ps  S = 136.1 ps  Cin =  0.0 ff  Cout =   7.9 ff  Cmax =   0.0 ff  G =    0  
ABC: Path  1 --     130 : 4    8 NAND4X6H7L A =   5.32  Df = 127.8  -36.6 ps  S =  70.5 ps  Cin =  3.2 ff  Cout =   6.2 ff  Cmax = 119.8 ff  G =  192  
ABC: Path  2 --     134 : 4    1 OR4X1P4H7L A =   2.24  Df = 247.6 -107.1 ps  S =  42.8 ps  Cin =  0.8 ff  Cout =   1.7 ff  Cmax =  69.3 ff  G =  226  
ABC: Path  3 --     135 : 1   12 BUFX7H7L   A =   2.52  Df = 295.8 -114.5 ps  S =  32.6 ps  Cin =  1.7 ff  Cout =  10.3 ff  Cmax = 289.6 ff  G =  586  
ABC: Path  4 --     154 : 3    1 OR3X1P4H7L A =   1.96  Df = 367.6 -150.6 ps  S =  29.4 ps  Cin =  0.8 ff  Cout =   1.1 ff  Cmax =  69.6 ff  G =  144  
ABC: Path  5 --     155 : 3    1 AOI21X2H7L A =   1.96  Df = 406.3  -31.0 ps  S =  54.0 ps  Cin =  1.1 ff  Cout =   1.6 ff  Cmax =  40.5 ff  G =  142  
ABC: Start-point = pi16 (\count_1_).  End-point = po13 ($auto$rtlil.cc:3513:MuxGate$1482).
ABC: + print_stats -m 
ABC: netlist                       : i/o =   49/   48  lat =    0  nd =   148  edge =    372  area =264.88  delay = 6.00  lev = 6
ABC: + write_blif /tmp/yosys-abc-nG8wti/output.blif 
ABC: 
ABC: YOSYS_ABC_DONE 

15.1.2. Re-integrating ABC results.
ABC RESULTS:       AND4X0P5H7L cells:        2
ABC RESULTS:    AOAI211X0P5H7L cells:        2
ABC RESULTS:      AOI21X0P5H7L cells:        3
ABC RESULTS:      AOI21X1P4H7L cells:        1
ABC RESULTS:        AOI21X2H7L cells:        2
ABC RESULTS:    AOI2BB1X1P4H7L cells:        1
ABC RESULTS:      AOI2XB1X1H7L cells:        2
ABC RESULTS:         BUFX16H7L cells:        1
ABC RESULTS:          BUFX3H7L cells:        2
ABC RESULTS:          BUFX7H7L cells:        1
ABC RESULTS:        INVX0P5H7L cells:        3
ABC RESULTS:       MUX2X0P5H7L cells:       12
ABC RESULTS:       MUX2X1P4H7L cells:        3
ABC RESULTS:      MUXI2X0P5H7L cells:        1
ABC RESULTS:      NAND2X0P5H7L cells:        5
ABC RESULTS:     NAND3BX0P5H7L cells:        2
ABC RESULTS:      NAND3X0P5H7L cells:        7
ABC RESULTS:     NAND4BX1P4H7L cells:        1
ABC RESULTS:      NAND4X0P5H7L cells:        4
ABC RESULTS:        NAND4X6H7L cells:        2
ABC RESULTS:        NOR2BX1H7L cells:       16
ABC RESULTS:       NOR2X0P5H7L cells:       15
ABC RESULTS:       NOR2X1P4H7L cells:        1
ABC RESULTS:         NOR2X3H7L cells:        1
ABC RESULTS:      NOR3BX0P5H7L cells:        1
ABC RESULTS:      NOR3BX1P4H7L cells:        1
ABC RESULTS:       NOR3X0P5H7L cells:        5
ABC RESULTS:       NOR3X1P4H7L cells:        2
ABC RESULTS:         NOR3X3H7L cells:        1
ABC RESULTS:       NOR4X0P5H7L cells:        7
ABC RESULTS:       NOR4X1P4H7L cells:        1
ABC RESULTS:         OA31X1H7L cells:        1
ABC RESULTS:     OAI211X0P7H7L cells:        1
ABC RESULTS:      OAI21X0P5H7L cells:        6
ABC RESULTS:    OAI2BB1X0P5H7L cells:        3
ABC RESULTS:        OR2X0P5H7L cells:        1
ABC RESULTS:        OR2X1P4H7L cells:        1
ABC RESULTS:          OR3X1H7L cells:        2
ABC RESULTS:        OR3X1P4H7L cells:        2
ABC RESULTS:        OR4X1P4H7L cells:        1
ABC RESULTS:      XNOR2X0P5H7L cells:        7
ABC RESULTS:        XNOR2X3H7L cells:        1
ABC RESULTS:       XOR2X0P5H7L cells:        5
ABC RESULTS:          _const0_ cells:        9
ABC RESULTS:        internal signals:      129
ABC RESULTS:           input signals:       49
ABC RESULTS:          output signals:       48
Removing temp directory.
Removing global temp directory.

16. Executing HILOMAP pass (mapping to constant drivers).

17. Executing SETUNDEF pass (replace undef values with defined constants).

18. Executing OPT_CLEAN pass (remove unused cells and wires).
Finding unused cells or wires in module \top..
  removing unused non-port wire \count_28__reg_p_D.
  removing unused non-port wire \count_1__$_NOR__A_Y_$_AND__A_B.
  removing unused non-port wire \count_1__$_NOR__A_Y_$_AND__A_Y_$_AND__A_Y.
  removing unused non-port wire \count_7__reg_p_D_$_XOR__Y_B.
  removing unused non-port wire \count_1__$_NOR__A_Y_$_AND__A_Y.
  removing unused non-port wire \count_1__$_NOR__A_Y_$_AND__A_Y_$_AND__A_Y_$_AND__B_Y.
  removing unused non-port wire \count_1__$_NOR__A_Y_$_AND__A_Y_$_AND__A_Y_$_AND__B_Y_$_AND__B_A.
  removing unused non-port wire \count_1__$_NOR__A_Y_$_AND__A_Y_$_AND__A_Y_$_AND__B_Y_$_AND__B_Y_$_AND__B_A.
  removing unused non-port wire \count_1__$_NOR__A_Y_$_AND__A_Y_$_AND__A_Y_$_AND__B_A_$_AND__Y_B_$_AND__Y_B.
  removing unused non-port wire \count_1__$_NOR__A_Y_$_AND__A_Y_$_AND__A_Y_$_AND__B_A_$_AND__Y_B.
  removing unused non-port wire \count_1__$_NOR__A_Y_$_AND__A_Y_$_AND__A_Y_$_AND__B_A_$_AND__Y_B_$_AND__Y_A.
  removing unused non-port wire \count_1__$_NOR__A_Y_$_AND__A_Y_$_AND__A_Y_$_AND__B_A_$_AND__Y_A_$_AND__Y_B.
  removing unused non-port wire \count_1__$_NOR__A_Y_$_AND__A_Y_$_AND__A_Y_$_AND__B_Y_$_AND__B_Y.
  removing unused non-port wire \count_1__$_NOR__A_Y_$_AND__A_Y_$_AND__A_Y_$_AND__B_A_$_AND__Y_A_$_AND__Y_A.
  removing unused non-port wire \count_1__$_NOR__A_Y_$_AND__A_Y_$_AND__A_Y_$_AND__B_Y_$_AND__B_Y_$_AND__B_Y.
  removing unused non-port wire \count_1__$_NOR__A_Y_$_AND__A_Y_$_AND__A_Y_$_AND__B_Y_$_AND__B_A_$_AND__Y_B.
  removing unused non-port wire \count_1__$_NOR__A_Y_$_AND__A_Y_$_AND__A_Y_$_AND__B_Y_$_AND__B_Y_$_AND__B_A_$_AND__Y_A.
  removing unused non-port wire \count_1__$_NOR__A_Y_$_AND__A_Y_$_AND__A_Y_$_AND__B_Y_$_AND__B_Y_$_AND__B_A_$_AND__Y_B.
  removing unused non-port wire \count_29__reg_p_D.
  removing unused non-port wire \count_31__$_NOR__B_Y_$_AND__A_B.
  removing unused non-port wire \count_30__reg_p_D_$_XOR__Y_B.
  removing unused non-port wire \count_31__$_NOR__B_Y_$_AND__A_Y.
  removing unused non-port wire \count_31__$_NOR__B_Y_$_AND__A_Y_$_AND__B_Y.
  removing unused non-port wire \count_17__reg_p_D_$_XOR__Y_B_$_AND__B_Y.
  removing unused non-port wire \count_1__$_AND__A_Y.
  removing unused non-port wire \count_31__$_NOR__B_Y_$_AND__A_B_$_AND__Y_A.
  removing unused non-port wire \count_9__reg_p_D.
  removing unused non-port wire \count_31__$_NOR__B_Y_$_AND__A_Y_$_AND__B_A.
  removing unused non-port wire \count_31__$_NOR__B_Y_$_AND__A_Y_$_AND__B_A_$_AND__Y_B.
  removing unused non-port wire \count_31__$_NOR__B_Y_$_AND__A_Y_$_AND__B_Y_$_NAND__B_Y.
  removing unused non-port wire \count_31__$_NOR__B_Y_$_AND__A_Y_$_AND__B_Y_$_NAND__B_A.
  removing unused non-port wire \count_31__$_NOR__B_Y_$_AND__A_Y_$_AND__B_Y_$_NAND__B_A_$_NAND__Y_B.
  removing unused non-port wire \count_31__$_NOR__B_Y_$_AND__A_Y_$_AND__B_Y_$_NAND__B_A_$_NAND__Y_B_$_NAND__Y_B.
  removing unused non-port wire \count_31__$_NOR__B_Y_$_AND__A_Y_$_AND__B_Y_$_NAND__B_A_$_NAND__Y_B_$_NAND__Y_B_$_NAND__Y_B.
  removing unused non-port wire \count_31__$_NOR__B_Y_$_AND__A_Y_$_AND__B_Y_$_NAND__B_A_$_NAND__Y_B_$_NAND__Y_B_$_NAND__Y_B_$_NAND__Y_B.
  removing unused non-port wire \count_31__$_NOR__B_Y_$_AND__A_Y_$_AND__B_Y_$_NAND__B_A_$_NAND__Y_B_$_NAND__Y_B_$_NAND__Y_B_$_NAND__Y_B_$_NAND__Y_B.
  removing unused non-port wire \count_31__$_NOR__B_Y_$_AND__A_Y_$_AND__B_Y_$_NAND__B_A_$_NAND__Y_B_$_NAND__Y_B_$_NAND__Y_B_$_NAND__Y_B_$_NAND__Y_B_$_NAND__Y_B.
  removing unused non-port wire \count_31__$_NOR__B_Y_$_AND__A_Y_$_AND__B_Y_$_NAND__B_A_$_NAND__Y_B_$_NAND__Y_B_$_NAND__Y_B_$_NAND__Y_B_$_NAND__Y_B_$_NAND__Y_B_$_NAND__Y_B.
  removing unused non-port wire \count_1__$_NOR__A_Y_$_AND__A_Y_$_AND__A_B_$_AND__Y_A.
  removing unused non-port wire \count_1__$_NOR__A_Y_$_AND__A_Y_$_AND__A_Y_$_AND__B_Y_$_AND__B_A_$_AND__Y_B_$_ANDNOT__Y_B.
  removing unused non-port wire \count_31__$_NOR__B_Y_$_AND__A_Y_$_AND__B_Y_$_NAND__B_A_$_NAND__Y_B_$_NAND__Y_B_$_NAND__Y_A.
  removing unused non-port wire \count_1__$_NOR__A_Y_$_AND__A_Y_$_AND__A_Y_$_AND__B_Y_$_AND__B_Y_$_AND__B_A_$_AND__Y_B_$_AND__Y_A.
  removing unused non-port wire \count_31__$_NOR__B_Y_$_AND__A_Y_$_AND__B_A_$_AND__Y_A.
  removing unused non-port wire \count_19__reg_p_D_$_AND__Y_B_$_OR__Y_B.
  removing unused non-port wire \count_30__reg_p_D.
  removing unused non-port wire \count_31__reg_p_D_$_XNOR__Y_B.
  removing unused non-port wire \count_9__reg_p_D_$_AND__Y_B.
  removing unused non-port wire \count_9__reg_p_D_$_AND__Y_B_$_OR__Y_B.
  removing unused non-port wire \count_19__reg_p_D_$_AND__Y_B.
  removing unused non-port wire \count_29__reg_p_D_$_XOR__Y_B.
  removing unused non-port wire \count_28__reg_p_D_$_XOR__Y_B.
  removing unused non-port wire \count_27__reg_p_D_$_XOR__Y_B.
  removing unused non-port wire \count_26__reg_p_D_$_XOR__Y_B.
  removing unused non-port wire \count_25__reg_p_D_$_XOR__Y_B.
  removing unused non-port wire \count_24__reg_p_D_$_XOR__Y_B.
  removing unused non-port wire \count_23__reg_p_D_$_XOR__Y_B.
  removing unused non-port wire \count_22__reg_p_D_$_XOR__Y_B.
  removing unused non-port wire \count_21__reg_p_D_$_XOR__Y_B.
  removing unused non-port wire \count_17__reg_p_D_$_XOR__Y_B.
  removing unused non-port wire \count_1__$_NOR__A_Y_$_AND__A_Y_$_AND__A_Y_$_AND__B_Y_$_AND__B_Y_$_AND__B_A_$_AND__Y_B_$_AND__Y_A_$_ANDNOT__Y_A.
  removing unused non-port wire \count_1__$_NOR__A_Y_$_AND__A_Y_$_AND__A_Y_$_AND__B_Y_$_AND__B_A_$_AND__Y_B_$_ANDNOT__Y_A.
  removing unused non-port wire \count_7__reg_p_D_$_XOR__Y_B_$_AND__B_Y.
  removing unused non-port wire \count_16__reg_p_D_$_XOR__Y_B.
  removing unused non-port wire \count_15__reg_p_D_$_XOR__Y_B.
  removing unused non-port wire \count_14__reg_p_D_$_XOR__Y_B.
  removing unused non-port wire \count_13__reg_p_D_$_XOR__Y_B.
  removing unused non-port wire \count_12__reg_p_D_$_XOR__Y_B.
  removing unused non-port wire \count_11__reg_p_D_$_XOR__Y_B.
  removing unused non-port wire \count_31__$_NOR__B_Y_$_AND__A_B_$_AND__Y_B.
  removing unused non-port wire \count_1__$_NOR__A_Y_$_AND__A_Y_$_AND__A_Y_$_AND__B_A_$_AND__Y_A.
  removing unused non-port wire \count_1__$_NOR__A_Y.
  removing unused non-port wire \count_31__$_NOR__B_Y.
  removing unused non-port wire \count_3__reg_p_D_$_XOR__Y_B.
  removing unused non-port wire \count_4__reg_p_D_$_XOR__Y_B.
  removing unused non-port wire \count_5__reg_p_D_$_XOR__Y_B.
  removing unused non-port wire \count_6__reg_p_D_$_XOR__Y_B.
  removing unused non-port wire \count_31__$_NOR__B_Y_$_AND__A_Y_$_AND__B_Y_$_NAND__B_A_$_NAND__Y_B_$_NAND__Y_B_$_NAND__Y_B_$_NAND__Y_B_$_NAND__Y_B_$_NAND__Y_B_$_NAND__Y_B_$_OR__Y_B.
  removing unused non-port wire \count_31__$_NOR__B_Y_$_AND__A_Y_$_AND__B_Y_$_NAND__B_A_$_NAND__Y_B_$_NAND__Y_B_$_NAND__Y_A_$_NAND__B_Y.
  removing unused non-port wire \count_31__$_NOR__B_Y_$_AND__A_Y_$_AND__B_Y_$_NAND__B_A_$_NAND__Y_B_$_NAND__Y_B_$_NAND__Y_B_$_NAND__Y_B_$_NAND__Y_B_$_NAND__Y_B_$_NAND__Y_B_$_OR__Y_B_$_AND__Y_A.
  removing unused non-port wire \count_1__$_NOR__A_Y_$_AND__A_Y_$_AND__A_Y_$_AND__B_Y_$_AND__B_Y_$_AND__B_A_$_AND__Y_B_$_AND__Y_B.
  removing unused non-port wire \count_1__$_NOR__A_Y_$_AND__A_Y_$_AND__A_Y_$_AND__B_A.
  removing unused non-port wire \count_1__$_NOR__A_Y_$_AND__A_Y_$_AND__A_B.
  removing unused non-port wire \count_27__reg_p_D.
  removing unused non-port wire $auto$rtlil.cc:3513:MuxGate$1576.
  removing unused non-port wire $auto$rtlil.cc:3513:MuxGate$1574.
  removing unused non-port wire $auto$rtlil.cc:3513:MuxGate$1572.
  removing unused non-port wire $auto$rtlil.cc:3513:MuxGate$1570.
  removing unused non-port wire $auto$rtlil.cc:3513:MuxGate$1568.
  removing unused non-port wire $auto$rtlil.cc:3513:MuxGate$1566.
  removing unused non-port wire $auto$rtlil.cc:3513:MuxGate$1564.
  removing unused non-port wire $auto$rtlil.cc:3513:MuxGate$1562.
  removing unused non-port wire $auto$rtlil.cc:3513:MuxGate$1560.
  removing unused non-port wire $auto$rtlil.cc:3513:MuxGate$1558.
  removing unused non-port wire $auto$rtlil.cc:3513:MuxGate$1556.
  removing unused non-port wire $auto$rtlil.cc:3513:MuxGate$1554.
  removing unused non-port wire $auto$rtlil.cc:3513:MuxGate$1552.
  removing unused non-port wire $auto$rtlil.cc:3513:MuxGate$1550.
  removing unused non-port wire $auto$rtlil.cc:3513:MuxGate$1548.
  removing unused non-port wire $auto$rtlil.cc:3513:MuxGate$1546.
  removing unused non-port wire $auto$rtlil.cc:3513:MuxGate$1544.
  removing unused non-port wire $auto$rtlil.cc:3513:MuxGate$1542.
  removing unused non-port wire $auto$rtlil.cc:3513:MuxGate$1540.
  removing unused non-port wire $auto$rtlil.cc:3513:MuxGate$1538.
  removing unused non-port wire $auto$rtlil.cc:3513:MuxGate$1536.
  removing unused non-port wire $auto$rtlil.cc:3513:MuxGate$1534.
  removing unused non-port wire $auto$rtlil.cc:3513:MuxGate$1532.
  removing unused non-port wire $auto$rtlil.cc:3513:MuxGate$1530.
  removing unused non-port wire $auto$rtlil.cc:3513:MuxGate$1528.
  removing unused non-port wire $auto$rtlil.cc:3513:MuxGate$1526.
  removing unused non-port wire $auto$rtlil.cc:3513:MuxGate$1524.
  removing unused non-port wire $auto$rtlil.cc:3513:MuxGate$1522.
  removing unused non-port wire $auto$rtlil.cc:3513:MuxGate$1520.
  removing unused non-port wire $auto$rtlil.cc:3513:MuxGate$1518.
  removing unused non-port wire $auto$rtlil.cc:3513:MuxGate$1516.
  removing unused non-port wire $auto$rtlil.cc:3513:MuxGate$1514.
  removing unused non-port wire \count_0__reg_p_D.
  removing unused non-port wire \count_1__reg_p_D.
  removing unused non-port wire \count_2__reg_p_D.
  removing unused non-port wire \count_3__reg_p_D.
  removing unused non-port wire \count_4__reg_p_D.
  removing unused non-port wire \count_5__reg_p_D.
  removing unused non-port wire \count_6__reg_p_D.
  removing unused non-port wire \count_7__reg_p_D.
  removing unused non-port wire \count_8__reg_p_D.
  removing unused non-port wire \count_31__reg_p_D.
  removing unused non-port wire \count_10__reg_p_D.
  removing unused non-port wire \count_11__reg_p_D.
  removing unused non-port wire \count_12__reg_p_D.
  removing unused non-port wire \count_13__reg_p_D.
  removing unused non-port wire \count_14__reg_p_D.
  removing unused non-port wire \count_15__reg_p_D.
  removing unused non-port wire \count_16__reg_p_D.
  removing unused non-port wire \count_17__reg_p_D.
  removing unused non-port wire \count_18__reg_p_D.
  removing unused non-port wire \count_19__reg_p_D.
  removing unused non-port wire \count_20__reg_p_D.
  removing unused non-port wire \count_21__reg_p_D.
  removing unused non-port wire \count_22__reg_p_D.
  removing unused non-port wire \count_23__reg_p_D.
  removing unused non-port wire \count_24__reg_p_D.
  removing unused non-port wire \count_25__reg_p_D.
  removing unused non-port wire \count_26__reg_p_D.
  removing unused non-port wire \count_31__$_NOR__B_Y_$_AND__A_Y_$_AND__B_Y_$_NAND__B_A_$_NAND__Y_B_$_NAND__Y_B_$_NAND__Y_B_$_NAND__Y_B_$_NAND__Y_B_$_NAND__Y_B_$_NAND__Y_B_$_OR__Y_B_$_AND__Y_A_$_NAND__B_Y.
  removing unused non-port wire $auto$rtlil.cc:3513:MuxGate$1450.
  removing unused non-port wire $auto$rtlil.cc:3513:MuxGate$1452.
  removing unused non-port wire $auto$rtlil.cc:3513:MuxGate$1454.
  removing unused non-port wire $auto$rtlil.cc:3513:MuxGate$1456.
  removing unused non-port wire $auto$rtlil.cc:3513:MuxGate$1458.
  removing unused non-port wire $auto$rtlil.cc:3513:MuxGate$1460.
  removing unused non-port wire $auto$rtlil.cc:3513:MuxGate$1462.
  removing unused non-port wire $auto$rtlil.cc:3513:MuxGate$1464.
  removing unused non-port wire $auto$rtlil.cc:3513:MuxGate$1466.
  removing unused non-port wire $auto$rtlil.cc:3513:MuxGate$1468.
  removing unused non-port wire $auto$rtlil.cc:3513:MuxGate$1470.
  removing unused non-port wire $auto$rtlil.cc:3513:MuxGate$1472.
  removing unused non-port wire $auto$rtlil.cc:3513:MuxGate$1474.
  removing unused non-port wire $auto$rtlil.cc:3513:MuxGate$1476.
  removing unused non-port wire $auto$rtlil.cc:3513:MuxGate$1478.
  removing unused non-port wire $auto$rtlil.cc:3513:MuxGate$1480.
  removing unused non-port wire $auto$rtlil.cc:3513:MuxGate$1482.
  removing unused non-port wire $auto$rtlil.cc:3513:MuxGate$1484.
  removing unused non-port wire $auto$rtlil.cc:3513:MuxGate$1486.
  removing unused non-port wire $auto$rtlil.cc:3513:MuxGate$1488.
  removing unused non-port wire $auto$rtlil.cc:3513:MuxGate$1490.
  removing unused non-port wire $auto$rtlil.cc:3513:MuxGate$1492.
  removing unused non-port wire $auto$rtlil.cc:3513:MuxGate$1494.
  removing unused non-port wire $auto$rtlil.cc:3513:MuxGate$1496.
  removing unused non-port wire $auto$rtlil.cc:3513:MuxGate$1498.
  removing unused non-port wire $auto$rtlil.cc:3513:MuxGate$1500.
  removing unused non-port wire $auto$rtlil.cc:3513:MuxGate$1502.
  removing unused non-port wire $auto$rtlil.cc:3513:MuxGate$1504.
  removing unused non-port wire $auto$rtlil.cc:3513:MuxGate$1506.
  removing unused non-port wire $auto$rtlil.cc:3513:MuxGate$1508.
  removing unused non-port wire $auto$rtlil.cc:3513:MuxGate$1510.
  removing unused non-port wire $auto$rtlil.cc:3513:MuxGate$1512.
  removing unused non-port wire $abc$1577$auto$rtlil.cc:3513:MuxGate$1556.
  removing unused non-port wire $abc$1577$auto$rtlil.cc:3513:MuxGate$1476.
  removing unused non-port wire $abc$1577$auto$rtlil.cc:3513:MuxGate$1474.
  removing unused non-port wire $abc$1577$auto$rtlil.cc:3513:MuxGate$1472.
  removing unused non-port wire $abc$1577$auto$rtlil.cc:3513:MuxGate$1470.
  removing unused non-port wire $abc$1577$auto$rtlil.cc:3513:MuxGate$1468.
  removing unused non-port wire $abc$1577$auto$rtlil.cc:3513:MuxGate$1466.
  removing unused non-port wire $abc$1577$auto$rtlil.cc:3513:MuxGate$1464.
  removing unused non-port wire $abc$1577$rst.
  removing unused non-port wire $abc$1577$count_6_.
  removing unused non-port wire $abc$1577$count_18_.
  removing unused non-port wire $abc$1577$count_29_.
  removing unused non-port wire $abc$1577$count_28_.
  removing unused non-port wire $abc$1577$count_27_.
  removing unused non-port wire $abc$1577$count_26_.
  removing unused non-port wire $abc$1577$count_25_.
  removing unused non-port wire $abc$1577$count_24_.
  removing unused non-port wire $abc$1577$count_22_.
  removing unused non-port wire $abc$1577$count_21_.
  removing unused non-port wire $abc$1577$count_20_.
  removing unused non-port wire $abc$1577$count_16_.
  removing unused non-port wire $abc$1577$count_17_.
  removing unused non-port wire $abc$1577$count_7_.
  removing unused non-port wire $abc$1577$count_15_.
  removing unused non-port wire $abc$1577$count_14_.
  removing unused non-port wire $abc$1577$count_13_.
  removing unused non-port wire $abc$1577$count_12_.
  removing unused non-port wire $abc$1577$count_11_.
  removing unused non-port wire $abc$1577$count_10_.
  removing unused non-port wire $abc$1577$count_19_.
  removing unused non-port wire $abc$1577$count_23_.
  removing unused non-port wire $abc$1577$count_8_.
  removing unused non-port wire $abc$1577$count_9_.
  removing unused non-port wire $abc$1577$count_5_.
  removing unused non-port wire $abc$1577$count_4_.
  removing unused non-port wire $abc$1577$count_3_.
  removing unused non-port wire $abc$1577$count_2_.
  removing unused non-port wire $abc$1577$count_31_.
  removing unused non-port wire $abc$1577$count_30_.
  removing unused non-port wire $abc$1577$count_0_.
  removing unused non-port wire $abc$1577$count_1_.
  removing unused non-port wire $abc$1577$led[1].
  removing unused non-port wire $abc$1577$led[0].
  removing unused non-port wire $abc$1577$led[13].
  removing unused non-port wire $abc$1577$led[12].
  removing unused non-port wire $abc$1577$led[11].
  removing unused non-port wire $abc$1577$led[10].
  removing unused non-port wire $abc$1577$led[9].
  removing unused non-port wire $abc$1577$led[8].
  removing unused non-port wire $abc$1577$led[14].
  removing unused non-port wire $abc$1577$led[15].
  removing unused non-port wire $abc$1577$led[7].
  removing unused non-port wire $abc$1577$led[6].
  removing unused non-port wire $abc$1577$led[5].
  removing unused non-port wire $abc$1577$led[4].
  removing unused non-port wire $abc$1577$led[2].
  removing unused non-port wire $abc$1577$led[3].
  removing unused non-port wire $auto$hilomap.cc:47:hilomap_worker$1726.
Removed 0 unused cells and 233 unused wires.

19. Executing AUTONAME pass.
Rename cell $abc$1577$auto$blifparse.cc:397:parse_blif$1578 in top to rst_BUFX3H7L_A.
Rename wire $abc$1577$auto$rtlil.cc:3513:MuxGate$1576 in top to led[3]_reg_p_D.
Rename wire $abc$1577$auto$rtlil.cc:3513:MuxGate$1560 in top to led[7]_reg_p_D.
Rename wire $abc$1577$auto$rtlil.cc:3513:MuxGate$1572 in top to led[4]_reg_p_D.
Rename wire $abc$1577$auto$rtlil.cc:3513:MuxGate$1564 in top to led[6]_reg_p_D.
Rename wire $abc$1577$auto$rtlil.cc:3513:MuxGate$1546 in top to led[9]_reg_p_D.
Rename wire $abc$1577$auto$rtlil.cc:3513:MuxGate$1452 in top to led[2]_reg_p_D.
Rename wire $abc$1577$auto$rtlil.cc:3513:MuxGate$1550 in top to led[8]_reg_p_D.
Rename wire $abc$1577$auto$rtlil.cc:3513:MuxGate$1456 in top to led[1]_reg_p_D.
Rename wire $abc$1577$auto$rtlil.cc:3513:MuxGate$1568 in top to led[5]_reg_p_D.
Rename wire $abc$1577$auto$rtlil.cc:3513:MuxGate$1460 in top to led[0]_reg_p_D.
Rename wire $abc$1577$auto$rtlil.cc:3513:MuxGate$1526 in top to led[14]_reg_p_D.
Rename wire $abc$1577$auto$rtlil.cc:3513:MuxGate$1530 in top to led[13]_reg_p_D.
Rename wire $abc$1577$auto$rtlil.cc:3513:MuxGate$1534 in top to led[12]_reg_p_D.
Rename wire $abc$1577$auto$rtlil.cc:3513:MuxGate$1538 in top to led[11]_reg_p_D.
Rename wire $abc$1577$auto$rtlil.cc:3513:MuxGate$1542 in top to led[10]_reg_p_D.
Rename wire $abc$1577$auto$rtlil.cc:3513:MuxGate$1554 in top to led[15]_reg_p_D.
Rename wire $abc$1577$auto$rtlil.cc:3513:MuxGate$1518 in top to count_2__reg_p_D.
Rename wire $abc$1577$auto$rtlil.cc:3513:MuxGate$1520 in top to count_1__reg_p_D.
Rename wire $abc$1577$auto$rtlil.cc:3513:MuxGate$1522 in top to count_0__reg_p_D.
Rename wire $abc$1577$auto$rtlil.cc:3513:MuxGate$1504 in top to count_9__reg_p_D.
Rename wire $abc$1577$auto$rtlil.cc:3513:MuxGate$1506 in top to count_8__reg_p_D.
Rename wire $abc$1577$auto$rtlil.cc:3513:MuxGate$1508 in top to count_7__reg_p_D.
Rename wire $abc$1577$auto$rtlil.cc:3513:MuxGate$1510 in top to count_6__reg_p_D.
Rename wire $abc$1577$auto$rtlil.cc:3513:MuxGate$1512 in top to count_5__reg_p_D.
Rename wire $abc$1577$auto$rtlil.cc:3513:MuxGate$1514 in top to count_4__reg_p_D.
Rename wire $abc$1577$auto$rtlil.cc:3513:MuxGate$1516 in top to count_3__reg_p_D.
Rename wire $abc$1577$auto$rtlil.cc:3513:MuxGate$1478 in top to count_22__reg_p_D.
Rename wire $abc$1577$auto$rtlil.cc:3513:MuxGate$1480 in top to count_21__reg_p_D.
Rename wire $abc$1577$auto$rtlil.cc:3513:MuxGate$1482 in top to count_20__reg_p_D.
Rename wire $abc$1577$auto$rtlil.cc:3513:MuxGate$1484 in top to count_19__reg_p_D.
Rename wire $abc$1577$auto$rtlil.cc:3513:MuxGate$1486 in top to count_18__reg_p_D.
Rename wire $abc$1577$auto$rtlil.cc:3513:MuxGate$1488 in top to count_17__reg_p_D.
Rename wire $abc$1577$auto$rtlil.cc:3513:MuxGate$1490 in top to count_16__reg_p_D.
Rename wire $abc$1577$auto$rtlil.cc:3513:MuxGate$1492 in top to count_15__reg_p_D.
Rename wire $abc$1577$auto$rtlil.cc:3513:MuxGate$1494 in top to count_14__reg_p_D.
Rename wire $abc$1577$auto$rtlil.cc:3513:MuxGate$1496 in top to count_13__reg_p_D.
Rename wire $abc$1577$auto$rtlil.cc:3513:MuxGate$1498 in top to count_12__reg_p_D.
Rename wire $abc$1577$auto$rtlil.cc:3513:MuxGate$1500 in top to count_11__reg_p_D.
Rename wire $abc$1577$auto$rtlil.cc:3513:MuxGate$1502 in top to count_10__reg_p_D.
Rename cell $abc$1577$auto$blifparse.cc:397:parse_blif$1583 in top to count_30__NOR3X0P5H7L_A.
Rename cell $abc$1577$auto$blifparse.cc:397:parse_blif$1582 in top to count_24__NOR2X0P5H7L_A.
Rename cell $abc$1577$auto$blifparse.cc:397:parse_blif$1581 in top to count_26__NOR4X0P5H7L_A.
Rename cell $abc$1577$auto$blifparse.cc:397:parse_blif$1725 in top to led[3]_reg_p_D_MUX2X0P5H7L_Y.
Rename cell $abc$1577$auto$blifparse.cc:397:parse_blif$1724 in top to led[4]_reg_p_D_MUX2X0P5H7L_Y.
Rename cell $abc$1577$auto$blifparse.cc:397:parse_blif$1722 in top to led[5]_reg_p_D_MUX2X0P5H7L_Y.
Rename cell $abc$1577$auto$blifparse.cc:397:parse_blif$1720 in top to led[6]_reg_p_D_MUX2X0P5H7L_Y.
Rename cell $abc$1577$auto$blifparse.cc:397:parse_blif$1718 in top to led[7]_reg_p_D_MUX2X0P5H7L_Y.
Rename cell $abc$1577$auto$blifparse.cc:397:parse_blif$1713 in top to led[8]_reg_p_D_MUX2X0P5H7L_Y.
Rename cell $abc$1577$auto$blifparse.cc:397:parse_blif$1711 in top to led[9]_reg_p_D_MUX2X0P5H7L_Y.
Rename cell $abc$1577$auto$blifparse.cc:397:parse_blif$1598 in top to led[1]_reg_p_D_MUX2X1P4H7L_Y.
Rename cell $abc$1577$auto$blifparse.cc:397:parse_blif$1596 in top to led[2]_reg_p_D_MUX2X1P4H7L_Y.
Rename cell $abc$1577$auto$blifparse.cc:397:parse_blif$1715 in top to led[15]_reg_p_D_MUX2X1P4H7L_Y.
Rename cell $abc$1577$auto$blifparse.cc:397:parse_blif$1709 in top to led[10]_reg_p_D_MUX2X0P5H7L_Y.
Rename cell $abc$1577$auto$blifparse.cc:397:parse_blif$1707 in top to led[11]_reg_p_D_MUX2X0P5H7L_Y.
Rename cell $abc$1577$auto$blifparse.cc:397:parse_blif$1705 in top to led[12]_reg_p_D_MUX2X0P5H7L_Y.
Rename cell $abc$1577$auto$blifparse.cc:397:parse_blif$1703 in top to led[13]_reg_p_D_MUX2X0P5H7L_Y.
Rename cell $abc$1577$auto$blifparse.cc:397:parse_blif$1701 in top to led[14]_reg_p_D_MUX2X0P5H7L_Y.
Rename cell $abc$1577$auto$blifparse.cc:397:parse_blif$1649 in top to count_16__reg_p_D_NOR2X3H7L_Y.
Rename cell $abc$1577$auto$blifparse.cc:397:parse_blif$1601 in top to led[0]_reg_p_D_MUXI2X0P5H7L_Y.
Rename cell $abc$1577$auto$blifparse.cc:397:parse_blif$1698 in top to count_0__reg_p_D_NOR2X0P5H7L_Y.
Rename cell $abc$1577$auto$blifparse.cc:397:parse_blif$1697 in top to count_1__reg_p_D_NOR2X0P5H7L_Y.
Rename cell $abc$1577$auto$blifparse.cc:397:parse_blif$1695 in top to count_2__reg_p_D_NOR2X0P5H7L_Y.
Rename cell $abc$1577$auto$blifparse.cc:397:parse_blif$1692 in top to count_3__reg_p_D_NOR2X0P5H7L_Y.
Rename cell $abc$1577$auto$blifparse.cc:397:parse_blif$1689 in top to count_4__reg_p_D_NOR2X0P5H7L_Y.
Rename cell $abc$1577$auto$blifparse.cc:397:parse_blif$1687 in top to count_5__reg_p_D_NOR2X0P5H7L_Y.
Rename cell $abc$1577$auto$blifparse.cc:397:parse_blif$1684 in top to count_6__reg_p_D_NOR2X0P5H7L_Y.
Rename cell $abc$1577$auto$blifparse.cc:397:parse_blif$1681 in top to count_7__reg_p_D_NOR2X0P5H7L_Y.
Rename cell $abc$1577$auto$blifparse.cc:397:parse_blif$1674 in top to count_9__reg_p_D_NOR2X0P5H7L_Y.
Rename cell $abc$1577$auto$blifparse.cc:397:parse_blif$1635 in top to count_20__reg_p_D_AOI21X2H7L_Y.
Rename cell $abc$1577$auto$blifparse.cc:397:parse_blif$1632 in top to count_21__reg_p_D_AOI21X2H7L_Y.
Rename wire $abc$1577$new_n117 in top to led[1]_reg_p_D_MUX2X1P4H7L_Y_B.
Rename cell $abc$1577$auto$blifparse.cc:397:parse_blif$1677 in top to count_8__reg_p_D_AOI21X0P5H7L_Y.
Rename cell $abc$1577$auto$blifparse.cc:397:parse_blif$1671 in top to count_10__reg_p_D_NOR2X0P5H7L_Y.
Rename cell $abc$1577$auto$blifparse.cc:397:parse_blif$1665 in top to count_12__reg_p_D_NOR2X0P5H7L_Y.
Rename cell $abc$1577$auto$blifparse.cc:397:parse_blif$1661 in top to count_13__reg_p_D_NOR2X0P5H7L_Y.
Rename cell $abc$1577$auto$blifparse.cc:397:parse_blif$1657 in top to count_14__reg_p_D_NOR2X1P4H7L_Y.
Rename wire $abc$1577$new_n234 in top to led[15]_reg_p_D_MUX2X1P4H7L_Y_A.
Rename wire $abc$1577$new_n168 in top to count_16__reg_p_D_NOR2X3H7L_Y_B.
Rename wire $abc$1577$new_n119 in top to led[0]_reg_p_D_MUXI2X0P5H7L_Y_A.
Rename wire $abc$1577$new_n120 in top to led[0]_reg_p_D_MUXI2X0P5H7L_Y_B.
Rename cell $abc$1577$auto$blifparse.cc:397:parse_blif$1669 in top to count_11__reg_p_D_AOI21X0P5H7L_Y.
Rename cell $abc$1577$auto$blifparse.cc:397:parse_blif$1655 in top to count_15__reg_p_D_AOI21X0P5H7L_Y.
Rename cell $abc$1577$auto$blifparse.cc:397:parse_blif$1647 in top to count_17__reg_p_D_AOI2XB1X1H7L_Y.
Rename cell $abc$1577$auto$blifparse.cc:397:parse_blif$1643 in top to count_18__reg_p_D_AOI2XB1X1H7L_Y.
Rename cell $abc$1577$auto$blifparse.cc:397:parse_blif$1639 in top to count_19__reg_p_D_AOI21X1P4H7L_Y.
Rename wire $abc$1577$new_n216 in top to count_1__reg_p_D_NOR2X0P5H7L_Y_B.
Rename wire $abc$1577$new_n214 in top to count_2__reg_p_D_NOR2X0P5H7L_Y_B.
Rename wire $abc$1577$new_n211 in top to count_3__reg_p_D_NOR2X0P5H7L_Y_B.
Rename wire $abc$1577$new_n208 in top to count_4__reg_p_D_NOR2X0P5H7L_Y_B.
Rename wire $abc$1577$new_n206 in top to count_5__reg_p_D_NOR2X0P5H7L_Y_B.
Rename wire $abc$1577$new_n203 in top to count_6__reg_p_D_NOR2X0P5H7L_Y_B.
Rename wire $abc$1577$new_n200 in top to count_7__reg_p_D_NOR2X0P5H7L_Y_B.
Rename wire $abc$1577$new_n193 in top to count_9__reg_p_D_NOR2X0P5H7L_Y_B.
Rename wire $abc$1577$new_n190 in top to count_10__reg_p_D_NOR2X0P5H7L_Y_B.
Rename wire $abc$1577$new_n184 in top to count_12__reg_p_D_NOR2X0P5H7L_Y_B.
Rename wire $abc$1577$new_n180 in top to count_13__reg_p_D_NOR2X0P5H7L_Y_B.
Rename wire $abc$1577$new_n176 in top to count_14__reg_p_D_NOR2X1P4H7L_Y_B.
Rename wire $abc$1577$new_n153 in top to count_20__reg_p_D_AOI21X2H7L_Y_A0.
Rename wire $abc$1577$new_n154 in top to count_20__reg_p_D_AOI21X2H7L_Y_A1.
Rename wire $abc$1577$new_n150 in top to count_21__reg_p_D_AOI21X2H7L_Y_A0.
Rename wire $abc$1577$new_n151 in top to count_21__reg_p_D_AOI21X2H7L_Y_A1.
Rename cell $abc$1577$auto$blifparse.cc:397:parse_blif$1629 in top to count_22__reg_p_D_AOI2BB1X1P4H7L_Y.
Rename wire $abc$1577$new_n195 in top to count_8__reg_p_D_AOI21X0P5H7L_Y_A0.
Rename wire $abc$1577$new_n196 in top to count_8__reg_p_D_AOI21X0P5H7L_Y_A1.
Rename wire $abc$1577$new_n187 in top to count_11__reg_p_D_AOI21X0P5H7L_Y_A0.
Rename wire $abc$1577$new_n188 in top to count_11__reg_p_D_AOI21X0P5H7L_Y_A1.
Rename wire $abc$1577$new_n173 in top to count_15__reg_p_D_AOI21X0P5H7L_Y_A0.
Rename wire $abc$1577$new_n174 in top to count_15__reg_p_D_AOI21X0P5H7L_Y_A1.
Rename wire $abc$1577$new_n165 in top to count_17__reg_p_D_AOI2XB1X1H7L_Y_A0.
Rename wire $abc$1577$new_n161 in top to count_18__reg_p_D_AOI2XB1X1H7L_Y_A0.
Rename wire $abc$1577$new_n157 in top to count_19__reg_p_D_AOI21X1P4H7L_Y_A0.
Rename wire $abc$1577$new_n158 in top to count_19__reg_p_D_AOI21X1P4H7L_Y_A1.
Rename wire $abc$1577$new_n166 in top to count_17__reg_p_D_AOI2XB1X1H7L_Y_A1N.
Rename wire $abc$1577$new_n162 in top to count_18__reg_p_D_AOI2XB1X1H7L_Y_A1N.
Rename wire $abc$1577$new_n139 in top to count_22__reg_p_D_AOI2BB1X1P4H7L_Y_A1N.
Rename cell $abc$1577$auto$blifparse.cc:397:parse_blif$1597 in top to led[1]_reg_p_D_MUX2X1P4H7L_Y_B_NOR2BX1H7L_Z.
Rename cell $abc$1577$auto$blifparse.cc:397:parse_blif$1714 in top to led[15]_reg_p_D_MUX2X1P4H7L_Y_A_NOR2BX1H7L_Z.
Rename cell $abc$1577$auto$blifparse.cc:397:parse_blif$1648 in top to count_16__reg_p_D_NOR2X3H7L_Y_B_XNOR2X3H7L_Y.
Rename cell $abc$1577$auto$blifparse.cc:397:parse_blif$1676 in top to count_8__reg_p_D_AOI21X0P5H7L_Y_A1_OR3X1H7L_Y.
Rename cell $abc$1577$auto$blifparse.cc:397:parse_blif$1600 in top to led[0]_reg_p_D_MUXI2X0P5H7L_Y_B_NOR2X0P5H7L_Y.
Rename cell $abc$1577$auto$blifparse.cc:397:parse_blif$1599 in top to led[0]_reg_p_D_MUXI2X0P5H7L_Y_A_NOR2X0P5H7L_Y.
Rename cell $abc$1577$auto$blifparse.cc:397:parse_blif$1694 in top to count_2__reg_p_D_NOR2X0P5H7L_Y_B_XOR2X0P5H7L_Y.
Rename cell $abc$1577$auto$blifparse.cc:397:parse_blif$1691 in top to count_3__reg_p_D_NOR2X0P5H7L_Y_B_XOR2X0P5H7L_Y.
Rename cell $abc$1577$auto$blifparse.cc:397:parse_blif$1686 in top to count_5__reg_p_D_NOR2X0P5H7L_Y_B_XOR2X0P5H7L_Y.
Rename cell $abc$1577$auto$blifparse.cc:397:parse_blif$1683 in top to count_6__reg_p_D_NOR2X0P5H7L_Y_B_XOR2X0P5H7L_Y.
Rename cell $abc$1577$auto$blifparse.cc:397:parse_blif$1680 in top to count_7__reg_p_D_NOR2X0P5H7L_Y_B_XOR2X0P5H7L_Y.
Rename cell $abc$1577$auto$blifparse.cc:397:parse_blif$1638 in top to count_19__reg_p_D_AOI21X1P4H7L_Y_A1_OR3X1H7L_Y.
Rename cell $abc$1577$auto$blifparse.cc:397:parse_blif$1634 in top to count_20__reg_p_D_AOI21X2H7L_Y_A1_OR3X1P4H7L_Y.
Rename cell $abc$1577$auto$blifparse.cc:397:parse_blif$1631 in top to count_21__reg_p_D_AOI21X2H7L_Y_A1_OR3X1P4H7L_Y.
Rename cell $abc$1577$auto$blifparse.cc:397:parse_blif$1696 in top to count_1__reg_p_D_NOR2X0P5H7L_Y_B_XNOR2X0P5H7L_Y.
Rename cell $abc$1577$auto$blifparse.cc:397:parse_blif$1688 in top to count_4__reg_p_D_NOR2X0P5H7L_Y_B_XNOR2X0P5H7L_Y.
Rename cell $abc$1577$auto$blifparse.cc:397:parse_blif$1673 in top to count_9__reg_p_D_NOR2X0P5H7L_Y_B_XNOR2X0P5H7L_Y.
Rename cell $abc$1577$auto$blifparse.cc:397:parse_blif$1670 in top to count_10__reg_p_D_NOR2X0P5H7L_Y_B_XNOR2X0P5H7L_Y.
Rename cell $abc$1577$auto$blifparse.cc:397:parse_blif$1664 in top to count_12__reg_p_D_NOR2X0P5H7L_Y_B_XNOR2X0P5H7L_Y.
Rename cell $abc$1577$auto$blifparse.cc:397:parse_blif$1660 in top to count_13__reg_p_D_NOR2X0P5H7L_Y_B_XNOR2X0P5H7L_Y.
Rename cell $abc$1577$auto$blifparse.cc:397:parse_blif$1656 in top to count_14__reg_p_D_NOR2X1P4H7L_Y_B_XNOR2X0P5H7L_Y.
Rename cell $abc$1577$auto$blifparse.cc:397:parse_blif$1633 in top to count_20__reg_p_D_AOI21X2H7L_Y_A0_OAI21X0P5H7L_Y.
Rename cell $abc$1577$auto$blifparse.cc:397:parse_blif$1630 in top to count_21__reg_p_D_AOI21X2H7L_Y_A0_OAI21X0P5H7L_Y.
Rename wire $abc$1577$new_n213 in top to count_2__reg_p_D_NOR2X0P5H7L_Y_B_XOR2X0P5H7L_Y_B.
Rename wire $abc$1577$new_n210 in top to count_3__reg_p_D_NOR2X0P5H7L_Y_B_XOR2X0P5H7L_Y_B.
Rename wire $abc$1577$new_n205 in top to count_5__reg_p_D_NOR2X0P5H7L_Y_B_XOR2X0P5H7L_Y_B.
Rename wire $abc$1577$new_n202 in top to count_6__reg_p_D_NOR2X0P5H7L_Y_B_XOR2X0P5H7L_Y_B.
Rename wire $abc$1577$new_n199 in top to count_7__reg_p_D_NOR2X0P5H7L_Y_B_XOR2X0P5H7L_Y_B.
Rename cell $abc$1577$auto$blifparse.cc:397:parse_blif$1675 in top to count_8__reg_p_D_AOI21X0P5H7L_Y_A0_OAI21X0P5H7L_Y.
Rename wire $abc$1577$new_n192 in top to count_9__reg_p_D_NOR2X0P5H7L_Y_B_XNOR2X0P5H7L_Y_B.
Rename cell $abc$1577$auto$blifparse.cc:397:parse_blif$1646 in top to count_17__reg_p_D_AOI2XB1X1H7L_Y_A1N_NOR3X1P4H7L_Y.
Rename cell $abc$1577$auto$blifparse.cc:397:parse_blif$1645 in top to count_17__reg_p_D_AOI2XB1X1H7L_Y_A0_OAI21X0P5H7L_Y.
Rename cell $abc$1577$auto$blifparse.cc:397:parse_blif$1642 in top to count_18__reg_p_D_AOI2XB1X1H7L_Y_A1N_NOR3X1P4H7L_Y.
Rename cell $abc$1577$auto$blifparse.cc:397:parse_blif$1641 in top to count_18__reg_p_D_AOI2XB1X1H7L_Y_A0_OAI21X0P5H7L_Y.
Rename cell $abc$1577$auto$blifparse.cc:397:parse_blif$1637 in top to count_19__reg_p_D_AOI21X1P4H7L_Y_A0_OAI21X0P5H7L_Y.
Rename wire $abc$1577$new_n183 in top to count_12__reg_p_D_NOR2X0P5H7L_Y_B_XNOR2X0P5H7L_Y_B.
Rename wire $abc$1577$new_n179 in top to count_13__reg_p_D_NOR2X0P5H7L_Y_B_XNOR2X0P5H7L_Y_B.
Rename cell $abc$1577$auto$blifparse.cc:397:parse_blif$1668 in top to count_11__reg_p_D_AOI21X0P5H7L_Y_A1_NAND3BX0P5H7L_Y.
Rename cell $abc$1577$auto$blifparse.cc:397:parse_blif$1654 in top to count_15__reg_p_D_AOI21X0P5H7L_Y_A1_NAND3BX0P5H7L_Y.
Rename cell $abc$1577$auto$blifparse.cc:397:parse_blif$1667 in top to count_11__reg_p_D_AOI21X0P5H7L_Y_A0_OAI2BB1X0P5H7L_Y.
Rename cell $abc$1577$auto$blifparse.cc:397:parse_blif$1653 in top to count_15__reg_p_D_AOI21X0P5H7L_Y_A0_OAI2BB1X0P5H7L_Y.
Rename cell $abc$1577$auto$blifparse.cc:397:parse_blif$1619 in top to count_22__reg_p_D_AOI2BB1X1P4H7L_Y_A1N_NOR3BX1P4H7L_Y.
Rename cell $abc$1577$auto$blifparse.cc:397:parse_blif$1693 in top to count_2__reg_p_D_NOR2X0P5H7L_Y_B_XOR2X0P5H7L_Y_B_NAND2X0P5H7L_Y.
Rename cell $abc$1577$auto$blifparse.cc:397:parse_blif$1690 in top to count_3__reg_p_D_NOR2X0P5H7L_Y_B_XOR2X0P5H7L_Y_B_NAND3X0P5H7L_Y.
Rename cell $abc$1577$auto$blifparse.cc:397:parse_blif$1685 in top to count_5__reg_p_D_NOR2X0P5H7L_Y_B_XOR2X0P5H7L_Y_B_NAND2X0P5H7L_Y.
Rename cell $abc$1577$auto$blifparse.cc:397:parse_blif$1682 in top to count_6__reg_p_D_NOR2X0P5H7L_Y_B_XOR2X0P5H7L_Y_B_NAND3X0P5H7L_Y.
Rename cell $abc$1577$auto$blifparse.cc:397:parse_blif$1679 in top to count_7__reg_p_D_NOR2X0P5H7L_Y_B_XOR2X0P5H7L_Y_B_NAND4X0P5H7L_Y.
Rename cell $abc$1577$auto$blifparse.cc:397:parse_blif$1672 in top to count_9__reg_p_D_NOR2X0P5H7L_Y_B_XNOR2X0P5H7L_Y_B_NOR3BX0P5H7L_Y.
Rename cell $abc$1577$auto$blifparse.cc:397:parse_blif$1663 in top to count_12__reg_p_D_NOR2X0P5H7L_Y_B_XNOR2X0P5H7L_Y_B_NOR4X0P5H7L_Y.
Rename cell $abc$1577$auto$blifparse.cc:397:parse_blif$1659 in top to count_13__reg_p_D_NOR2X0P5H7L_Y_B_XNOR2X0P5H7L_Y_B_NOR4X0P5H7L_Y.
Rename wire $abc$1577$new_n182 in top to count_12__reg_p_D_NOR2X0P5H7L_Y_B_XNOR2X0P5H7L_Y_B_NOR4X0P5H7L_Y_D.
Rename cell $abc$1577$auto$blifparse.cc:397:parse_blif$1662 in top to count_12__reg_p_D_NOR2X0P5H7L_Y_B_XNOR2X0P5H7L_Y_B_NOR4X0P5H7L_Y_D_NAND2X0P5H7L_Y.
Rename wire $abc$1577$new_n101 in top to count_26__NOR4X0P5H7L_A_Y.
Rename wire $abc$1577$new_n102 in top to count_24__NOR2X0P5H7L_A_Y.
Rename wire $abc$1577$new_n103 in top to count_30__NOR3X0P5H7L_A_Y.
Rename wire $abc$1577$new_n243 in top to led[3]_reg_p_D_MUX2X0P5H7L_Y_A.
Rename wire $abc$1577$new_n99 in top to led[3]_reg_p_D_MUX2X0P5H7L_Y_B.
Rename wire $abc$1577$new_n241 in top to led[4]_reg_p_D_MUX2X0P5H7L_Y_A.
Rename wire $abc$1577$new_n239 in top to led[5]_reg_p_D_MUX2X0P5H7L_Y_A.
Rename wire $abc$1577$new_n237 in top to led[6]_reg_p_D_MUX2X0P5H7L_Y_A.
Rename wire $abc$1577$new_n232 in top to led[7]_reg_p_D_MUX2X0P5H7L_Y_A.
Rename wire $abc$1577$new_n230 in top to led[8]_reg_p_D_MUX2X0P5H7L_Y_A.
Rename wire $abc$1577$new_n228 in top to led[9]_reg_p_D_MUX2X0P5H7L_Y_A.
Rename wire $abc$1577$new_n100 in top to led[1]_reg_p_D_MUX2X1P4H7L_Y_A.
Rename wire $abc$1577$new_n219 in top to led[15]_reg_p_D_MUX2X1P4H7L_Y_B.
Rename wire $abc$1577$new_n226 in top to led[10]_reg_p_D_MUX2X0P5H7L_Y_A.
Rename wire $abc$1577$new_n224 in top to led[11]_reg_p_D_MUX2X0P5H7L_Y_A.
Rename wire $abc$1577$new_n222 in top to led[12]_reg_p_D_MUX2X0P5H7L_Y_A.
Rename wire $abc$1577$new_n220 in top to led[13]_reg_p_D_MUX2X0P5H7L_Y_A.
Rename cell $abc$1577$auto$blifparse.cc:397:parse_blif$1626 in top to count_26__NOR4X0P5H7L_A_Y_AND4X0P5H7L_B.
Rename wire $abc$1577$new_n146 in top to count_26__NOR4X0P5H7L_A_Y_AND4X0P5H7L_B_Y.
Rename wire $abc$1577$new_n145 in top to count_26__NOR4X0P5H7L_A_Y_AND4X0P5H7L_B_A.
Rename cell $abc$1577$auto$blifparse.cc:397:parse_blif$1625 in top to count_26__NOR4X0P5H7L_A_Y_AND4X0P5H7L_B_A_INVX0P5H7L_Y.
Rename cell $abc$1577$auto$blifparse.cc:397:parse_blif$1627 in top to count_26__NOR4X0P5H7L_A_Y_AND4X0P5H7L_B_Y_AOAI211X0P5H7L_C0.
Rename wire $abc$1577$new_n147 in top to count_26__NOR4X0P5H7L_A_Y_AND4X0P5H7L_B_Y_AOAI211X0P5H7L_C0_Y.
Rename wire $abc$1577$new_n140 in top to count_26__NOR4X0P5H7L_A_Y_AND4X0P5H7L_B_Y_AOAI211X0P5H7L_C0_A0.
Rename wire $abc$1577$new_n143 in top to count_26__NOR4X0P5H7L_A_Y_AND4X0P5H7L_B_Y_AOAI211X0P5H7L_C0_A1.
Rename wire $abc$1577$new_n144 in top to count_26__NOR4X0P5H7L_A_Y_AND4X0P5H7L_B_Y_AOAI211X0P5H7L_C0_B0.
Rename cell $abc$1577$auto$blifparse.cc:397:parse_blif$1628 in top to count_26__NOR4X0P5H7L_A_Y_AND4X0P5H7L_B_Y_AOAI211X0P5H7L_C0_Y_BUFX3H7L_A.
Rename cell $abc$1577$auto$blifparse.cc:397:parse_blif$1620 in top to count_26__NOR4X0P5H7L_A_Y_AND4X0P5H7L_B_Y_AOAI211X0P5H7L_C0_A0_NOR4X0P5H7L_Y.
Rename cell $abc$1577$auto$blifparse.cc:397:parse_blif$1624 in top to count_26__NOR4X0P5H7L_A_Y_AND4X0P5H7L_B_Y_AOAI211X0P5H7L_C0_B0_AOAI211X0P5H7L_Y.
Rename cell $abc$1577$auto$blifparse.cc:397:parse_blif$1623 in top to count_26__NOR4X0P5H7L_A_Y_AND4X0P5H7L_B_Y_AOAI211X0P5H7L_C0_A1_OAI2BB1X0P5H7L_Y.
Rename wire $abc$1577$new_n142 in top to count_26__NOR4X0P5H7L_A_Y_AND4X0P5H7L_B_Y_AOAI211X0P5H7L_C0_A1_OAI2BB1X0P5H7L_Y_B0.
Rename wire $abc$1577$new_n141 in top to count_26__NOR4X0P5H7L_A_Y_AND4X0P5H7L_B_Y_AOAI211X0P5H7L_C0_A1_OAI2BB1X0P5H7L_Y_A1N.
Rename cell $abc$1577$auto$blifparse.cc:397:parse_blif$1622 in top to count_26__NOR4X0P5H7L_A_Y_AND4X0P5H7L_B_Y_AOAI211X0P5H7L_C0_A1_OAI2BB1X0P5H7L_Y_B0_OA31X1H7L_Y.
Rename cell $abc$1577$auto$blifparse.cc:397:parse_blif$1621 in top to count_26__NOR4X0P5H7L_A_Y_AND4X0P5H7L_B_Y_AOAI211X0P5H7L_C0_A1_OAI2BB1X0P5H7L_Y_A1N_OAI211X0P7H7L_Y.
Rename cell $abc$1577$auto$blifparse.cc:397:parse_blif$1584 in top to count_26__NOR4X0P5H7L_A_Y_NAND3X0P5H7L_A.
Rename wire $abc$1577$new_n104 in top to count_26__NOR4X0P5H7L_A_Y_NAND3X0P5H7L_A_Y.
Rename cell $abc$1577$auto$blifparse.cc:397:parse_blif$1594 in top to count_26__NOR4X0P5H7L_A_Y_NAND3X0P5H7L_A_Y_NOR3X3H7L_A.
Rename wire $abc$1577$new_n114 in top to count_26__NOR4X0P5H7L_A_Y_NAND3X0P5H7L_A_Y_NOR3X3H7L_A_Y.
Rename wire $abc$1577$new_n109 in top to count_26__NOR4X0P5H7L_A_Y_NAND3X0P5H7L_A_Y_NOR3X3H7L_A_B.
Rename wire $abc$1577$new_n113 in top to count_26__NOR4X0P5H7L_A_Y_NAND3X0P5H7L_A_Y_NOR3X3H7L_A_C.
Rename cell $abc$1577$auto$blifparse.cc:397:parse_blif$1595 in top to count_26__NOR4X0P5H7L_A_Y_NAND3X0P5H7L_A_Y_NOR3X3H7L_A_Y_BUFX16H7L_A.
Rename cell $abc$1577$auto$blifparse.cc:397:parse_blif$1593 in top to count_26__NOR4X0P5H7L_A_Y_NAND3X0P5H7L_A_Y_NOR3X3H7L_A_C_NAND3X0P5H7L_Y.
Rename cell $abc$1577$auto$blifparse.cc:397:parse_blif$1589 in top to count_26__NOR4X0P5H7L_A_Y_NAND3X0P5H7L_A_Y_NOR3X3H7L_A_B_NAND4BX1P4H7L_Y.
Rename wire $abc$1577$new_n110 in top to count_26__NOR4X0P5H7L_A_Y_NAND3X0P5H7L_A_Y_NOR3X3H7L_A_C_NAND3X0P5H7L_Y_A.
Rename wire $abc$1577$new_n112 in top to count_26__NOR4X0P5H7L_A_Y_NAND3X0P5H7L_A_Y_NOR3X3H7L_A_C_NAND3X0P5H7L_Y_C.
Rename wire $abc$1577$new_n106 in top to count_26__NOR4X0P5H7L_A_Y_NAND3X0P5H7L_A_Y_NOR3X3H7L_A_B_NAND4BX1P4H7L_Y_B.
Rename wire $abc$1577$new_n107 in top to count_26__NOR4X0P5H7L_A_Y_NAND3X0P5H7L_A_Y_NOR3X3H7L_A_B_NAND4BX1P4H7L_Y_C.
Rename wire $abc$1577$new_n108 in top to count_26__NOR4X0P5H7L_A_Y_NAND3X0P5H7L_A_Y_NOR3X3H7L_A_B_NAND4BX1P4H7L_Y_D.
Rename cell $abc$1577$auto$blifparse.cc:397:parse_blif$1592 in top to count_26__NOR4X0P5H7L_A_Y_NAND3X0P5H7L_A_Y_NOR3X3H7L_A_C_NAND3X0P5H7L_Y_C_NOR4X0P5H7L_Y.
Rename cell $abc$1577$auto$blifparse.cc:397:parse_blif$1590 in top to count_26__NOR4X0P5H7L_A_Y_NAND3X0P5H7L_A_Y_NOR3X3H7L_A_C_NAND3X0P5H7L_Y_A_NOR3X0P5H7L_Y.
Rename cell $abc$1577$auto$blifparse.cc:397:parse_blif$1588 in top to count_26__NOR4X0P5H7L_A_Y_NAND3X0P5H7L_A_Y_NOR3X3H7L_A_B_NAND4BX1P4H7L_Y_D_NOR4X0P5H7L_Y.
Rename cell $abc$1577$auto$blifparse.cc:397:parse_blif$1587 in top to count_26__NOR4X0P5H7L_A_Y_NAND3X0P5H7L_A_Y_NOR3X3H7L_A_B_NAND4BX1P4H7L_Y_C_NOR4X0P5H7L_Y.
Rename cell $abc$1577$auto$blifparse.cc:397:parse_blif$1586 in top to count_26__NOR4X0P5H7L_A_Y_NAND3X0P5H7L_A_Y_NOR3X3H7L_A_B_NAND4BX1P4H7L_Y_B_NOR3X0P5H7L_Y.
Rename cell $abc$1577$auto$blifparse.cc:397:parse_blif$1723 in top to led[3]_reg_p_D_MUX2X0P5H7L_Y_A_NOR2BX1H7L_Z.
Rename cell $abc$1577$auto$blifparse.cc:397:parse_blif$1721 in top to led[4]_reg_p_D_MUX2X0P5H7L_Y_A_NOR2BX1H7L_Z.
Rename cell $abc$1577$auto$blifparse.cc:397:parse_blif$1719 in top to led[5]_reg_p_D_MUX2X0P5H7L_Y_A_NOR2BX1H7L_Z.
Rename cell $abc$1577$auto$blifparse.cc:397:parse_blif$1717 in top to led[6]_reg_p_D_MUX2X0P5H7L_Y_A_NOR2BX1H7L_Z.
Rename cell $abc$1577$auto$blifparse.cc:397:parse_blif$1712 in top to led[7]_reg_p_D_MUX2X0P5H7L_Y_A_NOR2BX1H7L_Z.
Rename cell $abc$1577$auto$blifparse.cc:397:parse_blif$1710 in top to led[8]_reg_p_D_MUX2X0P5H7L_Y_A_NOR2BX1H7L_Z.
Rename cell $abc$1577$auto$blifparse.cc:397:parse_blif$1708 in top to led[9]_reg_p_D_MUX2X0P5H7L_Y_A_NOR2BX1H7L_Z.
Rename cell $abc$1577$auto$blifparse.cc:397:parse_blif$1580 in top to led[1]_reg_p_D_MUX2X1P4H7L_Y_A_NOR2BX1H7L_Z.
Rename cell $abc$1577$auto$blifparse.cc:397:parse_blif$1579 in top to led[3]_reg_p_D_MUX2X0P5H7L_Y_B_NOR2BX1H7L_Z.
Rename cell $abc$1577$auto$blifparse.cc:397:parse_blif$1706 in top to led[10]_reg_p_D_MUX2X0P5H7L_Y_A_NOR2BX1H7L_Z.
Rename cell $abc$1577$auto$blifparse.cc:397:parse_blif$1704 in top to led[11]_reg_p_D_MUX2X0P5H7L_Y_A_NOR2BX1H7L_Z.
Rename cell $abc$1577$auto$blifparse.cc:397:parse_blif$1702 in top to led[12]_reg_p_D_MUX2X0P5H7L_Y_A_NOR2BX1H7L_Z.
Rename cell $abc$1577$auto$blifparse.cc:397:parse_blif$1700 in top to led[13]_reg_p_D_MUX2X0P5H7L_Y_A_NOR2BX1H7L_Z.
Rename cell $abc$1577$auto$blifparse.cc:397:parse_blif$1699 in top to led[15]_reg_p_D_MUX2X1P4H7L_Y_B_NOR2BX1H7L_Z.
Rename wire $abc$1577$new_n156 in top to count_19__reg_p_D_AOI21X1P4H7L_Y_A1_OR3X1H7L_Y_B.
Rename wire $abc$1577$new_n160 in top to count_18__reg_p_D_AOI2XB1X1H7L_Y_A1N_NOR3X1P4H7L_Y_B.
Rename cell $abc$1577$auto$blifparse.cc:397:parse_blif$1636 in top to count_19__reg_p_D_AOI21X1P4H7L_Y_A1_OR3X1H7L_Y_B_NAND3X0P5H7L_Y.
Rename wire $abc$1577$new_n170 in top to count_13__reg_p_D_NOR2X0P5H7L_Y_B_XNOR2X0P5H7L_Y_B_NOR4X0P5H7L_Y_D.
Rename cell $abc$1577$auto$blifparse.cc:397:parse_blif$1640 in top to count_18__reg_p_D_AOI2XB1X1H7L_Y_A1N_NOR3X1P4H7L_Y_B_NAND2X0P5H7L_Y.
Rename wire $abc$1577$new_n111 in top to count_26__NOR4X0P5H7L_A_Y_NAND3X0P5H7L_A_Y_NOR3X3H7L_A_C_NAND3X0P5H7L_Y_B.
Rename cell $abc$1577$auto$blifparse.cc:397:parse_blif$1652 in top to count_13__reg_p_D_NOR2X0P5H7L_Y_B_XNOR2X0P5H7L_Y_B_NOR4X0P5H7L_Y_D_NOR4X1P4H7L_C.
Rename wire $abc$1577$new_n171 in top to count_13__reg_p_D_NOR2X0P5H7L_Y_B_XNOR2X0P5H7L_Y_B_NOR4X0P5H7L_Y_D_NOR4X1P4H7L_C_D.
Rename cell $abc$1577$auto$blifparse.cc:397:parse_blif$1651 in top to count_13__reg_p_D_NOR2X0P5H7L_Y_B_XNOR2X0P5H7L_Y_B_NOR4X0P5H7L_Y_D_NOR4X1P4H7L_C_D_NAND3X0P5H7L_Y.
Rename cell $abc$1577$auto$blifparse.cc:397:parse_blif$1650 in top to count_13__reg_p_D_NOR2X0P5H7L_Y_B_XNOR2X0P5H7L_Y_B_NOR4X0P5H7L_Y_D_NAND3X0P5H7L_Y.
Rename cell $abc$1577$auto$blifparse.cc:397:parse_blif$1591 in top to count_26__NOR4X0P5H7L_A_Y_NAND3X0P5H7L_A_Y_NOR3X3H7L_A_C_NAND3X0P5H7L_Y_B_NOR3X0P5H7L_Y.
Rename wire $abc$1577$new_n164 in top to count_16__reg_p_D_NOR2X3H7L_Y_B_XNOR2X3H7L_Y_A.
Rename wire $abc$1577$new_n137 in top to count_20__reg_p_D_AOI21X2H7L_Y_A1_OR3X1P4H7L_Y_C.
Rename wire $abc$1577$new_n138 in top to count_21__reg_p_D_AOI21X2H7L_Y_A1_OR3X1P4H7L_Y_C.
Rename wire $abc$1577$new_n186 in top to count_10__reg_p_D_NOR2X0P5H7L_Y_B_XNOR2X0P5H7L_Y_B.
Rename wire $abc$1577$new_n172 in top to count_14__reg_p_D_NOR2X1P4H7L_Y_B_XNOR2X0P5H7L_Y_B.
Rename cell $abc$1577$auto$blifparse.cc:397:parse_blif$1644 in top to count_16__reg_p_D_NOR2X3H7L_Y_B_XNOR2X3H7L_Y_A_INVX0P5H7L_Y.
Rename cell $abc$1577$auto$blifparse.cc:397:parse_blif$1618 in top to count_20__reg_p_D_AOI21X2H7L_Y_A1_OR3X1P4H7L_Y_C_OR2X1P4H7L_B.
Rename wire $abc$1577$new_n136 in top to count_20__reg_p_D_AOI21X2H7L_Y_A1_OR3X1P4H7L_Y_C_OR2X1P4H7L_B_A.
Rename cell $abc$1577$auto$blifparse.cc:397:parse_blif$1616 in top to count_20__reg_p_D_AOI21X2H7L_Y_A1_OR3X1P4H7L_Y_C_OR2X1P4H7L_B_A_INVX0P5H7L_Y.
Rename cell $abc$1577$auto$blifparse.cc:397:parse_blif$1617 in top to count_20__reg_p_D_AOI21X2H7L_Y_A1_OR3X1P4H7L_Y_C_NAND4X0P5H7L_Y.
Rename cell $abc$1577$auto$blifparse.cc:397:parse_blif$1666 in top to count_10__reg_p_D_NOR2X0P5H7L_Y_B_XNOR2X0P5H7L_Y_B_NOR3X0P5H7L_Y.
Rename wire $abc$1577$new_n178 in top to count_10__reg_p_D_NOR2X0P5H7L_Y_B_XNOR2X0P5H7L_Y_B_NOR3X0P5H7L_Y_A.
Rename wire $abc$1577$new_n105 in top to count_26__NOR4X0P5H7L_A_Y_NAND3X0P5H7L_A_Y_NOR3X3H7L_A_B_NAND4BX1P4H7L_Y_AN.
Rename cell $abc$1577$auto$blifparse.cc:397:parse_blif$1658 in top to count_10__reg_p_D_NOR2X0P5H7L_Y_B_XNOR2X0P5H7L_Y_B_NOR3X0P5H7L_Y_A_NAND2X0P5H7L_Y.
Rename cell $abc$1577$auto$blifparse.cc:397:parse_blif$1585 in top to count_26__NOR4X0P5H7L_A_Y_NAND3X0P5H7L_A_Y_NOR3X3H7L_A_B_NAND4BX1P4H7L_Y_AN_OR2X0P5H7L_Y.
Rename cell $abc$1577$auto$blifparse.cc:397:parse_blif$1611 in top to count_7__NAND4X6H7L_C.
Rename cell $abc$1577$auto$blifparse.cc:397:parse_blif$1610 in top to count_3__NAND4X6H7L_D.
Rename cell $abc$1577$auto$blifparse.cc:397:parse_blif$1678 in top to count_3__AND4X0P5H7L_D.
Rename wire $abc$1577$new_n198 in top to count_3__AND4X0P5H7L_D_Y.
Rename cell $abc$1577$auto$blifparse.cc:397:parse_blif$1612 in top to count_12__NAND4X0P5H7L_A.
Rename wire $abc$1577$new_n132 in top to count_12__NAND4X0P5H7L_A_Y.
Rename cell $abc$1577$auto$blifparse.cc:397:parse_blif$1614 in top to count_12__NAND4X0P5H7L_A_Y_OR4X1P4H7L_C.
Rename wire $abc$1577$new_n134 in top to count_12__NAND4X0P5H7L_A_Y_OR4X1P4H7L_C_Y.
Rename wire $abc$1577$new_n133 in top to count_12__NAND4X0P5H7L_A_Y_OR4X1P4H7L_C_D.
Rename cell $abc$1577$auto$blifparse.cc:397:parse_blif$1615 in top to count_12__NAND4X0P5H7L_A_Y_OR4X1P4H7L_C_Y_BUFX7H7L_A.
Rename cell $abc$1577$auto$blifparse.cc:397:parse_blif$1613 in top to count_12__NAND4X0P5H7L_A_Y_OR4X1P4H7L_C_D_NAND4X0P5H7L_Y.
Rename wire $abc$1577$new_n130 in top to count_3__NAND4X6H7L_D_Y.
Rename wire $abc$1577$new_n131 in top to count_7__NAND4X6H7L_C_Y.
Rename wire $abc$1577$auto$rtlil.cc:3513:MuxGate$1462 in top to count_31__reg_p_D.
Rename cell $auto$hilomap.cc:48:hilomap_worker$1727 in top to count_31__reg_p_D_TIELOH7L_Z.
Rename wire $abc$1577$new_n135 in top to count_16__reg_p_D_NOR2X3H7L_Y_B_XNOR2X3H7L_Y_B.
Rename wire $abc$1577$new_n115 in top to led[3]_reg_p_D_MUX2X0P5H7L_Y_S0.
Rename wire $abc$1577$new_n98 in top to rst_BUFX3H7L_A_Y.
Rename wire $abc$1577$new_n148 in top to count_16__reg_p_D_NOR2X3H7L_Y_A.
Renamed 280 objects in module top.

20. Executing Verilog backend.
Dumping module `\top'.

21. Executing SPLITNETS pass (splitting up multi-bit signals).

22. Executing OPT_CLEAN pass (remove unused cells and wires).
Finding unused cells or wires in module \top..

23. Executing Liberty frontend: /home/sun/Desktop/yosys-sta/scripts/../pdk/icsprout55/IP/STD_cell/ics55_LLSC_H7C_V1p10C100/ics55_LLSC_H7CL/liberty/ics55_LLSC_H7CL_typ_tt_1p2_25_nldm.lib
Imported 747 cell types from liberty file.

24. Executing CHECK pass (checking for obvious problems).
Checking module top...
Found and reported 0 problems.

25. Printing statistics.

=== top ===

        +----------Local Count, excluding submodules.
        |        +-Local Area, excluding submodules.
        |        | 
      190        - wires
      190        - wire bits
      190        - public wires
      190        - public wire bits
       18        - ports
       18        - port bits
      188   561.68 cells
        2     4.48   AND4X0P5H7L
        2     3.92   AOAI211X0P5H7L
        3      4.2   AOI21X0P5H7L
        1      1.4   AOI21X1P4H7L
        2     3.92   AOI21X2H7L
        1     1.96   AOI2BB1X1P4H7L
        2     4.48   AOI2XB1X1H7L
        1     5.04   BUFX16H7L
        2      2.8   BUFX3H7L
        1     2.52   BUFX7H7L
       48   295.68   DFFQX1H7L
        3     2.52   INVX0P5H7L
       12     33.6   MUX2X0P5H7L
        3      8.4   MUX2X1P4H7L
        1     3.08   MUXI2X0P5H7L
        5      5.6   NAND2X0P5H7L
        2     3.92   NAND3BX0P5H7L
        7      9.8   NAND3X0P5H7L
        1     2.24   NAND4BX1P4H7L
        4     7.84   NAND4X0P5H7L
        2    10.64   NAND4X6H7L
       16     22.4   NOR2BX1H7L
       15     16.8   NOR2X0P5H7L
        1     1.12   NOR2X1P4H7L
        1     1.96   NOR2X3H7L
        1     1.96   NOR3BX0P5H7L
        1     1.96   NOR3BX1P4H7L
        5        7   NOR3X0P5H7L
        2      2.8   NOR3X1P4H7L
        1      2.8   NOR3X3H7L
        7    13.72   NOR4X0P5H7L
        1     1.96   NOR4X1P4H7L
        1     2.24   OA31X1H7L
        1     1.68   OAI211X0P7H7L
        6      8.4   OAI21X0P5H7L
        3     5.88   OAI2BB1X0P5H7L
        1      1.4   OR2X0P5H7L
        1      1.4   OR2X1P4H7L
        2     3.92   OR3X1H7L
        2     3.92   OR3X1P4H7L
        1     2.24   OR4X1P4H7L
        1     1.12   TIELOH7L
        7     19.6   XNOR2X0P5H7L
        1     3.36   XNOR2X3H7L
        5       14   XOR2X0P5H7L

   Chip area for module '\top': 561.680000
     of which used for sequential elements: 295.680000 (52.64%)

26. Executing Verilog backend.
Dumping module `\top'.

End of script. Logfile hash: b6749427ce, time: 8.47s, user: 2.68s, system: 2.33s, MEM: 215.00 MB peak
Yosys 0.67+92 (git sha1 30fe16c7f-dirty, Release, Clang /usr/bin/clang++ 18.1.8)
Time spent: 42% 2x abc (3 sec), 29% 1x clockgate (2 sec), ...
