Generate the report at 2026-07-28T12:52:44, GitVersion: aa25008b3778a76ae1975c839d4cc459f7f7b3b7.
+----------------------------------------------------------------------------------------------------------------------------------+--------------------------+------------+------------+---------------+-------+-------+-----------+
| Endpoint                                                                                                                         | Clock Group              | Delay Type | Path Delay | Path Required | CPPR  | Slack | Freq(MHz) |
+----------------------------------------------------------------------------------------------------------------------------------+--------------------------+------------+------------+---------------+-------+-------+-----------+
| R[1]_6__reg_p:D                                                                                                                  | core_clock               | max        | 0.745r     | 1.954         | 0.000 | 1.209 | 1264.861  |
| R[1]_3__reg_p:D                                                                                                                  | core_clock               | max        | 0.749r     | 1.961         | 0.000 | 1.211 | 1267.716  |
| R[0]_6__reg_p:D                                                                                                                  | core_clock               | max        | 0.745r     | 1.958         | 0.000 | 1.213 | 1270.186  |
| R[1]_6__reg_p:D                                                                                                                  | core_clock               | max        | 0.739f     | 1.953         | 0.000 | 1.213 | 1271.165  |
| R[0]_6__reg_p:D                                                                                                                  | core_clock               | max        | 0.739f     | 1.953         | 0.000 | 1.213 | 1271.165  |
| R[1]_7__reg_p_E_ICGX0P5H7R_E:E                                                                                                   | **clock_gating_default** | max        | 0.556r     | 1.925         | 0.000 | 1.368 | NA        |
| R[2]_7__reg_p_E_ICGX0P5H7R_E:E                                                                                                   | **clock_gating_default** | max        | 0.499r     | 1.926         | 0.000 | 1.428 | NA        |
| R[0]_7__reg_p_E_ICGX0P5H7R_E:E                                                                                                   | **clock_gating_default** | max        | 0.480r     | 1.934         | 0.000 | 1.454 | NA        |
| R[0]_7__reg_p_E_ICGX0P5H7R_E:E                                                                                                   | **clock_gating_default** | max        | 0.435f     | 1.959         | 0.000 | 1.524 | NA        |
| R[1]_7__reg_p_E_ICGX0P5H7R_E:E                                                                                                   | **clock_gating_default** | max        | 0.405f     | 1.957         | 0.000 | 1.552 | NA        |
| out_1__reg_p:D                                                                                                                   | core_clock               | min        | 0.152f     | -0.006        | 0.000 | 0.158 | NA        |
| R[2]_3__reg_p:D                                                                                                                  | core_clock               | min        | 0.172f     | -0.003        | 0.000 | 0.174 | NA        |
| R[2]_1__reg_p:D                                                                                                                  | core_clock               | min        | 0.175f     | -0.004        | 0.000 | 0.179 | NA        |
| R[2]_0__reg_p:D                                                                                                                  | core_clock               | min        | 0.175f     | -0.004        | 0.000 | 0.180 | NA        |
| R[2]_2__reg_p:D                                                                                                                  | core_clock               | min        | 0.175f     | -0.005        | 0.000 | 0.180 | NA        |
| R[0]_0__$_XNOR__A_Y_$_AND__B_Y_$_AND__B_Y_$_NAND__B_Y_$_AND__A_B_$_ANDNOT__B_A_$_NOR__B_Y_$_NAND__A_Y_$_NAND__B_Y_ICGX0P5H7R_E:E | **clock_gating_default** | min        | 0.149f     | -0.002        | 0.000 | 0.151 | NA        |
| R[2]_7__reg_p_E_ICGX0P5H7R_E:E                                                                                                   | **clock_gating_default** | min        | 0.184f     | -0.003        | 0.000 | 0.188 | NA        |
| R[0]_0__$_XNOR__A_Y_$_AND__B_Y_$_AND__B_Y_$_NAND__B_Y_$_AND__A_B_$_ANDNOT__B_A_$_NOR__B_Y_$_NAND__A_Y_$_NAND__B_Y_ICGX0P5H7R_E:E | **clock_gating_default** | min        | 0.170r     | -0.032        | 0.000 | 0.202 | NA        |
| R[1]_7__reg_p_E_ICGX0P5H7R_E:E                                                                                                   | **clock_gating_default** | min        | 0.201f     | -0.004        | 0.000 | 0.204 | NA        |
| R[0]_7__reg_p_E_ICGX0P5H7R_E:E                                                                                                   | **clock_gating_default** | min        | 0.258f     | -0.003        | 0.000 | 0.261 | NA        |
+----------------------------------------------------------------------------------------------------------------------------------+--------------------------+------------+------------+---------------+-------+-------+-----------+
+------------+------------+-------+
| Clock      | Delay Type | TNS   |
+------------+------------+-------+
| core_clock | max        | 0.000 |
| core_clock | min        | 0.000 |
+------------+------------+-------+
+-----------------------------------------------------------------------------------------------------------------------------------------------------------------------------+--------+-------------+------------+------------+-------------+--------+-----------------+
| Point                                                                                                                                                                       | Fanout | Capacitance | Resistance | Transition | Delta Delay | Incr   | Path            |
+-----------------------------------------------------------------------------------------------------------------------------------------------------------------------------+--------+-------------+------------+------------+-------------+--------+-----------------+
| clk (port)                                                                                                                                                                  |        | 0.026       | 0.000      | 0.000      |             | 0.000  | 0.000r          |
| clk (clock net)                                                                                                                                                             | 24     |             |            |            | NA          |        |                 |
| R[0]_0__$_XNOR__A_Y_$_AND__B_Y_$_AND__B_Y_$_NAND__B_Y_$_AND__A_B_$_ANDNOT__B_A_$_SDFF_PN0__Q_R_$_SDFF_PN0__R_D_$_ANDNOT__A_Y_$_OR__B_Y_DFFQX1H7R_D:CK (DFFQX1H7R)           |        | 0.001       | 0.000      | 0.000      |             | 0.000  | 0.000r          |
| clock core_clock (rise edge)                                                                                                                                                |        |             |            |            |             | 0      | 0               |
| clock network delay (ideal)                                                                                                                                                 |        |             |            |            |             | 0.000  | 0.000           |
| R[0]_0__$_XNOR__A_Y_$_AND__B_Y_$_AND__B_Y_$_NAND__B_Y_$_AND__A_B_$_ANDNOT__B_A_$_SDFF_PN0__Q_R_$_SDFF_PN0__R_D_$_ANDNOT__A_Y_$_OR__B_Y_DFFQX1H7R_D:CK (DFFQX1H7R)           |        | 0.001       | 0.000      | 0.000      |             | 0.000  | 0.000r          |
| R[0]_0__$_XNOR__A_Y_$_AND__B_Y_$_AND__B_Y_$_NAND__B_Y_$_AND__A_B_$_ANDNOT__B_A_$_SDFF_PN0__Q_R_$_SDFF_PN0__R_D_$_ANDNOT__A_Y_$_OR__B_Y_DFFQX1H7R_D:Q (DFFQX1H7R)            |        | 0.002       | 0.000      | 0.032      |             | 0.105  | 0.105r          |
| R[0]_0__$_XNOR__A_Y_$_AND__B_Y_$_AND__B_Y_$_NAND__B_Y_$_AND__A_B_$_ANDNOT__B_A_$_SDFF_PN0__Q_R_$_SDFF_PN0__R_D_$_ANDNOT__A_Y_$_OR__B_Y_$_DFF_P__D_Q (net)                   | 1      |             |            |            | 0.000       |        |                 |
| R[0]_0__$_XNOR__A_Y_$_AND__B_Y_$_AND__B_Y_$_NAND__B_Y_$_AND__A_B_$_ANDNOT__B_A_$_SDFF_PN0__Q_R_$_SDFF_PN0__R_D_$_ANDNOT__A_Y_$_OR__B_Y_$_DFF_P__D_Q_BUFX7H7R_A:A (BUFX7H7R) |        | 0.002       | 0.000      | 0.032      |             | 0.000  | 0.105r          |
| R[0]_0__$_XNOR__A_Y_$_AND__B_Y_$_AND__B_Y_$_NAND__B_Y_$_AND__A_B_$_ANDNOT__B_A_$_SDFF_PN0__Q_R_$_SDFF_PN0__R_D_$_ANDNOT__A_Y_$_OR__B_Y_$_DFF_P__D_Q_BUFX7H7R_A:Y (BUFX7H7R) |        | 0.009       | 0.000      | 0.032      |             | 0.047  | 0.152r          |
| R[2]_0__NOR3X0P7H7R_C_B (net)                                                                                                                                               | 6      |             |            |            | 0.000       |        |                 |
| R[2]_0__NOR3X0P7H7R_C_B_BUFX16H7R_A:A (BUFX16H7R)                                                                                                                           |        | 0.003       | 0.000      | 0.032      |             | 0.000  | 0.152r          |
| R[2]_0__NOR3X0P7H7R_C_B_BUFX16H7R_A:Y (BUFX16H7R)                                                                                                                           |        | 0.021       | 0.000      | 0.033      |             | 0.048  | 0.200r          |
| R[1]_3__MUX2X3H7R_B_S0 (net)                                                                                                                                                | 24     |             |            |            | 0.000       |        |                 |
| R[1]_2__NOR4BX2H7R_C:AN (NOR4BX2H7R)                                                                                                                                        |        | 0.001       | 0.000      | 0.033      |             | 0.000  | 0.200r          |
| R[1]_2__NOR4BX2H7R_C:Y (NOR4BX2H7R)                                                                                                                                         |        | 0.001       | 0.000      | 0.080      |             | 0.091  | 0.291r          |
| R[1]_2__NOR4BX2H7R_C_Y (net)                                                                                                                                                | 1      |             |            |            | 0.000       |        |                 |
| R[1]_2__NOR4BX2H7R_C_Y_AOI21X1P4H7R_B0:B0 (AOI21X1P4H7R)                                                                                                                    |        | 0.001       | 0.000      | 0.080      |             | 0.000  | 0.291r          |
| R[1]_2__NOR4BX2H7R_C_Y_AOI21X1P4H7R_B0:Y (AOI21X1P4H7R)                                                                                                                     |        | 0.001       | 0.000      | 0.039      |             | 0.028  | 0.320f          |
| R[1]_2__NOR4BX2H7R_C_Y_AOI21X1P4H7R_B0_Y (net)                                                                                                                              | 1      |             |            |            | 0.000       |        |                 |
| R[1]_2__NOR4BX2H7R_C_Y_AOI21X1P4H7R_B0_Y_OAI21X2H7R_B0:B0 (OAI21X2H7R)                                                                                                      |        | 0.001       | 0.000      | 0.039      |             | 0.000  | 0.320f          |
| R[1]_2__NOR4BX2H7R_C_Y_AOI21X1P4H7R_B0_Y_OAI21X2H7R_B0:Y (OAI21X2H7R)                                                                                                       |        | 0.007       | 0.000      | 0.147      |             | 0.055  | 0.374r          |
| out_2__reg_p_D_OAOI211X0P5H7R_Y_A0 (net)                                                                                                                                    | 7      |             |            |            | 0.000       |        |                 |
| R[1]_5__MUX2X0P5H7R_B_Y_OAI21X0P5H7R_A1_Y_NOR3X1P4H7R_C_A_AOI211X2H7R_Y_A0_OAI221X0P5H7R_Y:A1 (OAI221X0P5H7R)                                                               |        | 0.001       | 0.000      | 0.147      |             | 0.000  | 0.374r          |
| R[1]_5__MUX2X0P5H7R_B_Y_OAI21X0P5H7R_A1_Y_NOR3X1P4H7R_C_A_AOI211X2H7R_Y_A0_OAI221X0P5H7R_Y:Y (OAI221X0P5H7R)                                                                |        | 0.001       | 0.000      | 0.062      |             | 0.082  | 0.456f          |
| R[1]_5__MUX2X0P5H7R_B_Y_OAI21X0P5H7R_A1_Y_NOR3X1P4H7R_C_A_AOI211X2H7R_Y_A0 (net)                                                                                            | 1      |             |            |            | 0.000       |        |                 |
| R[1]_5__MUX2X0P5H7R_B_Y_OAI21X0P5H7R_A1_Y_NOR3X1P4H7R_C_A_AOI211X2H7R_Y:A0 (AOI211X2H7R)                                                                                    |        | 0.001       | 0.000      | 0.062      |             | 0.000  | 0.456f          |
| R[1]_5__MUX2X0P5H7R_B_Y_OAI21X0P5H7R_A1_Y_NOR3X1P4H7R_C_A_AOI211X2H7R_Y:Y (AOI211X2H7R)                                                                                     |        | 0.002       | 0.000      | 0.104      |             | 0.093  | 0.549r          |
| R[1]_5__MUX2X0P5H7R_B_Y_OAI21X0P5H7R_A1_Y_NOR3X1P4H7R_C_A (net)                                                                                                             | 3      |             |            |            | 0.000       |        |                 |
| R[1]_5__MUX2X0P5H7R_B_Y_OAI21X0P5H7R_A1_Y_NOR3X1P4H7R_C:A (NOR3X1P4H7R)                                                                                                     |        | 0.001       | 0.000      | 0.104      |             | 0.000  | 0.549r          |
| R[1]_5__MUX2X0P5H7R_B_Y_OAI21X0P5H7R_A1_Y_NOR3X1P4H7R_C:Y (NOR3X1P4H7R)                                                                                                     |        | 0.002       | 0.000      | 0.046      |             | 0.044  | 0.592f          |
| R[1]_5__MUX2X0P5H7R_B_Y_OAI21X0P5H7R_A1_Y_NOR3X1P4H7R_C_Y (net)                                                                                                             | 2      |             |            |            | 0.000       |        |                 |
| R[1]_5__MUX2X0P5H7R_B_Y_OAI21X0P5H7R_A1_Y_NOR3X1P4H7R_C_Y_OA211X3H7R_A1:A1 (OA211X3H7R)                                                                                     |        | 0.001       | 0.000      | 0.046      |             | 0.000  | 0.592f          |
| R[1]_5__MUX2X0P5H7R_B_Y_OAI21X0P5H7R_A1_Y_NOR3X1P4H7R_C_Y_OA211X3H7R_A1:Y (OA211X3H7R)                                                                                      |        | 0.004       | 0.000      | 0.039      |             | 0.091  | 0.684f          |
| R[1]_6__reg_p_D_NOR4X2H7R_Y_C (net)                                                                                                                                         | 4      |             |            |            | 0.000       |        |                 |
| R[1]_6__reg_p_D_NOR4X2H7R_Y:C (NOR4X2H7R)                                                                                                                                   |        | 0.001       | 0.000      | 0.039      |             | 0.000  | 0.684f          |
| R[1]_6__reg_p_D_NOR4X2H7R_Y:Y (NOR4X2H7R)                                                                                                                                   |        | 0.001       | 0.000      | 0.102      |             | 0.061  | 0.745r          |
| R[1]_6__reg_p_D (net)                                                                                                                                                       | 1      |             |            |            | 0.000       |        |                 |
| R[1]_6__reg_p:D (DFFQX1H7R)                                                                                                                                                 |        | 0.001       | 0.000      | 0.102      |             | 0.000  | 0.745r          |
|                                                                                                                                                                             |        |             |            |            |             |        |                 |
| clk (port)                                                                                                                                                                  |        | 0.020       | 0.000      | 0.000      |             | 0.000  | 0.000r          |
| clk (clock net)                                                                                                                                                             | 24     |             |            |            | NA          |        |                 |
| R[1]_7__reg_p_E_ICGX0P5H7R_E:CK (ICGX0P5H7R)                                                                                                                                |        | 0.002       | 0.000      | 0.000      |             | 0.000  | 0.000r          |
| R[1]_7__reg_p_E_ICGX0P5H7R_E:ECK (ICGX0P5H7R)                                                                                                                               |        | 0.006       | 0.000      | 0.000      |             | 0.000  | 0.000r          |
| R[1]_6__reg_p_CK (clock net)                                                                                                                                                | 8      |             |            |            | NA          |        |                 |
| R[1]_6__reg_p:CK (DFFQX1H7R)                                                                                                                                                |        | 0.001       | 0.000      | 0.000      |             | 0.000  | 0.000r          |
| clock core_clock (rise edge)                                                                                                                                                |        |             |            |            |             | 2      | 2               |
| clock network delay (ideal)                                                                                                                                                 |        |             |            |            |             | 0.000  | 2.000           |
| R[1]_6__reg_p:CK (DFFQX1H7R)                                                                                                                                                |        |             |            |            |             |        | 2.000r          |
| library setup time                                                                                                                                                          |        |             |            |            |             | -0.046 | 1.954           |
| clock reconvergence pessimism                                                                                                                                               |        |             |            |            |             | 0.000  | 1.954           |
|                                                                                                                                                                             |        |             |            |            |             |        |                 |
| path cell delay                                                                                                                                                             |        |             |            |            |             |        | 0.745(100.000%) |
| path net delay                                                                                                                                                              |        |             |            |            |             |        | 0.000(0.000%)   |
|                                                                                                                                                                             |        |             |            |            |             |        |                 |
| data require time                                                                                                                                                           |        |             |            |            |             |        | 1.954           |
| data arrival time                                                                                                                                                           |        |             |            |            |             |        | 0.745           |
| slack (MET)                                                                                                                                                                 |        |             |            |            |             |        | 1.209           |
+-----------------------------------------------------------------------------------------------------------------------------------------------------------------------------+--------+-------------+------------+------------+-------------+--------+-----------------+
+-------------------------------------------------------------------------------------------------------------------------------------------------------------------------------------+--------+-------------+------------+------------+-------------+--------+-----------------+
| Point                                                                                                                                                                               | Fanout | Capacitance | Resistance | Transition | Delta Delay | Incr   | Path            |
+-------------------------------------------------------------------------------------------------------------------------------------------------------------------------------------+--------+-------------+------------+------------+-------------+--------+-----------------+
| clk (port)                                                                                                                                                                          |        | 0.026       | 0.000      | 0.000      |             | 0.000  | 0.000r          |
| clk (clock net)                                                                                                                                                                     | 24     |             |            |            | NA          |        |                 |
| R[0]_0__$_XNOR__A_Y_$_AND__B_Y_$_AND__B_Y_$_NAND__B_Y_$_AND__A_B_$_ANDNOT__B_A_$_SDFF_PN0__Q_R_$_SDFF_PN0__R_D_$_ANDNOT__A_Y_$_OR__B_Y_DFFQX1H7R_D:CK (DFFQX1H7R)                   |        | 0.001       | 0.000      | 0.000      |             | 0.000  | 0.000r          |
| clock core_clock (rise edge)                                                                                                                                                        |        |             |            |            |             | 0      | 0               |
| clock network delay (ideal)                                                                                                                                                         |        |             |            |            |             | 0.000  | 0.000           |
| R[0]_0__$_XNOR__A_Y_$_AND__B_Y_$_AND__B_Y_$_NAND__B_Y_$_AND__A_B_$_ANDNOT__B_A_$_SDFF_PN0__Q_R_$_SDFF_PN0__R_D_$_ANDNOT__A_Y_$_OR__B_Y_DFFQX1H7R_D:CK (DFFQX1H7R)                   |        | 0.001       | 0.000      | 0.000      |             | 0.000  | 0.000r          |
| R[0]_0__$_XNOR__A_Y_$_AND__B_Y_$_AND__B_Y_$_NAND__B_Y_$_AND__A_B_$_ANDNOT__B_A_$_SDFF_PN0__Q_R_$_SDFF_PN0__R_D_$_ANDNOT__A_Y_$_OR__B_Y_DFFQX1H7R_D:Q (DFFQX1H7R)                    |        | 0.002       | 0.000      | 0.032      |             | 0.105  | 0.105r          |
| R[0]_0__$_XNOR__A_Y_$_AND__B_Y_$_AND__B_Y_$_NAND__B_Y_$_AND__A_B_$_ANDNOT__B_A_$_SDFF_PN0__Q_R_$_SDFF_PN0__R_D_$_ANDNOT__A_Y_$_OR__B_Y_$_DFF_P__D_Q (net)                           | 1      |             |            |            | 0.000       |        |                 |
| R[0]_0__$_XNOR__A_Y_$_AND__B_Y_$_AND__B_Y_$_NAND__B_Y_$_AND__A_B_$_ANDNOT__B_A_$_SDFF_PN0__Q_R_$_SDFF_PN0__R_D_$_ANDNOT__A_Y_$_OR__B_Y_$_DFF_P__D_Q_BUFX7H7R_A:A (BUFX7H7R)         |        | 0.002       | 0.000      | 0.032      |             | 0.000  | 0.105r          |
| R[0]_0__$_XNOR__A_Y_$_AND__B_Y_$_AND__B_Y_$_NAND__B_Y_$_AND__A_B_$_ANDNOT__B_A_$_SDFF_PN0__Q_R_$_SDFF_PN0__R_D_$_ANDNOT__A_Y_$_OR__B_Y_$_DFF_P__D_Q_BUFX7H7R_A:Y (BUFX7H7R)         |        | 0.009       | 0.000      | 0.032      |             | 0.047  | 0.152r          |
| R[2]_0__NOR3X0P7H7R_C_B (net)                                                                                                                                                       | 6      |             |            |            | 0.000       |        |                 |
| R[2]_0__NOR3X0P7H7R_C_B_BUFX16H7R_A:A (BUFX16H7R)                                                                                                                                   |        | 0.003       | 0.000      | 0.032      |             | 0.000  | 0.152r          |
| R[2]_0__NOR3X0P7H7R_C_B_BUFX16H7R_A:Y (BUFX16H7R)                                                                                                                                   |        | 0.021       | 0.000      | 0.033      |             | 0.048  | 0.200r          |
| R[1]_3__MUX2X3H7R_B_S0 (net)                                                                                                                                                        | 24     |             |            |            | 0.000       |        |                 |
| R[1]_2__NOR4BX2H7R_C:AN (NOR4BX2H7R)                                                                                                                                                |        | 0.001       | 0.000      | 0.033      |             | 0.000  | 0.200r          |
| R[1]_2__NOR4BX2H7R_C:Y (NOR4BX2H7R)                                                                                                                                                 |        | 0.001       | 0.000      | 0.080      |             | 0.091  | 0.291r          |
| R[1]_2__NOR4BX2H7R_C_Y (net)                                                                                                                                                        | 1      |             |            |            | 0.000       |        |                 |
| R[1]_2__NOR4BX2H7R_C_Y_AOI21X1P4H7R_B0:B0 (AOI21X1P4H7R)                                                                                                                            |        | 0.001       | 0.000      | 0.080      |             | 0.000  | 0.291r          |
| R[1]_2__NOR4BX2H7R_C_Y_AOI21X1P4H7R_B0:Y (AOI21X1P4H7R)                                                                                                                             |        | 0.001       | 0.000      | 0.039      |             | 0.028  | 0.320f          |
| R[1]_2__NOR4BX2H7R_C_Y_AOI21X1P4H7R_B0_Y (net)                                                                                                                                      | 1      |             |            |            | 0.000       |        |                 |
| R[1]_2__NOR4BX2H7R_C_Y_AOI21X1P4H7R_B0_Y_OAI21X2H7R_B0:B0 (OAI21X2H7R)                                                                                                              |        | 0.001       | 0.000      | 0.039      |             | 0.000  | 0.320f          |
| R[1]_2__NOR4BX2H7R_C_Y_AOI21X1P4H7R_B0_Y_OAI21X2H7R_B0:Y (OAI21X2H7R)                                                                                                               |        | 0.007       | 0.000      | 0.147      |             | 0.055  | 0.374r          |
| out_2__reg_p_D_OAOI211X0P5H7R_Y_A0 (net)                                                                                                                                            | 7      |             |            |            | 0.000       |        |                 |
| R[1]_5__MUX2X0P5H7R_B_Y_OAI21X0P5H7R_A1_Y_NOR3X1P4H7R_C_A_AOI211X2H7R_Y_C0_AOI211X2H7R_Y:A1 (AOI211X2H7R)                                                                           |        | 0.001       | 0.000      | 0.147      |             | 0.000  | 0.374r          |
| R[1]_5__MUX2X0P5H7R_B_Y_OAI21X0P5H7R_A1_Y_NOR3X1P4H7R_C_A_AOI211X2H7R_Y_C0_AOI211X2H7R_Y:Y (AOI211X2H7R)                                                                            |        | 0.003       | 0.000      | 0.078      |             | 0.076  | 0.450f          |
| R[1]_5__MUX2X0P5H7R_B_Y_OAI21X0P5H7R_A1_Y_NOR3X1P4H7R_C_A_AOI211X2H7R_Y_C0 (net)                                                                                                    | 3      |             |            |            | 0.000       |        |                 |
| out_7__reg_p_D_OAOI211X0P5H7R_Y_B0_NAND2X0P5H7R_Y_A_XOR2X0P5H7R_A_Y_XNOR2X3H7R_A_B_OAOI211X1P4H7R_Y_A0_NOR4X2H7R_Y_A_NOR3X1P4H7R_A:C (NOR3X1P4H7R)                                  |        | 0.001       | 0.000      | 0.078      |             | 0.000  | 0.450f          |
| out_7__reg_p_D_OAOI211X0P5H7R_Y_B0_NAND2X0P5H7R_Y_A_XOR2X0P5H7R_A_Y_XNOR2X3H7R_A_B_OAOI211X1P4H7R_Y_A0_NOR4X2H7R_Y_A_NOR3X1P4H7R_A:Y (NOR3X1P4H7R)                                  |        | 0.002       | 0.000      | 0.088      |             | 0.073  | 0.523r          |
| out_7__reg_p_D_OAOI211X0P5H7R_Y_B0_NAND2X0P5H7R_Y_A_XOR2X0P5H7R_A_Y_XNOR2X3H7R_A_B_OAOI211X1P4H7R_Y_A0_NOR4X2H7R_Y_A_NOR3X1P4H7R_A_Y (net)                                          | 1      |             |            |            | 0.000       |        |                 |
| out_7__reg_p_D_OAOI211X0P5H7R_Y_B0_NAND2X0P5H7R_Y_A_XOR2X0P5H7R_A_Y_XNOR2X3H7R_A_B_OAOI211X1P4H7R_Y_A0_NOR4X2H7R_Y_A_NOR3X1P4H7R_A_Y_XNOR3X3H7R_A:A (XNOR3X3H7R)                    |        | 0.002       | 0.000      | 0.087      |             | 0.000  | 0.523r          |
| out_7__reg_p_D_OAOI211X0P5H7R_Y_B0_NAND2X0P5H7R_Y_A_XOR2X0P5H7R_A_Y_XNOR2X3H7R_A_B_OAOI211X1P4H7R_Y_A0_NOR4X2H7R_Y_A_NOR3X1P4H7R_A_Y_XNOR3X3H7R_A:Y (XNOR3X3H7R)                    |        | 0.003       | 0.000      | 0.035      |             | 0.145  | 0.667r          |
| out_7__reg_p_D_OAOI211X0P5H7R_Y_B0_NAND2X0P5H7R_Y_A_XOR2X0P5H7R_A_Y_XNOR2X3H7R_A_B_OAOI211X1P4H7R_Y_A0_NOR4X2H7R_Y_A_NOR3X1P4H7R_A_Y_XNOR3X3H7R_A_Y (net)                           | 1      |             |            |            | 0.000       |        |                 |
| out_7__reg_p_D_OAOI211X0P5H7R_Y_B0_NAND2X0P5H7R_Y_A_XOR2X0P5H7R_A_Y_XNOR2X3H7R_A_B_OAOI211X1P4H7R_Y_A0_NOR4X2H7R_Y_A_NOR3X1P4H7R_A_Y_XNOR3X3H7R_A_Y_OAI211X6H7R_A1:A1 (OAI211X6H7R) |        | 0.003       | 0.000      | 0.035      |             | 0.000  | 0.667r          |
| out_7__reg_p_D_OAOI211X0P5H7R_Y_B0_NAND2X0P5H7R_Y_A_XOR2X0P5H7R_A_Y_XNOR2X3H7R_A_B_OAOI211X1P4H7R_Y_A0_NOR4X2H7R_Y_A_NOR3X1P4H7R_A_Y_XNOR3X3H7R_A_Y_OAI211X6H7R_A1:Y (OAI211X6H7R)  |        | 0.004       | 0.000      | 0.062      |             | 0.044  | 0.711f          |
| R[2]_3__reg_p_D_NOR2X1P4H7R_Y_B (net)                                                                                                                                               | 4      |             |            |            | 0.000       |        |                 |
| R[1]_3__reg_p_D_NOR2X1P4H7R_Y:A (NOR2X1P4H7R)                                                                                                                                       |        | 0.001       | 0.000      | 0.062      |             | 0.000  | 0.711f          |
| R[1]_3__reg_p_D_NOR2X1P4H7R_Y:Y (NOR2X1P4H7R)                                                                                                                                       |        | 0.001       | 0.000      | 0.070      |             | 0.038  | 0.749r          |
| R[1]_3__reg_p_D (net)                                                                                                                                                               | 1      |             |            |            | 0.000       |        |                 |
| R[1]_3__reg_p:D (DFFQX1H7R)                                                                                                                                                         |        | 0.001       | 0.000      | 0.070      |             | 0.000  | 0.749r          |
|                                                                                                                                                                                     |        |             |            |            |             |        |                 |
| clk (port)                                                                                                                                                                          |        | 0.020       | 0.000      | 0.000      |             | 0.000  | 0.000r          |
| clk (clock net)                                                                                                                                                                     | 24     |             |            |            | NA          |        |                 |
| R[1]_7__reg_p_E_ICGX0P5H7R_E:CK (ICGX0P5H7R)                                                                                                                                        |        | 0.002       | 0.000      | 0.000      |             | 0.000  | 0.000r          |
| R[1]_7__reg_p_E_ICGX0P5H7R_E:ECK (ICGX0P5H7R)                                                                                                                                       |        | 0.006       | 0.000      | 0.000      |             | 0.000  | 0.000r          |
| R[1]_6__reg_p_CK (clock net)                                                                                                                                                        | 8      |             |            |            | NA          |        |                 |
| R[1]_3__reg_p:CK (DFFQX1H7R)                                                                                                                                                        |        | 0.001       | 0.000      | 0.000      |             | 0.000  | 0.000r          |
| clock core_clock (rise edge)                                                                                                                                                        |        |             |            |            |             | 2      | 2               |
| clock network delay (ideal)                                                                                                                                                         |        |             |            |            |             | 0.000  | 2.000           |
| R[1]_3__reg_p:CK (DFFQX1H7R)                                                                                                                                                        |        |             |            |            |             |        | 2.000r          |
| library setup time                                                                                                                                                                  |        |             |            |            |             | -0.039 | 1.961           |
| clock reconvergence pessimism                                                                                                                                                       |        |             |            |            |             | 0.000  | 1.961           |
|                                                                                                                                                                                     |        |             |            |            |             |        |                 |
| path cell delay                                                                                                                                                                     |        |             |            |            |             |        | 0.749(100.000%) |
| path net delay                                                                                                                                                                      |        |             |            |            |             |        | 0.000(0.000%)   |
|                                                                                                                                                                                     |        |             |            |            |             |        |                 |
| data require time                                                                                                                                                                   |        |             |            |            |             |        | 1.961           |
| data arrival time                                                                                                                                                                   |        |             |            |            |             |        | 0.749           |
| slack (MET)                                                                                                                                                                         |        |             |            |            |             |        | 1.211           |
+-------------------------------------------------------------------------------------------------------------------------------------------------------------------------------------+--------+-------------+------------+------------+-------------+--------+-----------------+
+-----------------------------------------------------------------------------------------------------------------------------------------------------------------------------+--------+-------------+------------+------------+-------------+--------+-----------------+
| Point                                                                                                                                                                       | Fanout | Capacitance | Resistance | Transition | Delta Delay | Incr   | Path            |
+-----------------------------------------------------------------------------------------------------------------------------------------------------------------------------+--------+-------------+------------+------------+-------------+--------+-----------------+
| clk (port)                                                                                                                                                                  |        | 0.026       | 0.000      | 0.000      |             | 0.000  | 0.000r          |
| clk (clock net)                                                                                                                                                             | 24     |             |            |            | NA          |        |                 |
| R[0]_0__$_XNOR__A_Y_$_AND__B_Y_$_AND__B_Y_$_NAND__B_Y_$_AND__A_B_$_ANDNOT__B_A_$_SDFF_PN0__Q_R_$_SDFF_PN0__R_D_$_ANDNOT__A_Y_$_OR__B_Y_DFFQX1H7R_D:CK (DFFQX1H7R)           |        | 0.001       | 0.000      | 0.000      |             | 0.000  | 0.000r          |
| clock core_clock (rise edge)                                                                                                                                                |        |             |            |            |             | 0      | 0               |
| clock network delay (ideal)                                                                                                                                                 |        |             |            |            |             | 0.000  | 0.000           |
| R[0]_0__$_XNOR__A_Y_$_AND__B_Y_$_AND__B_Y_$_NAND__B_Y_$_AND__A_B_$_ANDNOT__B_A_$_SDFF_PN0__Q_R_$_SDFF_PN0__R_D_$_ANDNOT__A_Y_$_OR__B_Y_DFFQX1H7R_D:CK (DFFQX1H7R)           |        | 0.001       | 0.000      | 0.000      |             | 0.000  | 0.000r          |
| R[0]_0__$_XNOR__A_Y_$_AND__B_Y_$_AND__B_Y_$_NAND__B_Y_$_AND__A_B_$_ANDNOT__B_A_$_SDFF_PN0__Q_R_$_SDFF_PN0__R_D_$_ANDNOT__A_Y_$_OR__B_Y_DFFQX1H7R_D:Q (DFFQX1H7R)            |        | 0.002       | 0.000      | 0.032      |             | 0.105  | 0.105r          |
| R[0]_0__$_XNOR__A_Y_$_AND__B_Y_$_AND__B_Y_$_NAND__B_Y_$_AND__A_B_$_ANDNOT__B_A_$_SDFF_PN0__Q_R_$_SDFF_PN0__R_D_$_ANDNOT__A_Y_$_OR__B_Y_$_DFF_P__D_Q (net)                   | 1      |             |            |            | 0.000       |        |                 |
| R[0]_0__$_XNOR__A_Y_$_AND__B_Y_$_AND__B_Y_$_NAND__B_Y_$_AND__A_B_$_ANDNOT__B_A_$_SDFF_PN0__Q_R_$_SDFF_PN0__R_D_$_ANDNOT__A_Y_$_OR__B_Y_$_DFF_P__D_Q_BUFX7H7R_A:A (BUFX7H7R) |        | 0.002       | 0.000      | 0.032      |             | 0.000  | 0.105r          |
| R[0]_0__$_XNOR__A_Y_$_AND__B_Y_$_AND__B_Y_$_NAND__B_Y_$_AND__A_B_$_ANDNOT__B_A_$_SDFF_PN0__Q_R_$_SDFF_PN0__R_D_$_ANDNOT__A_Y_$_OR__B_Y_$_DFF_P__D_Q_BUFX7H7R_A:Y (BUFX7H7R) |        | 0.009       | 0.000      | 0.032      |             | 0.047  | 0.152r          |
| R[2]_0__NOR3X0P7H7R_C_B (net)                                                                                                                                               | 6      |             |            |            | 0.000       |        |                 |
| R[2]_0__NOR3X0P7H7R_C_B_BUFX16H7R_A:A (BUFX16H7R)                                                                                                                           |        | 0.003       | 0.000      | 0.032      |             | 0.000  | 0.152r          |
| R[2]_0__NOR3X0P7H7R_C_B_BUFX16H7R_A:Y (BUFX16H7R)                                                                                                                           |        | 0.021       | 0.000      | 0.033      |             | 0.048  | 0.200r          |
| R[1]_3__MUX2X3H7R_B_S0 (net)                                                                                                                                                | 24     |             |            |            | 0.000       |        |                 |
| R[1]_2__NOR4BX2H7R_C:AN (NOR4BX2H7R)                                                                                                                                        |        | 0.001       | 0.000      | 0.033      |             | 0.000  | 0.200r          |
| R[1]_2__NOR4BX2H7R_C:Y (NOR4BX2H7R)                                                                                                                                         |        | 0.001       | 0.000      | 0.080      |             | 0.091  | 0.291r          |
| R[1]_2__NOR4BX2H7R_C_Y (net)                                                                                                                                                | 1      |             |            |            | 0.000       |        |                 |
| R[1]_2__NOR4BX2H7R_C_Y_AOI21X1P4H7R_B0:B0 (AOI21X1P4H7R)                                                                                                                    |        | 0.001       | 0.000      | 0.080      |             | 0.000  | 0.291r          |
| R[1]_2__NOR4BX2H7R_C_Y_AOI21X1P4H7R_B0:Y (AOI21X1P4H7R)                                                                                                                     |        | 0.001       | 0.000      | 0.039      |             | 0.028  | 0.320f          |
| R[1]_2__NOR4BX2H7R_C_Y_AOI21X1P4H7R_B0_Y (net)                                                                                                                              | 1      |             |            |            | 0.000       |        |                 |
| R[1]_2__NOR4BX2H7R_C_Y_AOI21X1P4H7R_B0_Y_OAI21X2H7R_B0:B0 (OAI21X2H7R)                                                                                                      |        | 0.001       | 0.000      | 0.039      |             | 0.000  | 0.320f          |
| R[1]_2__NOR4BX2H7R_C_Y_AOI21X1P4H7R_B0_Y_OAI21X2H7R_B0:Y (OAI21X2H7R)                                                                                                       |        | 0.007       | 0.000      | 0.147      |             | 0.055  | 0.374r          |
| out_2__reg_p_D_OAOI211X0P5H7R_Y_A0 (net)                                                                                                                                    | 7      |             |            |            | 0.000       |        |                 |
| R[1]_5__MUX2X0P5H7R_B_Y_OAI21X0P5H7R_A1_Y_NOR3X1P4H7R_C_A_AOI211X2H7R_Y_A0_OAI221X0P5H7R_Y:A1 (OAI221X0P5H7R)                                                               |        | 0.001       | 0.000      | 0.147      |             | 0.000  | 0.374r          |
| R[1]_5__MUX2X0P5H7R_B_Y_OAI21X0P5H7R_A1_Y_NOR3X1P4H7R_C_A_AOI211X2H7R_Y_A0_OAI221X0P5H7R_Y:Y (OAI221X0P5H7R)                                                                |        | 0.001       | 0.000      | 0.062      |             | 0.082  | 0.456f          |
| R[1]_5__MUX2X0P5H7R_B_Y_OAI21X0P5H7R_A1_Y_NOR3X1P4H7R_C_A_AOI211X2H7R_Y_A0 (net)                                                                                            | 1      |             |            |            | 0.000       |        |                 |
| R[1]_5__MUX2X0P5H7R_B_Y_OAI21X0P5H7R_A1_Y_NOR3X1P4H7R_C_A_AOI211X2H7R_Y:A0 (AOI211X2H7R)                                                                                    |        | 0.001       | 0.000      | 0.062      |             | 0.000  | 0.456f          |
| R[1]_5__MUX2X0P5H7R_B_Y_OAI21X0P5H7R_A1_Y_NOR3X1P4H7R_C_A_AOI211X2H7R_Y:Y (AOI211X2H7R)                                                                                     |        | 0.002       | 0.000      | 0.104      |             | 0.093  | 0.549r          |
| R[1]_5__MUX2X0P5H7R_B_Y_OAI21X0P5H7R_A1_Y_NOR3X1P4H7R_C_A (net)                                                                                                             | 3      |             |            |            | 0.000       |        |                 |
| R[1]_5__MUX2X0P5H7R_B_Y_OAI21X0P5H7R_A1_Y_NOR3X1P4H7R_C:A (NOR3X1P4H7R)                                                                                                     |        | 0.001       | 0.000      | 0.104      |             | 0.000  | 0.549r          |
| R[1]_5__MUX2X0P5H7R_B_Y_OAI21X0P5H7R_A1_Y_NOR3X1P4H7R_C:Y (NOR3X1P4H7R)                                                                                                     |        | 0.002       | 0.000      | 0.046      |             | 0.044  | 0.592f          |
| R[1]_5__MUX2X0P5H7R_B_Y_OAI21X0P5H7R_A1_Y_NOR3X1P4H7R_C_Y (net)                                                                                                             | 2      |             |            |            | 0.000       |        |                 |
| R[1]_5__MUX2X0P5H7R_B_Y_OAI21X0P5H7R_A1_Y_NOR3X1P4H7R_C_Y_OA211X3H7R_A1:A1 (OA211X3H7R)                                                                                     |        | 0.001       | 0.000      | 0.046      |             | 0.000  | 0.592f          |
| R[1]_5__MUX2X0P5H7R_B_Y_OAI21X0P5H7R_A1_Y_NOR3X1P4H7R_C_Y_OA211X3H7R_A1:Y (OA211X3H7R)                                                                                      |        | 0.004       | 0.000      | 0.039      |             | 0.091  | 0.684f          |
| R[1]_6__reg_p_D_NOR4X2H7R_Y_C (net)                                                                                                                                         | 4      |             |            |            | 0.000       |        |                 |
| R[0]_6__reg_p_D_NOR4X2H7R_Y:C (NOR4X2H7R)                                                                                                                                   |        | 0.001       | 0.000      | 0.039      |             | 0.000  | 0.684f          |
| R[0]_6__reg_p_D_NOR4X2H7R_Y:Y (NOR4X2H7R)                                                                                                                                   |        | 0.001       | 0.000      | 0.085      |             | 0.061  | 0.745r          |
| R[0]_6__reg_p_D (net)                                                                                                                                                       | 1      |             |            |            | 0.000       |        |                 |
| R[0]_6__reg_p:D (DFFQX1H7R)                                                                                                                                                 |        | 0.001       | 0.000      | 0.085      |             | 0.000  | 0.745r          |
|                                                                                                                                                                             |        |             |            |            |             |        |                 |
| clk (port)                                                                                                                                                                  |        | 0.020       | 0.000      | 0.000      |             | 0.000  | 0.000r          |
| clk (clock net)                                                                                                                                                             | 24     |             |            |            | NA          |        |                 |
| R[0]_7__reg_p_E_ICGX0P5H7R_E:CK (ICGX0P5H7R)                                                                                                                                |        | 0.002       | 0.000      | 0.000      |             | 0.000  | 0.000r          |
| R[0]_7__reg_p_E_ICGX0P5H7R_E:ECK (ICGX0P5H7R)                                                                                                                               |        | 0.006       | 0.000      | 0.000      |             | 0.000  | 0.000r          |
| R[0]_7__reg_p_CK (clock net)                                                                                                                                                | 8      |             |            |            | NA          |        |                 |
| R[0]_6__reg_p:CK (DFFQX1H7R)                                                                                                                                                |        | 0.001       | 0.000      | 0.000      |             | 0.000  | 0.000r          |
| clock core_clock (rise edge)                                                                                                                                                |        |             |            |            |             | 2      | 2               |
| clock network delay (ideal)                                                                                                                                                 |        |             |            |            |             | 0.000  | 2.000           |
| R[0]_6__reg_p:CK (DFFQX1H7R)                                                                                                                                                |        |             |            |            |             |        | 2.000r          |
| library setup time                                                                                                                                                          |        |             |            |            |             | -0.042 | 1.958           |
| clock reconvergence pessimism                                                                                                                                               |        |             |            |            |             | 0.000  | 1.958           |
|                                                                                                                                                                             |        |             |            |            |             |        |                 |
| path cell delay                                                                                                                                                             |        |             |            |            |             |        | 0.745(100.000%) |
| path net delay                                                                                                                                                              |        |             |            |            |             |        | 0.000(0.000%)   |
|                                                                                                                                                                             |        |             |            |            |             |        |                 |
| data require time                                                                                                                                                           |        |             |            |            |             |        | 1.958           |
| data arrival time                                                                                                                                                           |        |             |            |            |             |        | 0.745           |
| slack (MET)                                                                                                                                                                 |        |             |            |            |             |        | 1.213           |
+-----------------------------------------------------------------------------------------------------------------------------------------------------------------------------+--------+-------------+------------+------------+-------------+--------+-----------------+
+-----------------------------------------------------------------------------------------------------------------------------------------------------------------------------+--------+-------------+------------+------------+-------------+--------+-----------------+
| Point                                                                                                                                                                       | Fanout | Capacitance | Resistance | Transition | Delta Delay | Incr   | Path            |
+-----------------------------------------------------------------------------------------------------------------------------------------------------------------------------+--------+-------------+------------+------------+-------------+--------+-----------------+
| clk (port)                                                                                                                                                                  |        | 0.026       | 0.000      | 0.000      |             | 0.000  | 0.000r          |
| clk (clock net)                                                                                                                                                             | 24     |             |            |            | NA          |        |                 |
| R[0]_0__$_XNOR__A_Y_$_AND__B_Y_$_AND__B_Y_$_NAND__B_Y_$_AND__A_B_$_ANDNOT__B_A_$_SDFF_PN0__Q_R_$_SDFF_PN0__R_D_$_ANDNOT__A_Y_$_OR__B_Y_DFFQX1H7R_D:CK (DFFQX1H7R)           |        | 0.001       | 0.000      | 0.000      |             | 0.000  | 0.000r          |
| clock core_clock (rise edge)                                                                                                                                                |        |             |            |            |             | 0      | 0               |
| clock network delay (ideal)                                                                                                                                                 |        |             |            |            |             | 0.000  | 0.000           |
| R[0]_0__$_XNOR__A_Y_$_AND__B_Y_$_AND__B_Y_$_NAND__B_Y_$_AND__A_B_$_ANDNOT__B_A_$_SDFF_PN0__Q_R_$_SDFF_PN0__R_D_$_ANDNOT__A_Y_$_OR__B_Y_DFFQX1H7R_D:CK (DFFQX1H7R)           |        | 0.001       | 0.000      | 0.000      |             | 0.000  | 0.000r          |
| R[0]_0__$_XNOR__A_Y_$_AND__B_Y_$_AND__B_Y_$_NAND__B_Y_$_AND__A_B_$_ANDNOT__B_A_$_SDFF_PN0__Q_R_$_SDFF_PN0__R_D_$_ANDNOT__A_Y_$_OR__B_Y_DFFQX1H7R_D:Q (DFFQX1H7R)            |        | 0.002       | 0.000      | 0.032      |             | 0.105  | 0.105r          |
| R[0]_0__$_XNOR__A_Y_$_AND__B_Y_$_AND__B_Y_$_NAND__B_Y_$_AND__A_B_$_ANDNOT__B_A_$_SDFF_PN0__Q_R_$_SDFF_PN0__R_D_$_ANDNOT__A_Y_$_OR__B_Y_$_DFF_P__D_Q (net)                   | 1      |             |            |            | 0.000       |        |                 |
| R[0]_0__$_XNOR__A_Y_$_AND__B_Y_$_AND__B_Y_$_NAND__B_Y_$_AND__A_B_$_ANDNOT__B_A_$_SDFF_PN0__Q_R_$_SDFF_PN0__R_D_$_ANDNOT__A_Y_$_OR__B_Y_$_DFF_P__D_Q_BUFX7H7R_A:A (BUFX7H7R) |        | 0.002       | 0.000      | 0.032      |             | 0.000  | 0.105r          |
| R[0]_0__$_XNOR__A_Y_$_AND__B_Y_$_AND__B_Y_$_NAND__B_Y_$_AND__A_B_$_ANDNOT__B_A_$_SDFF_PN0__Q_R_$_SDFF_PN0__R_D_$_ANDNOT__A_Y_$_OR__B_Y_$_DFF_P__D_Q_BUFX7H7R_A:Y (BUFX7H7R) |        | 0.009       | 0.000      | 0.032      |             | 0.047  | 0.152r          |
| R[2]_0__NOR3X0P7H7R_C_B (net)                                                                                                                                               | 6      |             |            |            | 0.000       |        |                 |
| R[2]_0__NOR3X0P7H7R_C_B_BUFX16H7R_A:A (BUFX16H7R)                                                                                                                           |        | 0.003       | 0.000      | 0.032      |             | 0.000  | 0.152r          |
| R[2]_0__NOR3X0P7H7R_C_B_BUFX16H7R_A:Y (BUFX16H7R)                                                                                                                           |        | 0.021       | 0.000      | 0.033      |             | 0.048  | 0.200r          |
| R[1]_3__MUX2X3H7R_B_S0 (net)                                                                                                                                                | 24     |             |            |            | 0.000       |        |                 |
| R[1]_2__NOR4BX2H7R_C:AN (NOR4BX2H7R)                                                                                                                                        |        | 0.001       | 0.000      | 0.033      |             | 0.000  | 0.200r          |
| R[1]_2__NOR4BX2H7R_C:Y (NOR4BX2H7R)                                                                                                                                         |        | 0.001       | 0.000      | 0.080      |             | 0.091  | 0.291r          |
| R[1]_2__NOR4BX2H7R_C_Y (net)                                                                                                                                                | 1      |             |            |            | 0.000       |        |                 |
| R[1]_2__NOR4BX2H7R_C_Y_AOI21X1P4H7R_B0:B0 (AOI21X1P4H7R)                                                                                                                    |        | 0.001       | 0.000      | 0.080      |             | 0.000  | 0.291r          |
| R[1]_2__NOR4BX2H7R_C_Y_AOI21X1P4H7R_B0:Y (AOI21X1P4H7R)                                                                                                                     |        | 0.001       | 0.000      | 0.039      |             | 0.028  | 0.320f          |
| R[1]_2__NOR4BX2H7R_C_Y_AOI21X1P4H7R_B0_Y (net)                                                                                                                              | 1      |             |            |            | 0.000       |        |                 |
| R[1]_2__NOR4BX2H7R_C_Y_AOI21X1P4H7R_B0_Y_OAI21X2H7R_B0:B0 (OAI21X2H7R)                                                                                                      |        | 0.001       | 0.000      | 0.039      |             | 0.000  | 0.320f          |
| R[1]_2__NOR4BX2H7R_C_Y_AOI21X1P4H7R_B0_Y_OAI21X2H7R_B0:Y (OAI21X2H7R)                                                                                                       |        | 0.007       | 0.000      | 0.147      |             | 0.055  | 0.374r          |
| out_2__reg_p_D_OAOI211X0P5H7R_Y_A0 (net)                                                                                                                                    | 7      |             |            |            | 0.000       |        |                 |
| R[1]_5__MUX2X0P5H7R_B_Y_OAI21X0P5H7R_A1_Y_NOR3X1P4H7R_C_A_AOI211X2H7R_Y_A0_OAI221X0P5H7R_Y:A1 (OAI221X0P5H7R)                                                               |        | 0.001       | 0.000      | 0.147      |             | 0.000  | 0.374r          |
| R[1]_5__MUX2X0P5H7R_B_Y_OAI21X0P5H7R_A1_Y_NOR3X1P4H7R_C_A_AOI211X2H7R_Y_A0_OAI221X0P5H7R_Y:Y (OAI221X0P5H7R)                                                                |        | 0.001       | 0.000      | 0.062      |             | 0.082  | 0.456f          |
| R[1]_5__MUX2X0P5H7R_B_Y_OAI21X0P5H7R_A1_Y_NOR3X1P4H7R_C_A_AOI211X2H7R_Y_A0 (net)                                                                                            | 1      |             |            |            | 0.000       |        |                 |
| R[1]_5__MUX2X0P5H7R_B_Y_OAI21X0P5H7R_A1_Y_NOR3X1P4H7R_C_A_AOI211X2H7R_Y:A0 (AOI211X2H7R)                                                                                    |        | 0.001       | 0.000      | 0.062      |             | 0.000  | 0.456f          |
| R[1]_5__MUX2X0P5H7R_B_Y_OAI21X0P5H7R_A1_Y_NOR3X1P4H7R_C_A_AOI211X2H7R_Y:Y (AOI211X2H7R)                                                                                     |        | 0.002       | 0.000      | 0.104      |             | 0.093  | 0.549r          |
| R[1]_5__MUX2X0P5H7R_B_Y_OAI21X0P5H7R_A1_Y_NOR3X1P4H7R_C_A (net)                                                                                                             | 3      |             |            |            | 0.000       |        |                 |
| R[1]_5__MUX2X0P5H7R_B_Y_OAI21X0P5H7R_A1_Y_NOR3X1P4H7R_C:A (NOR3X1P4H7R)                                                                                                     |        | 0.001       | 0.000      | 0.104      |             | 0.000  | 0.549r          |
| R[1]_5__MUX2X0P5H7R_B_Y_OAI21X0P5H7R_A1_Y_NOR3X1P4H7R_C:Y (NOR3X1P4H7R)                                                                                                     |        | 0.002       | 0.000      | 0.046      |             | 0.044  | 0.592f          |
| R[1]_5__MUX2X0P5H7R_B_Y_OAI21X0P5H7R_A1_Y_NOR3X1P4H7R_C_Y (net)                                                                                                             | 2      |             |            |            | 0.000       |        |                 |
| R[1]_5__MUX2X0P5H7R_B_Y_OAI21X0P5H7R_A1_Y_NOR3X1P4H7R_C_Y_OAOI211X2H7R_A1:A1 (OAOI211X2H7R)                                                                                 |        | 0.001       | 0.000      | 0.046      |             | 0.000  | 0.592f          |
| R[1]_5__MUX2X0P5H7R_B_Y_OAI21X0P5H7R_A1_Y_NOR3X1P4H7R_C_Y_OAOI211X2H7R_A1:Y (OAOI211X2H7R)                                                                                  |        | 0.004       | 0.000      | 0.138      |             | 0.109  | 0.701r          |
| R[1]_6__reg_p_D_NOR4X2H7R_Y_B (net)                                                                                                                                         | 4      |             |            |            | 0.000       |        |                 |
| R[1]_6__reg_p_D_NOR4X2H7R_Y:B (NOR4X2H7R)                                                                                                                                   |        | 0.001       | 0.000      | 0.138      |             | 0.000  | 0.701r          |
| R[1]_6__reg_p_D_NOR4X2H7R_Y:Y (NOR4X2H7R)                                                                                                                                   |        | 0.001       | 0.000      | 0.052      |             | 0.038  | 0.739f          |
| R[1]_6__reg_p_D (net)                                                                                                                                                       | 1      |             |            |            | 0.000       |        |                 |
| R[1]_6__reg_p:D (DFFQX1H7R)                                                                                                                                                 |        | 0.001       | 0.000      | 0.052      |             | 0.000  | 0.739f          |
|                                                                                                                                                                             |        |             |            |            |             |        |                 |
| clk (port)                                                                                                                                                                  |        | 0.020       | 0.000      | 0.000      |             | 0.000  | 0.000r          |
| clk (clock net)                                                                                                                                                             | 24     |             |            |            | NA          |        |                 |
| R[1]_7__reg_p_E_ICGX0P5H7R_E:CK (ICGX0P5H7R)                                                                                                                                |        | 0.002       | 0.000      | 0.000      |             | 0.000  | 0.000r          |
| R[1]_7__reg_p_E_ICGX0P5H7R_E:ECK (ICGX0P5H7R)                                                                                                                               |        | 0.006       | 0.000      | 0.000      |             | 0.000  | 0.000r          |
| R[1]_6__reg_p_CK (clock net)                                                                                                                                                | 8      |             |            |            | NA          |        |                 |
| R[1]_6__reg_p:CK (DFFQX1H7R)                                                                                                                                                |        | 0.001       | 0.000      | 0.000      |             | 0.000  | 0.000r          |
| clock core_clock (rise edge)                                                                                                                                                |        |             |            |            |             | 2      | 2               |
| clock network delay (ideal)                                                                                                                                                 |        |             |            |            |             | 0.000  | 2.000           |
| R[1]_6__reg_p:CK (DFFQX1H7R)                                                                                                                                                |        |             |            |            |             |        | 2.000r          |
| library setup time                                                                                                                                                          |        |             |            |            |             | -0.047 | 1.953           |
| clock reconvergence pessimism                                                                                                                                               |        |             |            |            |             | 0.000  | 1.953           |
|                                                                                                                                                                             |        |             |            |            |             |        |                 |
| path cell delay                                                                                                                                                             |        |             |            |            |             |        | 0.739(100.000%) |
| path net delay                                                                                                                                                              |        |             |            |            |             |        | 0.000(0.000%)   |
|                                                                                                                                                                             |        |             |            |            |             |        |                 |
| data require time                                                                                                                                                           |        |             |            |            |             |        | 1.953           |
| data arrival time                                                                                                                                                           |        |             |            |            |             |        | 0.739           |
| slack (MET)                                                                                                                                                                 |        |             |            |            |             |        | 1.213           |
+-----------------------------------------------------------------------------------------------------------------------------------------------------------------------------+--------+-------------+------------+------------+-------------+--------+-----------------+
+-----------------------------------------------------------------------------------------------------------------------------------------------------------------------------+--------+-------------+------------+------------+-------------+--------+-----------------+
| Point                                                                                                                                                                       | Fanout | Capacitance | Resistance | Transition | Delta Delay | Incr   | Path            |
+-----------------------------------------------------------------------------------------------------------------------------------------------------------------------------+--------+-------------+------------+------------+-------------+--------+-----------------+
| clk (port)                                                                                                                                                                  |        | 0.026       | 0.000      | 0.000      |             | 0.000  | 0.000r          |
| clk (clock net)                                                                                                                                                             | 24     |             |            |            | NA          |        |                 |
| R[0]_0__$_XNOR__A_Y_$_AND__B_Y_$_AND__B_Y_$_NAND__B_Y_$_AND__A_B_$_ANDNOT__B_A_$_SDFF_PN0__Q_R_$_SDFF_PN0__R_D_$_ANDNOT__A_Y_$_OR__B_Y_DFFQX1H7R_D:CK (DFFQX1H7R)           |        | 0.001       | 0.000      | 0.000      |             | 0.000  | 0.000r          |
| clock core_clock (rise edge)                                                                                                                                                |        |             |            |            |             | 0      | 0               |
| clock network delay (ideal)                                                                                                                                                 |        |             |            |            |             | 0.000  | 0.000           |
| R[0]_0__$_XNOR__A_Y_$_AND__B_Y_$_AND__B_Y_$_NAND__B_Y_$_AND__A_B_$_ANDNOT__B_A_$_SDFF_PN0__Q_R_$_SDFF_PN0__R_D_$_ANDNOT__A_Y_$_OR__B_Y_DFFQX1H7R_D:CK (DFFQX1H7R)           |        | 0.001       | 0.000      | 0.000      |             | 0.000  | 0.000r          |
| R[0]_0__$_XNOR__A_Y_$_AND__B_Y_$_AND__B_Y_$_NAND__B_Y_$_AND__A_B_$_ANDNOT__B_A_$_SDFF_PN0__Q_R_$_SDFF_PN0__R_D_$_ANDNOT__A_Y_$_OR__B_Y_DFFQX1H7R_D:Q (DFFQX1H7R)            |        | 0.002       | 0.000      | 0.032      |             | 0.105  | 0.105r          |
| R[0]_0__$_XNOR__A_Y_$_AND__B_Y_$_AND__B_Y_$_NAND__B_Y_$_AND__A_B_$_ANDNOT__B_A_$_SDFF_PN0__Q_R_$_SDFF_PN0__R_D_$_ANDNOT__A_Y_$_OR__B_Y_$_DFF_P__D_Q (net)                   | 1      |             |            |            | 0.000       |        |                 |
| R[0]_0__$_XNOR__A_Y_$_AND__B_Y_$_AND__B_Y_$_NAND__B_Y_$_AND__A_B_$_ANDNOT__B_A_$_SDFF_PN0__Q_R_$_SDFF_PN0__R_D_$_ANDNOT__A_Y_$_OR__B_Y_$_DFF_P__D_Q_BUFX7H7R_A:A (BUFX7H7R) |        | 0.002       | 0.000      | 0.032      |             | 0.000  | 0.105r          |
| R[0]_0__$_XNOR__A_Y_$_AND__B_Y_$_AND__B_Y_$_NAND__B_Y_$_AND__A_B_$_ANDNOT__B_A_$_SDFF_PN0__Q_R_$_SDFF_PN0__R_D_$_ANDNOT__A_Y_$_OR__B_Y_$_DFF_P__D_Q_BUFX7H7R_A:Y (BUFX7H7R) |        | 0.009       | 0.000      | 0.032      |             | 0.047  | 0.152r          |
| R[2]_0__NOR3X0P7H7R_C_B (net)                                                                                                                                               | 6      |             |            |            | 0.000       |        |                 |
| R[2]_0__NOR3X0P7H7R_C_B_BUFX16H7R_A:A (BUFX16H7R)                                                                                                                           |        | 0.003       | 0.000      | 0.032      |             | 0.000  | 0.152r          |
| R[2]_0__NOR3X0P7H7R_C_B_BUFX16H7R_A:Y (BUFX16H7R)                                                                                                                           |        | 0.021       | 0.000      | 0.033      |             | 0.048  | 0.200r          |
| R[1]_3__MUX2X3H7R_B_S0 (net)                                                                                                                                                | 24     |             |            |            | 0.000       |        |                 |
| R[1]_2__NOR4BX2H7R_C:AN (NOR4BX2H7R)                                                                                                                                        |        | 0.001       | 0.000      | 0.033      |             | 0.000  | 0.200r          |
| R[1]_2__NOR4BX2H7R_C:Y (NOR4BX2H7R)                                                                                                                                         |        | 0.001       | 0.000      | 0.080      |             | 0.091  | 0.291r          |
| R[1]_2__NOR4BX2H7R_C_Y (net)                                                                                                                                                | 1      |             |            |            | 0.000       |        |                 |
| R[1]_2__NOR4BX2H7R_C_Y_AOI21X1P4H7R_B0:B0 (AOI21X1P4H7R)                                                                                                                    |        | 0.001       | 0.000      | 0.080      |             | 0.000  | 0.291r          |
| R[1]_2__NOR4BX2H7R_C_Y_AOI21X1P4H7R_B0:Y (AOI21X1P4H7R)                                                                                                                     |        | 0.001       | 0.000      | 0.039      |             | 0.028  | 0.320f          |
| R[1]_2__NOR4BX2H7R_C_Y_AOI21X1P4H7R_B0_Y (net)                                                                                                                              | 1      |             |            |            | 0.000       |        |                 |
| R[1]_2__NOR4BX2H7R_C_Y_AOI21X1P4H7R_B0_Y_OAI21X2H7R_B0:B0 (OAI21X2H7R)                                                                                                      |        | 0.001       | 0.000      | 0.039      |             | 0.000  | 0.320f          |
| R[1]_2__NOR4BX2H7R_C_Y_AOI21X1P4H7R_B0_Y_OAI21X2H7R_B0:Y (OAI21X2H7R)                                                                                                       |        | 0.007       | 0.000      | 0.147      |             | 0.055  | 0.374r          |
| out_2__reg_p_D_OAOI211X0P5H7R_Y_A0 (net)                                                                                                                                    | 7      |             |            |            | 0.000       |        |                 |
| R[1]_5__MUX2X0P5H7R_B_Y_OAI21X0P5H7R_A1_Y_NOR3X1P4H7R_C_A_AOI211X2H7R_Y_A0_OAI221X0P5H7R_Y:A1 (OAI221X0P5H7R)                                                               |        | 0.001       | 0.000      | 0.147      |             | 0.000  | 0.374r          |
| R[1]_5__MUX2X0P5H7R_B_Y_OAI21X0P5H7R_A1_Y_NOR3X1P4H7R_C_A_AOI211X2H7R_Y_A0_OAI221X0P5H7R_Y:Y (OAI221X0P5H7R)                                                                |        | 0.001       | 0.000      | 0.062      |             | 0.082  | 0.456f          |
| R[1]_5__MUX2X0P5H7R_B_Y_OAI21X0P5H7R_A1_Y_NOR3X1P4H7R_C_A_AOI211X2H7R_Y_A0 (net)                                                                                            | 1      |             |            |            | 0.000       |        |                 |
| R[1]_5__MUX2X0P5H7R_B_Y_OAI21X0P5H7R_A1_Y_NOR3X1P4H7R_C_A_AOI211X2H7R_Y:A0 (AOI211X2H7R)                                                                                    |        | 0.001       | 0.000      | 0.062      |             | 0.000  | 0.456f          |
| R[1]_5__MUX2X0P5H7R_B_Y_OAI21X0P5H7R_A1_Y_NOR3X1P4H7R_C_A_AOI211X2H7R_Y:Y (AOI211X2H7R)                                                                                     |        | 0.002       | 0.000      | 0.104      |             | 0.093  | 0.549r          |
| R[1]_5__MUX2X0P5H7R_B_Y_OAI21X0P5H7R_A1_Y_NOR3X1P4H7R_C_A (net)                                                                                                             | 3      |             |            |            | 0.000       |        |                 |
| R[1]_5__MUX2X0P5H7R_B_Y_OAI21X0P5H7R_A1_Y_NOR3X1P4H7R_C:A (NOR3X1P4H7R)                                                                                                     |        | 0.001       | 0.000      | 0.104      |             | 0.000  | 0.549r          |
| R[1]_5__MUX2X0P5H7R_B_Y_OAI21X0P5H7R_A1_Y_NOR3X1P4H7R_C:Y (NOR3X1P4H7R)                                                                                                     |        | 0.002       | 0.000      | 0.046      |             | 0.044  | 0.592f          |
| R[1]_5__MUX2X0P5H7R_B_Y_OAI21X0P5H7R_A1_Y_NOR3X1P4H7R_C_Y (net)                                                                                                             | 2      |             |            |            | 0.000       |        |                 |
| R[1]_5__MUX2X0P5H7R_B_Y_OAI21X0P5H7R_A1_Y_NOR3X1P4H7R_C_Y_OAOI211X2H7R_A1:A1 (OAOI211X2H7R)                                                                                 |        | 0.001       | 0.000      | 0.046      |             | 0.000  | 0.592f          |
| R[1]_5__MUX2X0P5H7R_B_Y_OAI21X0P5H7R_A1_Y_NOR3X1P4H7R_C_Y_OAOI211X2H7R_A1:Y (OAOI211X2H7R)                                                                                  |        | 0.004       | 0.000      | 0.138      |             | 0.109  | 0.701r          |
| R[1]_6__reg_p_D_NOR4X2H7R_Y_B (net)                                                                                                                                         | 4      |             |            |            | 0.000       |        |                 |
| R[0]_6__reg_p_D_NOR4X2H7R_Y:B (NOR4X2H7R)                                                                                                                                   |        | 0.001       | 0.000      | 0.138      |             | 0.000  | 0.701r          |
| R[0]_6__reg_p_D_NOR4X2H7R_Y:Y (NOR4X2H7R)                                                                                                                                   |        | 0.001       | 0.000      | 0.052      |             | 0.038  | 0.739f          |
| R[0]_6__reg_p_D (net)                                                                                                                                                       | 1      |             |            |            | 0.000       |        |                 |
| R[0]_6__reg_p:D (DFFQX1H7R)                                                                                                                                                 |        | 0.001       | 0.000      | 0.052      |             | 0.000  | 0.739f          |
|                                                                                                                                                                             |        |             |            |            |             |        |                 |
| clk (port)                                                                                                                                                                  |        | 0.020       | 0.000      | 0.000      |             | 0.000  | 0.000r          |
| clk (clock net)                                                                                                                                                             | 24     |             |            |            | NA          |        |                 |
| R[0]_7__reg_p_E_ICGX0P5H7R_E:CK (ICGX0P5H7R)                                                                                                                                |        | 0.002       | 0.000      | 0.000      |             | 0.000  | 0.000r          |
| R[0]_7__reg_p_E_ICGX0P5H7R_E:ECK (ICGX0P5H7R)                                                                                                                               |        | 0.006       | 0.000      | 0.000      |             | 0.000  | 0.000r          |
| R[0]_7__reg_p_CK (clock net)                                                                                                                                                | 8      |             |            |            | NA          |        |                 |
| R[0]_6__reg_p:CK (DFFQX1H7R)                                                                                                                                                |        | 0.001       | 0.000      | 0.000      |             | 0.000  | 0.000r          |
| clock core_clock (rise edge)                                                                                                                                                |        |             |            |            |             | 2      | 2               |
| clock network delay (ideal)                                                                                                                                                 |        |             |            |            |             | 0.000  | 2.000           |
| R[0]_6__reg_p:CK (DFFQX1H7R)                                                                                                                                                |        |             |            |            |             |        | 2.000r          |
| library setup time                                                                                                                                                          |        |             |            |            |             | -0.047 | 1.953           |
| clock reconvergence pessimism                                                                                                                                               |        |             |            |            |             | 0.000  | 1.953           |
|                                                                                                                                                                             |        |             |            |            |             |        |                 |
| path cell delay                                                                                                                                                             |        |             |            |            |             |        | 0.739(100.000%) |
| path net delay                                                                                                                                                              |        |             |            |            |             |        | 0.000(0.000%)   |
|                                                                                                                                                                             |        |             |            |            |             |        |                 |
| data require time                                                                                                                                                           |        |             |            |            |             |        | 1.953           |
| data arrival time                                                                                                                                                           |        |             |            |            |             |        | 0.739           |
| slack (MET)                                                                                                                                                                 |        |             |            |            |             |        | 1.213           |
+-----------------------------------------------------------------------------------------------------------------------------------------------------------------------------+--------+-------------+------------+------------+-------------+--------+-----------------+
+-----------------------------------------------------------------------------------------------------------------------------------------------------------+--------+-------------+------------+------------+-------------+--------+-----------------+
| Point                                                                                                                                                     | Fanout | Capacitance | Resistance | Transition | Delta Delay | Incr   | Path            |
+-----------------------------------------------------------------------------------------------------------------------------------------------------------+--------+-------------+------------+------------+-------------+--------+-----------------+
| clk (port)                                                                                                                                                |        | 0.026       | 0.000      | 0.000      |             | 0.000  | 0.000r          |
| clk (clock net)                                                                                                                                           | 24     |             |            |            | NA          |        |                 |
| pc_3__reg_p:CK (DFFQX1H7R)                                                                                                                                |        | 0.001       | 0.000      | 0.000      |             | 0.000  | 0.000r          |
| clock core_clock (rise edge)                                                                                                                              |        |             |            |            |             | 0      | 0               |
| clock network delay (ideal)                                                                                                                               |        |             |            |            |             | 0.000  | 0.000           |
| pc_3__reg_p:CK (DFFQX1H7R)                                                                                                                                |        | 0.001       | 0.000      | 0.000      |             | 0.000  | 0.000r          |
| pc_3__reg_p:Q (DFFQX1H7R)                                                                                                                                 |        | 0.002       | 0.000      | 0.033      |             | 0.079  | 0.079f          |
| pc_3_ (net)                                                                                                                                               | 1      |             |            |            | 0.000       |        |                 |
| pc_3__BUFX7H7R_A:A (BUFX7H7R)                                                                                                                             |        | 0.002       | 0.000      | 0.033      |             | 0.000  | 0.079f          |
| pc_3__BUFX7H7R_A:Y (BUFX7H7R)                                                                                                                             |        | 0.018       | 0.000      | 0.042      |             | 0.060  | 0.139f          |
| pc_3__BUFX7H7R_A_Y (net)                                                                                                                                  | 13     |             |            |            | 0.000       |        |                 |
| pc_3__BUFX7H7R_A_Y_BUFX12H7R_A:A (BUFX12H7R)                                                                                                              |        | 0.003       | 0.000      | 0.042      |             | 0.000  | 0.139f          |
| pc_3__BUFX7H7R_A_Y_BUFX12H7R_A:Y (BUFX12H7R)                                                                                                              |        | 0.021       | 0.000      | 0.033      |             | 0.057  | 0.197f          |
| R[1]_2__NOR4BX2H7R_C_D (net)                                                                                                                              | 24     |             |            |            | 0.000       |        |                 |
| out_0__reg_p_D_OAOI211X0P5H7R_Y_A0_XNOR2X0P5H7R_A_Y_OAI211X1P4H7R_A1_C0_NOR3X3H7R_Y:A (NOR3X3H7R)                                                         |        | 0.002       | 0.000      | 0.033      |             | 0.000  | 0.197f          |
| out_0__reg_p_D_OAOI211X0P5H7R_Y_A0_XNOR2X0P5H7R_A_Y_OAI211X1P4H7R_A1_C0_NOR3X3H7R_Y:Y (NOR3X3H7R)                                                         |        | 0.008       | 0.000      | 0.161      |             | 0.115  | 0.311r          |
| out_0__reg_p_D_OAOI211X0P5H7R_Y_A0_XNOR2X0P5H7R_A_Y_OAI211X1P4H7R_A1_C0 (net)                                                                             | 6      |             |            |            | 0.000       |        |                 |
| R[0]_0__$_XNOR__A_Y_$_AND__B_Y_$_AND__B_Y_$_NAND__B_Y_$_AND__A_B_$_ANDNOT__B_A_$_SDFF_PN0__Q_D_$_MUX__S_Y_$_DFF_P__D_Q_NAND3BX0P7H7R_AN:B (NAND3BX0P7H7R) |        | 0.001       | 0.000      | 0.161      |             | 0.000  | 0.311r          |
| R[0]_0__$_XNOR__A_Y_$_AND__B_Y_$_AND__B_Y_$_NAND__B_Y_$_AND__A_B_$_ANDNOT__B_A_$_SDFF_PN0__Q_D_$_MUX__S_Y_$_DFF_P__D_Q_NAND3BX0P7H7R_AN:Y (NAND3BX0P7H7R) |        | 0.008       | 0.000      | 0.235      |             | 0.184  | 0.496f          |
| R[1]_6__reg_p_D_NOR4X2H7R_Y_D (net)                                                                                                                       | 9      |             |            |            | 0.000       |        |                 |
| R[1]_7__reg_p_E_NAND2X0P5H7R_Y:B (NAND2X0P5H7R)                                                                                                           |        | 0.001       | 0.000      | 0.235      |             | 0.000  | 0.496f          |
| R[1]_7__reg_p_E_NAND2X0P5H7R_Y:Y (NAND2X0P5H7R)                                                                                                           |        | 0.001       | 0.000      | 0.068      |             | 0.061  | 0.556r          |
| R[1]_7__reg_p_E (net)                                                                                                                                     | 1      |             |            |            | 0.000       |        |                 |
| R[1]_7__reg_p_E_ICGX0P5H7R_E:E (ICGX0P5H7R)                                                                                                               |        | 0.001       | 0.000      | 0.068      |             | 0.000  | 0.556r          |
|                                                                                                                                                           |        |             |            |            |             |        |                 |
| clk (port)                                                                                                                                                |        | 0.020       | 0.000      | 0.000      |             | 0.000  | 0.000r          |
| clk (clock net)                                                                                                                                           | 24     |             |            |            | NA          |        |                 |
| R[1]_7__reg_p_E_ICGX0P5H7R_E:CK (ICGX0P5H7R)                                                                                                              |        | 0.002       | 0.000      | 0.000      |             | 0.000  | 0.000r          |
| clock core_clock (rise edge)                                                                                                                              |        |             |            |            |             | 2      | 2               |
| clock network delay (ideal)                                                                                                                               |        |             |            |            |             | 0.000  | 2.000           |
| R[1]_7__reg_p_E_ICGX0P5H7R_E:CK (ICGX0P5H7R)                                                                                                              |        |             |            |            |             |        | 2.000r          |
| library setup time                                                                                                                                        |        |             |            |            |             | -0.075 | 1.925           |
| clock reconvergence pessimism                                                                                                                             |        |             |            |            |             | 0.000  | 1.925           |
|                                                                                                                                                           |        |             |            |            |             |        |                 |
| path cell delay                                                                                                                                           |        |             |            |            |             |        | 0.556(100.000%) |
| path net delay                                                                                                                                            |        |             |            |            |             |        | 0.000(0.000%)   |
|                                                                                                                                                           |        |             |            |            |             |        |                 |
| data require time                                                                                                                                         |        |             |            |            |             |        | 1.925           |
| data arrival time                                                                                                                                         |        |             |            |            |             |        | 0.556           |
| slack (MET)                                                                                                                                               |        |             |            |            |             |        | 1.368           |
+-----------------------------------------------------------------------------------------------------------------------------------------------------------+--------+-------------+------------+------------+-------------+--------+-----------------+
+----------------------------------------------------------------------------------------------------------------------------------------------------------+--------+-------------+------------+------------+-------------+--------+-----------------+
| Point                                                                                                                                                    | Fanout | Capacitance | Resistance | Transition | Delta Delay | Incr   | Path            |
+----------------------------------------------------------------------------------------------------------------------------------------------------------+--------+-------------+------------+------------+-------------+--------+-----------------+
| clk (port)                                                                                                                                               |        | 0.026       | 0.000      | 0.000      |             | 0.000  | 0.000r          |
| clk (clock net)                                                                                                                                          | 24     |             |            |            | NA          |        |                 |
| pc_3__reg_p:CK (DFFQX1H7R)                                                                                                                               |        | 0.001       | 0.000      | 0.000      |             | 0.000  | 0.000r          |
| clock core_clock (rise edge)                                                                                                                             |        |             |            |            |             | 0      | 0               |
| clock network delay (ideal)                                                                                                                              |        |             |            |            |             | 0.000  | 0.000           |
| pc_3__reg_p:CK (DFFQX1H7R)                                                                                                                               |        | 0.001       | 0.000      | 0.000      |             | 0.000  | 0.000r          |
| pc_3__reg_p:Q (DFFQX1H7R)                                                                                                                                |        | 0.002       | 0.000      | 0.033      |             | 0.079  | 0.079f          |
| pc_3_ (net)                                                                                                                                              | 1      |             |            |            | 0.000       |        |                 |
| pc_3__BUFX7H7R_A:A (BUFX7H7R)                                                                                                                            |        | 0.002       | 0.000      | 0.033      |             | 0.000  | 0.079f          |
| pc_3__BUFX7H7R_A:Y (BUFX7H7R)                                                                                                                            |        | 0.018       | 0.000      | 0.042      |             | 0.060  | 0.139f          |
| pc_3__BUFX7H7R_A_Y (net)                                                                                                                                 | 13     |             |            |            | 0.000       |        |                 |
| pc_3__BUFX7H7R_A_Y_BUFX12H7R_A:A (BUFX12H7R)                                                                                                             |        | 0.003       | 0.000      | 0.042      |             | 0.000  | 0.139f          |
| pc_3__BUFX7H7R_A_Y_BUFX12H7R_A:Y (BUFX12H7R)                                                                                                             |        | 0.021       | 0.000      | 0.033      |             | 0.057  | 0.197f          |
| R[1]_2__NOR4BX2H7R_C_D (net)                                                                                                                             | 24     |             |            |            | 0.000       |        |                 |
| out_0__reg_p_D_OAOI211X0P5H7R_Y_A0_XNOR2X0P5H7R_A_Y_OAI211X1P4H7R_A1_C0_NOR3X3H7R_Y:A (NOR3X3H7R)                                                        |        | 0.002       | 0.000      | 0.033      |             | 0.000  | 0.197f          |
| out_0__reg_p_D_OAOI211X0P5H7R_Y_A0_XNOR2X0P5H7R_A_Y_OAI211X1P4H7R_A1_C0_NOR3X3H7R_Y:Y (NOR3X3H7R)                                                        |        | 0.008       | 0.000      | 0.161      |             | 0.115  | 0.311r          |
| out_0__reg_p_D_OAOI211X0P5H7R_Y_A0_XNOR2X0P5H7R_A_Y_OAI211X1P4H7R_A1_C0 (net)                                                                            | 6      |             |            |            | 0.000       |        |                 |
| R[0]_0__$_XNOR__A_Y_$_AND__B_Y_$_AND__B_Y_$_NAND__B_Y_$_AND__A_B_$_ANDNOT__B_A_$_SDFF_PN0__Q_D_$_MUX__S_Y_$_DFF_P__D_Q_NAND3BX0P5H7R_B:C (NAND3BX0P5H7R) |        | 0.001       | 0.000      | 0.161      |             | 0.000  | 0.311r          |
| R[0]_0__$_XNOR__A_Y_$_AND__B_Y_$_AND__B_Y_$_NAND__B_Y_$_AND__A_B_$_ANDNOT__B_A_$_SDFF_PN0__Q_D_$_MUX__S_Y_$_DFF_P__D_Q_NAND3BX0P5H7R_B:Y (NAND3BX0P5H7R) |        | 0.004       | 0.000      | 0.162      |             | 0.135  | 0.446f          |
| R[2]_0__reg_p_D_NOR2X0P5H7R_Y_A (net)                                                                                                                    | 6      |             |            |            | 0.000       |        |                 |
| R[2]_7__reg_p_E_NAND2X0P5H7R_Y:B (NAND2X0P5H7R)                                                                                                          |        | 0.001       | 0.000      | 0.162      |             | 0.000  | 0.446f          |
| R[2]_7__reg_p_E_NAND2X0P5H7R_Y:Y (NAND2X0P5H7R)                                                                                                          |        | 0.001       | 0.000      | 0.056      |             | 0.052  | 0.499r          |
| R[2]_7__reg_p_E (net)                                                                                                                                    | 1      |             |            |            | 0.000       |        |                 |
| R[2]_7__reg_p_E_ICGX0P5H7R_E:E (ICGX0P5H7R)                                                                                                              |        | 0.001       | 0.000      | 0.056      |             | 0.000  | 0.499r          |
|                                                                                                                                                          |        |             |            |            |             |        |                 |
| clk (port)                                                                                                                                               |        | 0.020       | 0.000      | 0.000      |             | 0.000  | 0.000r          |
| clk (clock net)                                                                                                                                          | 24     |             |            |            | NA          |        |                 |
| R[2]_7__reg_p_E_ICGX0P5H7R_E:CK (ICGX0P5H7R)                                                                                                             |        | 0.002       | 0.000      | 0.000      |             | 0.000  | 0.000r          |
| clock core_clock (rise edge)                                                                                                                             |        |             |            |            |             | 2      | 2               |
| clock network delay (ideal)                                                                                                                              |        |             |            |            |             | 0.000  | 2.000           |
| R[2]_7__reg_p_E_ICGX0P5H7R_E:CK (ICGX0P5H7R)                                                                                                             |        |             |            |            |             |        | 2.000r          |
| library setup time                                                                                                                                       |        |             |            |            |             | -0.074 | 1.926           |
| clock reconvergence pessimism                                                                                                                            |        |             |            |            |             | 0.000  | 1.926           |
|                                                                                                                                                          |        |             |            |            |             |        |                 |
| path cell delay                                                                                                                                          |        |             |            |            |             |        | 0.499(100.000%) |
| path net delay                                                                                                                                           |        |             |            |            |             |        | 0.000(0.000%)   |
|                                                                                                                                                          |        |             |            |            |             |        |                 |
| data require time                                                                                                                                        |        |             |            |            |             |        | 1.926           |
| data arrival time                                                                                                                                        |        |             |            |            |             |        | 0.499           |
| slack (MET)                                                                                                                                              |        |             |            |            |             |        | 1.428           |
+----------------------------------------------------------------------------------------------------------------------------------------------------------+--------+-------------+------------+------------+-------------+--------+-----------------+
+---------------------------------------------------------------------------------------------+--------+-------------+------------+------------+-------------+--------+-----------------+
| Point                                                                                       | Fanout | Capacitance | Resistance | Transition | Delta Delay | Incr   | Path            |
+---------------------------------------------------------------------------------------------+--------+-------------+------------+------------+-------------+--------+-----------------+
| clk (port)                                                                                  |        | 0.026       | 0.000      | 0.000      |             | 0.000  | 0.000r          |
| clk (clock net)                                                                             | 24     |             |            |            | NA          |        |                 |
| pc_3__reg_p:CK (DFFQX1H7R)                                                                  |        | 0.001       | 0.000      | 0.000      |             | 0.000  | 0.000r          |
| clock core_clock (rise edge)                                                                |        |             |            |            |             | 0      | 0               |
| clock network delay (ideal)                                                                 |        |             |            |            |             | 0.000  | 0.000           |
| pc_3__reg_p:CK (DFFQX1H7R)                                                                  |        | 0.001       | 0.000      | 0.000      |             | 0.000  | 0.000r          |
| pc_3__reg_p:Q (DFFQX1H7R)                                                                   |        | 0.002       | 0.000      | 0.033      |             | 0.079  | 0.079f          |
| pc_3_ (net)                                                                                 | 1      |             |            |            | 0.000       |        |                 |
| pc_3__BUFX7H7R_A:A (BUFX7H7R)                                                               |        | 0.002       | 0.000      | 0.033      |             | 0.000  | 0.079f          |
| pc_3__BUFX7H7R_A:Y (BUFX7H7R)                                                               |        | 0.018       | 0.000      | 0.042      |             | 0.060  | 0.139f          |
| pc_3__BUFX7H7R_A_Y (net)                                                                    | 13     |             |            |            | 0.000       |        |                 |
| pc_3__BUFX7H7R_A_Y_BUFX12H7R_A:A (BUFX12H7R)                                                |        | 0.003       | 0.000      | 0.042      |             | 0.000  | 0.139f          |
| pc_3__BUFX7H7R_A_Y_BUFX12H7R_A:Y (BUFX12H7R)                                                |        | 0.021       | 0.000      | 0.033      |             | 0.057  | 0.197f          |
| R[1]_2__NOR4BX2H7R_C_D (net)                                                                | 24     |             |            |            | 0.000       |        |                 |
| R[2]_2__reg_p_D_NOR2X0P5H7R_Y_B_OAO211X0P5H7R_Y_C0_OR3X1H7R_Y:A (OR3X1H7R)                  |        | 0.001       | 0.000      | 0.033      |             | 0.000  | 0.197f          |
| R[2]_2__reg_p_D_NOR2X0P5H7R_Y_B_OAO211X0P5H7R_Y_C0_OR3X1H7R_Y:Y (OR3X1H7R)                  |        | 0.002       | 0.000      | 0.037      |             | 0.093  | 0.290f          |
| R[2]_2__reg_p_D_NOR2X0P5H7R_Y_B_OAO211X0P5H7R_Y_C0 (net)                                    | 2      |             |            |            | 0.000       |        |                 |
| R[2]_2__reg_p_D_NOR2X0P5H7R_Y_B_OAO211X0P5H7R_Y_C0_OR3X1H7R_C:C (OR3X1H7R)                  |        | 0.001       | 0.000      | 0.037      |             | 0.000  | 0.290f          |
| R[2]_2__reg_p_D_NOR2X0P5H7R_Y_B_OAO211X0P5H7R_Y_C0_OR3X1H7R_C:Y (OR3X1H7R)                  |        | 0.001       | 0.000      | 0.031      |             | 0.079  | 0.369f          |
| R[2]_2__reg_p_D_NOR2X0P5H7R_Y_B_OAO211X0P5H7R_Y_C0_OR3X1H7R_C_Y (net)                       | 1      |             |            |            | 0.000       |        |                 |
| R[2]_2__reg_p_D_NOR2X0P5H7R_Y_B_OAO211X0P5H7R_Y_C0_OR3X1H7R_C_Y_BUFX1P4H7R_A:A (BUFX1P4H7R) |        | 0.001       | 0.000      | 0.031      |             | 0.000  | 0.369f          |
| R[2]_2__reg_p_D_NOR2X0P5H7R_Y_B_OAO211X0P5H7R_Y_C0_OR3X1H7R_C_Y_BUFX1P4H7R_A:Y (BUFX1P4H7R) |        | 0.008       | 0.000      | 0.069      |             | 0.074  | 0.443f          |
| R[0]_6__reg_p_D_NOR4X2H7R_Y_D (net)                                                         | 9      |             |            |            | 0.000       |        |                 |
| R[0]_7__reg_p_E_NAND2X0P5H7R_Y:B (NAND2X0P5H7R)                                             |        | 0.001       | 0.000      | 0.069      |             | 0.000  | 0.443f          |
| R[0]_7__reg_p_E_NAND2X0P5H7R_Y:Y (NAND2X0P5H7R)                                             |        | 0.001       | 0.000      | 0.036      |             | 0.037  | 0.480r          |
| R[0]_7__reg_p_E (net)                                                                       | 1      |             |            |            | 0.000       |        |                 |
| R[0]_7__reg_p_E_ICGX0P5H7R_E:E (ICGX0P5H7R)                                                 |        | 0.001       | 0.000      | 0.036      |             | 0.000  | 0.480r          |
|                                                                                             |        |             |            |            |             |        |                 |
| clk (port)                                                                                  |        | 0.020       | 0.000      | 0.000      |             | 0.000  | 0.000r          |
| clk (clock net)                                                                             | 24     |             |            |            | NA          |        |                 |
| R[0]_7__reg_p_E_ICGX0P5H7R_E:CK (ICGX0P5H7R)                                                |        | 0.002       | 0.000      | 0.000      |             | 0.000  | 0.000r          |
| clock core_clock (rise edge)                                                                |        |             |            |            |             | 2      | 2               |
| clock network delay (ideal)                                                                 |        |             |            |            |             | 0.000  | 2.000           |
| R[0]_7__reg_p_E_ICGX0P5H7R_E:CK (ICGX0P5H7R)                                                |        |             |            |            |             |        | 2.000r          |
| library setup time                                                                          |        |             |            |            |             | -0.066 | 1.934           |
| clock reconvergence pessimism                                                               |        |             |            |            |             | 0.000  | 1.934           |
|                                                                                             |        |             |            |            |             |        |                 |
| path cell delay                                                                             |        |             |            |            |             |        | 0.480(100.000%) |
| path net delay                                                                              |        |             |            |            |             |        | 0.000(0.000%)   |
|                                                                                             |        |             |            |            |             |        |                 |
| data require time                                                                           |        |             |            |            |             |        | 1.934           |
| data arrival time                                                                           |        |             |            |            |             |        | 0.480           |
| slack (MET)                                                                                 |        |             |            |            |             |        | 1.454           |
+---------------------------------------------------------------------------------------------+--------+-------------+------------+------------+-------------+--------+-----------------+
+---------------------------------------------------------------------------------------------+--------+-------------+------------+------------+-------------+--------+-----------------+
| Point                                                                                       | Fanout | Capacitance | Resistance | Transition | Delta Delay | Incr   | Path            |
+---------------------------------------------------------------------------------------------+--------+-------------+------------+------------+-------------+--------+-----------------+
| clk (port)                                                                                  |        | 0.026       | 0.000      | 0.000      |             | 0.000  | 0.000r          |
| clk (clock net)                                                                             | 24     |             |            |            | NA          |        |                 |
| pc_3__reg_p:CK (DFFQX1H7R)                                                                  |        | 0.001       | 0.000      | 0.000      |             | 0.000  | 0.000r          |
| clock core_clock (rise edge)                                                                |        |             |            |            |             | 0      | 0               |
| clock network delay (ideal)                                                                 |        |             |            |            |             | 0.000  | 0.000           |
| pc_3__reg_p:CK (DFFQX1H7R)                                                                  |        | 0.001       | 0.000      | 0.000      |             | 0.000  | 0.000r          |
| pc_3__reg_p:Q (DFFQX1H7R)                                                                   |        | 0.002       | 0.000      | 0.032      |             | 0.105  | 0.105r          |
| pc_3_ (net)                                                                                 | 1      |             |            |            | 0.000       |        |                 |
| pc_3__BUFX7H7R_A:A (BUFX7H7R)                                                               |        | 0.002       | 0.000      | 0.032      |             | 0.000  | 0.105r          |
| pc_3__BUFX7H7R_A:Y (BUFX7H7R)                                                               |        | 0.018       | 0.000      | 0.054      |             | 0.060  | 0.164r          |
| pc_3__BUFX7H7R_A_Y (net)                                                                    | 13     |             |            |            | 0.000       |        |                 |
| pc_3__BUFX7H7R_A_Y_BUFX12H7R_A:A (BUFX12H7R)                                                |        | 0.003       | 0.000      | 0.054      |             | 0.000  | 0.164r          |
| pc_3__BUFX7H7R_A_Y_BUFX12H7R_A:Y (BUFX12H7R)                                                |        | 0.021       | 0.000      | 0.042      |             | 0.059  | 0.223r          |
| R[1]_2__NOR4BX2H7R_C_D (net)                                                                | 24     |             |            |            | 0.000       |        |                 |
| R[2]_2__reg_p_D_NOR2X0P5H7R_Y_B_OAO211X0P5H7R_Y_C0_OR3X1H7R_Y:A (OR3X1H7R)                  |        | 0.001       | 0.000      | 0.042      |             | 0.000  | 0.223r          |
| R[2]_2__reg_p_D_NOR2X0P5H7R_Y_B_OAO211X0P5H7R_Y_C0_OR3X1H7R_Y:Y (OR3X1H7R)                  |        | 0.002       | 0.000      | 0.028      |             | 0.051  | 0.274r          |
| R[2]_2__reg_p_D_NOR2X0P5H7R_Y_B_OAO211X0P5H7R_Y_C0 (net)                                    | 2      |             |            |            | 0.000       |        |                 |
| R[2]_2__reg_p_D_NOR2X0P5H7R_Y_B_OAO211X0P5H7R_Y_C0_OR3X1H7R_C:C (OR3X1H7R)                  |        | 0.001       | 0.000      | 0.028      |             | 0.000  | 0.274r          |
| R[2]_2__reg_p_D_NOR2X0P5H7R_Y_B_OAO211X0P5H7R_Y_C0_OR3X1H7R_C:Y (OR3X1H7R)                  |        | 0.001       | 0.000      | 0.021      |             | 0.039  | 0.313r          |
| R[2]_2__reg_p_D_NOR2X0P5H7R_Y_B_OAO211X0P5H7R_Y_C0_OR3X1H7R_C_Y (net)                       | 1      |             |            |            | 0.000       |        |                 |
| R[2]_2__reg_p_D_NOR2X0P5H7R_Y_B_OAO211X0P5H7R_Y_C0_OR3X1H7R_C_Y_BUFX1P4H7R_A:A (BUFX1P4H7R) |        | 0.001       | 0.000      | 0.021      |             | 0.000  | 0.313r          |
| R[2]_2__reg_p_D_NOR2X0P5H7R_Y_B_OAO211X0P5H7R_Y_C0_OR3X1H7R_C_Y_BUFX1P4H7R_A:Y (BUFX1P4H7R) |        | 0.008       | 0.000      | 0.096      |             | 0.079  | 0.391r          |
| R[0]_6__reg_p_D_NOR4X2H7R_Y_D (net)                                                         | 9      |             |            |            | 0.000       |        |                 |
| R[0]_7__reg_p_E_NAND2X0P5H7R_Y:B (NAND2X0P5H7R)                                             |        | 0.001       | 0.000      | 0.096      |             | 0.000  | 0.391r          |
| R[0]_7__reg_p_E_NAND2X0P5H7R_Y:Y (NAND2X0P5H7R)                                             |        | 0.001       | 0.000      | 0.040      |             | 0.044  | 0.435f          |
| R[0]_7__reg_p_E (net)                                                                       | 1      |             |            |            | 0.000       |        |                 |
| R[0]_7__reg_p_E_ICGX0P5H7R_E:E (ICGX0P5H7R)                                                 |        | 0.001       | 0.000      | 0.040      |             | 0.000  | 0.435f          |
|                                                                                             |        |             |            |            |             |        |                 |
| clk (port)                                                                                  |        | 0.020       | 0.000      | 0.000      |             | 0.000  | 0.000r          |
| clk (clock net)                                                                             | 24     |             |            |            | NA          |        |                 |
| R[0]_7__reg_p_E_ICGX0P5H7R_E:CK (ICGX0P5H7R)                                                |        | 0.002       | 0.000      | 0.000      |             | 0.000  | 0.000r          |
| clock core_clock (rise edge)                                                                |        |             |            |            |             | 2      | 2               |
| clock network delay (ideal)                                                                 |        |             |            |            |             | 0.000  | 2.000           |
| R[0]_7__reg_p_E_ICGX0P5H7R_E:CK (ICGX0P5H7R)                                                |        |             |            |            |             |        | 2.000r          |
| library setup time                                                                          |        |             |            |            |             | -0.041 | 1.959           |
| clock reconvergence pessimism                                                               |        |             |            |            |             | 0.000  | 1.959           |
|                                                                                             |        |             |            |            |             |        |                 |
| path cell delay                                                                             |        |             |            |            |             |        | 0.435(100.000%) |
| path net delay                                                                              |        |             |            |            |             |        | 0.000(0.000%)   |
|                                                                                             |        |             |            |            |             |        |                 |
| data require time                                                                           |        |             |            |            |             |        | 1.959           |
| data arrival time                                                                           |        |             |            |            |             |        | 0.435           |
| slack (MET)                                                                                 |        |             |            |            |             |        | 1.524           |
+---------------------------------------------------------------------------------------------+--------+-------------+------------+------------+-------------+--------+-----------------+
+-----------------------------------------------------------------------------------------------------------------------------------------------------------+--------+-------------+------------+------------+-------------+--------+-----------------+
| Point                                                                                                                                                     | Fanout | Capacitance | Resistance | Transition | Delta Delay | Incr   | Path            |
+-----------------------------------------------------------------------------------------------------------------------------------------------------------+--------+-------------+------------+------------+-------------+--------+-----------------+
| clk (port)                                                                                                                                                |        | 0.026       | 0.000      | 0.000      |             | 0.000  | 0.000r          |
| clk (clock net)                                                                                                                                           | 24     |             |            |            | NA          |        |                 |
| pc_3__reg_p:CK (DFFQX1H7R)                                                                                                                                |        | 0.001       | 0.000      | 0.000      |             | 0.000  | 0.000r          |
| clock core_clock (rise edge)                                                                                                                              |        |             |            |            |             | 0      | 0               |
| clock network delay (ideal)                                                                                                                               |        |             |            |            |             | 0.000  | 0.000           |
| pc_3__reg_p:CK (DFFQX1H7R)                                                                                                                                |        | 0.001       | 0.000      | 0.000      |             | 0.000  | 0.000r          |
| pc_3__reg_p:Q (DFFQX1H7R)                                                                                                                                 |        | 0.002       | 0.000      | 0.032      |             | 0.105  | 0.105r          |
| pc_3_ (net)                                                                                                                                               | 1      |             |            |            | 0.000       |        |                 |
| pc_3__BUFX7H7R_A:A (BUFX7H7R)                                                                                                                             |        | 0.002       | 0.000      | 0.032      |             | 0.000  | 0.105r          |
| pc_3__BUFX7H7R_A:Y (BUFX7H7R)                                                                                                                             |        | 0.018       | 0.000      | 0.054      |             | 0.060  | 0.164r          |
| pc_3__BUFX7H7R_A_Y (net)                                                                                                                                  | 13     |             |            |            | 0.000       |        |                 |
| pc_3__BUFX7H7R_A_Y_BUFX12H7R_A:A (BUFX12H7R)                                                                                                              |        | 0.003       | 0.000      | 0.054      |             | 0.000  | 0.164r          |
| pc_3__BUFX7H7R_A_Y_BUFX12H7R_A:Y (BUFX12H7R)                                                                                                              |        | 0.021       | 0.000      | 0.042      |             | 0.059  | 0.223r          |
| R[1]_2__NOR4BX2H7R_C_D (net)                                                                                                                              | 24     |             |            |            | 0.000       |        |                 |
| out_0__reg_p_D_OAOI211X0P5H7R_Y_A0_XNOR2X0P5H7R_A_Y_OAI211X1P4H7R_A1_C0_NOR3X3H7R_Y:A (NOR3X3H7R)                                                         |        | 0.002       | 0.000      | 0.042      |             | 0.000  | 0.223r          |
| out_0__reg_p_D_OAOI211X0P5H7R_Y_A0_XNOR2X0P5H7R_A_Y_OAI211X1P4H7R_A1_C0_NOR3X3H7R_Y:Y (NOR3X3H7R)                                                         |        | 0.008       | 0.000      | 0.049      |             | 0.041  | 0.264f          |
| out_0__reg_p_D_OAOI211X0P5H7R_Y_A0_XNOR2X0P5H7R_A_Y_OAI211X1P4H7R_A1_C0 (net)                                                                             | 6      |             |            |            | 0.000       |        |                 |
| R[0]_0__$_XNOR__A_Y_$_AND__B_Y_$_AND__B_Y_$_NAND__B_Y_$_AND__A_B_$_ANDNOT__B_A_$_SDFF_PN0__Q_D_$_MUX__S_Y_$_DFF_P__D_Q_NAND3BX0P7H7R_AN:B (NAND3BX0P7H7R) |        | 0.001       | 0.000      | 0.049      |             | 0.000  | 0.264f          |
| R[0]_0__$_XNOR__A_Y_$_AND__B_Y_$_AND__B_Y_$_NAND__B_Y_$_AND__A_B_$_ANDNOT__B_A_$_SDFF_PN0__Q_D_$_MUX__S_Y_$_DFF_P__D_Q_NAND3BX0P7H7R_AN:Y (NAND3BX0P7H7R) |        | 0.008       | 0.000      | 0.140      |             | 0.092  | 0.356r          |
| R[1]_6__reg_p_D_NOR4X2H7R_Y_D (net)                                                                                                                       | 9      |             |            |            | 0.000       |        |                 |
| R[1]_7__reg_p_E_NAND2X0P5H7R_Y:B (NAND2X0P5H7R)                                                                                                           |        | 0.001       | 0.000      | 0.140      |             | 0.000  | 0.356r          |
| R[1]_7__reg_p_E_NAND2X0P5H7R_Y:Y (NAND2X0P5H7R)                                                                                                           |        | 0.001       | 0.000      | 0.046      |             | 0.049  | 0.405f          |
| R[1]_7__reg_p_E (net)                                                                                                                                     | 1      |             |            |            | 0.000       |        |                 |
| R[1]_7__reg_p_E_ICGX0P5H7R_E:E (ICGX0P5H7R)                                                                                                               |        | 0.001       | 0.000      | 0.046      |             | 0.000  | 0.405f          |
|                                                                                                                                                           |        |             |            |            |             |        |                 |
| clk (port)                                                                                                                                                |        | 0.020       | 0.000      | 0.000      |             | 0.000  | 0.000r          |
| clk (clock net)                                                                                                                                           | 24     |             |            |            | NA          |        |                 |
| R[1]_7__reg_p_E_ICGX0P5H7R_E:CK (ICGX0P5H7R)                                                                                                              |        | 0.002       | 0.000      | 0.000      |             | 0.000  | 0.000r          |
| clock core_clock (rise edge)                                                                                                                              |        |             |            |            |             | 2      | 2               |
| clock network delay (ideal)                                                                                                                               |        |             |            |            |             | 0.000  | 2.000           |
| R[1]_7__reg_p_E_ICGX0P5H7R_E:CK (ICGX0P5H7R)                                                                                                              |        |             |            |            |             |        | 2.000r          |
| library setup time                                                                                                                                        |        |             |            |            |             | -0.043 | 1.957           |
| clock reconvergence pessimism                                                                                                                             |        |             |            |            |             | 0.000  | 1.957           |
|                                                                                                                                                           |        |             |            |            |             |        |                 |
| path cell delay                                                                                                                                           |        |             |            |            |             |        | 0.405(100.000%) |
| path net delay                                                                                                                                            |        |             |            |            |             |        | 0.000(0.000%)   |
|                                                                                                                                                           |        |             |            |            |             |        |                 |
| data require time                                                                                                                                         |        |             |            |            |             |        | 1.957           |
| data arrival time                                                                                                                                         |        |             |            |            |             |        | 0.405           |
| slack (MET)                                                                                                                                               |        |             |            |            |             |        | 1.552           |
+-----------------------------------------------------------------------------------------------------------------------------------------------------------+--------+-------------+------------+------------+-------------+--------+-----------------+
+--------------------------------------------------------------------+--------+-------------+------------+------------+-------------+--------+-----------------+
| Point                                                              | Fanout | Capacitance | Resistance | Transition | Delta Delay | Incr   | Path            |
+--------------------------------------------------------------------+--------+-------------+------------+------------+-------------+--------+-----------------+
| clk (port)                                                         |        | 0.020       | 0.000      | 0.000      |             | 0.000  | 0.000r          |
| clk (clock net)                                                    | 24     |             |            |            | NA          |        |                 |
| out_1__reg_p:CK (DFFQX1H7R)                                        |        | 0.001       | 0.000      | 0.000      |             | 0.000  | 0.000r          |
| clock core_clock (rise edge)                                       |        |             |            |            |             | 0      | 0               |
| clock network delay (ideal)                                        |        |             |            |            |             | 0.000  | 0.000           |
| out_1__reg_p:CK (DFFQX1H7R)                                        |        | 0.001       | 0.000      | 0.000      |             | 0.000  | 0.000r          |
| out_1__reg_p:Q (DFFQX1H7R)                                         |        | 0.005       | 0.000      | 0.055      |             | 0.098  | 0.098f          |
| out_1_ (net)                                                       | 7      |             |            |            | 0.000       |        |                 |
| out_1__reg_p_D_OAOI211X0P5H7R_Y_B0_NAND2X0P5H7R_Y:A (NAND2X0P5H7R) |        | 0.001       | 0.000      | 0.055      |             | 0.000  | 0.098f          |
| out_1__reg_p_D_OAOI211X0P5H7R_Y_B0_NAND2X0P5H7R_Y:Y (NAND2X0P5H7R) |        | 0.001       | 0.000      | 0.028      |             | 0.029  | 0.127r          |
| out_1__reg_p_D_OAOI211X0P5H7R_Y_B0 (net)                           | 1      |             |            |            | 0.000       |        |                 |
| out_1__reg_p_D_OAOI211X0P5H7R_Y:B0 (OAOI211X0P5H7R)                |        | 0.001       | 0.000      | 0.028      |             | 0.000  | 0.127r          |
| out_1__reg_p_D_OAOI211X0P5H7R_Y:Y (OAOI211X0P5H7R)                 |        | 0.001       | 0.000      | 0.025      |             | 0.025  | 0.152f          |
| out_1__reg_p_D (net)                                               | 1      |             |            |            | 0.000       |        |                 |
| out_1__reg_p:D (DFFQX1H7R)                                         |        | 0.001       | 0.000      | 0.025      |             | 0.000  | 0.152f          |
|                                                                    |        |             |            |            |             |        |                 |
| clk (port)                                                         |        | 0.026       | 0.000      | 0.000      |             | 0.000  | 0.000r          |
| clk (clock net)                                                    | 24     |             |            |            | NA          |        |                 |
| out_1__reg_p:CK (DFFQX1H7R)                                        |        | 0.001       | 0.000      | 0.000      |             | 0.000  | 0.000r          |
| clock core_clock (rise edge)                                       |        |             |            |            |             | 0      | 0               |
| clock network delay (ideal)                                        |        |             |            |            |             | 0.000  | 0.000           |
| out_1__reg_p:CK (DFFQX1H7R)                                        |        |             |            |            |             |        | 0.000r          |
| library hold time                                                  |        |             |            |            |             | -0.006 | -0.006          |
| clock reconvergence pessimism                                      |        |             |            |            |             | -0.000 | -0.006          |
|                                                                    |        |             |            |            |             |        |                 |
| path cell delay                                                    |        |             |            |            |             |        | 0.152(100.000%) |
| path net delay                                                     |        |             |            |            |             |        | 0.000(0.000%)   |
|                                                                    |        |             |            |            |             |        |                 |
| data require time                                                  |        |             |            |            |             |        | -0.006          |
| data arrival time                                                  |        |             |            |            |             |        | 0.152           |
| slack (MET)                                                        |        |             |            |            |             |        | 0.158           |
+--------------------------------------------------------------------+--------+-------------+------------+------------+-------------+--------+-----------------+
+----------------------------------------------------------------------------------------------------------------------------------------------------------+--------+-------------+------------+------------+-------------+--------+-----------------+
| Point                                                                                                                                                    | Fanout | Capacitance | Resistance | Transition | Delta Delay | Incr   | Path            |
+----------------------------------------------------------------------------------------------------------------------------------------------------------+--------+-------------+------------+------------+-------------+--------+-----------------+
| clk (port)                                                                                                                                               |        | 0.020       | 0.000      | 0.000      |             | 0.000  | 0.000r          |
| clk (clock net)                                                                                                                                          | 24     |             |            |            | NA          |        |                 |
| R[0]_0__$_XNOR__A_Y_$_AND__B_Y_$_AND__B_Y_$_NAND__B_Y_$_AND__A_B_$_ANDNOT__B_A_$_SDFF_PN0__Q_D_$_MUX__S_Y_DFFQX1H7R_D:CK (DFFQX1H7R)                     |        | 0.001       | 0.000      | 0.000      |             | 0.000  | 0.000r          |
| clock core_clock (rise edge)                                                                                                                             |        |             |            |            |             | 0      | 0               |
| clock network delay (ideal)                                                                                                                              |        |             |            |            |             | 0.000  | 0.000           |
| R[0]_0__$_XNOR__A_Y_$_AND__B_Y_$_AND__B_Y_$_NAND__B_Y_$_AND__A_B_$_ANDNOT__B_A_$_SDFF_PN0__Q_D_$_MUX__S_Y_DFFQX1H7R_D:CK (DFFQX1H7R)                     |        | 0.001       | 0.000      | 0.000      |             | 0.000  | 0.000r          |
| R[0]_0__$_XNOR__A_Y_$_AND__B_Y_$_AND__B_Y_$_NAND__B_Y_$_AND__A_B_$_ANDNOT__B_A_$_SDFF_PN0__Q_D_$_MUX__S_Y_DFFQX1H7R_D:Q (DFFQX1H7R)                      |        | 0.003       | 0.000      | 0.043      |             | 0.088  | 0.088f          |
| R[0]_0__$_XNOR__A_Y_$_AND__B_Y_$_AND__B_Y_$_NAND__B_Y_$_AND__A_B_$_ANDNOT__B_A_$_SDFF_PN0__Q_D_$_MUX__S_Y_$_DFF_P__D_Q (net)                             | 5      |             |            |            | 0.000       |        |                 |
| R[0]_0__$_XNOR__A_Y_$_AND__B_Y_$_AND__B_Y_$_NAND__B_Y_$_AND__A_B_$_ANDNOT__B_A_$_SDFF_PN0__Q_D_$_MUX__S_Y_$_DFF_P__D_Q_NAND3BX0P5H7R_B:B (NAND3BX0P5H7R) |        | 0.001       | 0.000      | 0.043      |             | 0.000  | 0.088f          |
| R[0]_0__$_XNOR__A_Y_$_AND__B_Y_$_AND__B_Y_$_NAND__B_Y_$_AND__A_B_$_ANDNOT__B_A_$_SDFF_PN0__Q_D_$_MUX__S_Y_$_DFF_P__D_Q_NAND3BX0P5H7R_B:Y (NAND3BX0P5H7R) |        | 0.003       | 0.000      | 0.072      |             | 0.058  | 0.146r          |
| R[2]_0__reg_p_D_NOR2X0P5H7R_Y_A (net)                                                                                                                    | 6      |             |            |            | 0.000       |        |                 |
| R[2]_3__reg_p_D_NOR2X1P4H7R_Y:A (NOR2X1P4H7R)                                                                                                            |        | 0.001       | 0.000      | 0.072      |             | 0.000  | 0.146r          |
| R[2]_3__reg_p_D_NOR2X1P4H7R_Y:Y (NOR2X1P4H7R)                                                                                                            |        | 0.001       | 0.000      | 0.013      |             | 0.026  | 0.172f          |
| R[2]_3__reg_p_D (net)                                                                                                                                    | 1      |             |            |            | 0.000       |        |                 |
| R[2]_3__reg_p:D (DFFQX1H7R)                                                                                                                              |        | 0.001       | 0.000      | 0.013      |             | 0.000  | 0.172f          |
|                                                                                                                                                          |        |             |            |            |             |        |                 |
| clk (port)                                                                                                                                               |        | 0.026       | 0.000      | 0.000      |             | 0.000  | 0.000r          |
| clk (clock net)                                                                                                                                          | 24     |             |            |            | NA          |        |                 |
| R[2]_7__reg_p_E_ICGX0P5H7R_E:CK (ICGX0P5H7R)                                                                                                             |        | 0.002       | 0.000      | 0.000      |             | 0.000  | 0.000r          |
| R[2]_7__reg_p_E_ICGX0P5H7R_E:ECK (ICGX0P5H7R)                                                                                                            |        | 0.008       | 0.000      | 0.000      |             | 0.000  | 0.000r          |
| R[2]_6__reg_p_CK (clock net)                                                                                                                             | 8      |             |            |            | NA          |        |                 |
| R[2]_3__reg_p:CK (DFFQX1H7R)                                                                                                                             |        | 0.001       | 0.000      | 0.000      |             | 0.000  | 0.000r          |
| clock core_clock (rise edge)                                                                                                                             |        |             |            |            |             | 0      | 0               |
| clock network delay (ideal)                                                                                                                              |        |             |            |            |             | 0.000  | 0.000           |
| R[2]_3__reg_p:CK (DFFQX1H7R)                                                                                                                             |        |             |            |            |             |        | 0.000r          |
| library hold time                                                                                                                                        |        |             |            |            |             | -0.003 | -0.003          |
| clock reconvergence pessimism                                                                                                                            |        |             |            |            |             | -0.000 | -0.003          |
|                                                                                                                                                          |        |             |            |            |             |        |                 |
| path cell delay                                                                                                                                          |        |             |            |            |             |        | 0.172(100.000%) |
| path net delay                                                                                                                                           |        |             |            |            |             |        | 0.000(0.000%)   |
|                                                                                                                                                          |        |             |            |            |             |        |                 |
| data require time                                                                                                                                        |        |             |            |            |             |        | -0.003          |
| data arrival time                                                                                                                                        |        |             |            |            |             |        | 0.172           |
| slack (MET)                                                                                                                                              |        |             |            |            |             |        | 0.174           |
+----------------------------------------------------------------------------------------------------------------------------------------------------------+--------+-------------+------------+------------+-------------+--------+-----------------+
+----------------------------------------------------------------------------------------------------------------------------------------------------------+--------+-------------+------------+------------+-------------+--------+-----------------+
| Point                                                                                                                                                    | Fanout | Capacitance | Resistance | Transition | Delta Delay | Incr   | Path            |
+----------------------------------------------------------------------------------------------------------------------------------------------------------+--------+-------------+------------+------------+-------------+--------+-----------------+
| clk (port)                                                                                                                                               |        | 0.020       | 0.000      | 0.000      |             | 0.000  | 0.000r          |
| clk (clock net)                                                                                                                                          | 24     |             |            |            | NA          |        |                 |
| R[0]_0__$_XNOR__A_Y_$_AND__B_Y_$_AND__B_Y_$_NAND__B_Y_$_AND__A_B_$_ANDNOT__B_A_$_SDFF_PN0__Q_D_$_MUX__S_Y_DFFQX1H7R_D:CK (DFFQX1H7R)                     |        | 0.001       | 0.000      | 0.000      |             | 0.000  | 0.000r          |
| clock core_clock (rise edge)                                                                                                                             |        |             |            |            |             | 0      | 0               |
| clock network delay (ideal)                                                                                                                              |        |             |            |            |             | 0.000  | 0.000           |
| R[0]_0__$_XNOR__A_Y_$_AND__B_Y_$_AND__B_Y_$_NAND__B_Y_$_AND__A_B_$_ANDNOT__B_A_$_SDFF_PN0__Q_D_$_MUX__S_Y_DFFQX1H7R_D:CK (DFFQX1H7R)                     |        | 0.001       | 0.000      | 0.000      |             | 0.000  | 0.000r          |
| R[0]_0__$_XNOR__A_Y_$_AND__B_Y_$_AND__B_Y_$_NAND__B_Y_$_AND__A_B_$_ANDNOT__B_A_$_SDFF_PN0__Q_D_$_MUX__S_Y_DFFQX1H7R_D:Q (DFFQX1H7R)                      |        | 0.003       | 0.000      | 0.043      |             | 0.088  | 0.088f          |
| R[0]_0__$_XNOR__A_Y_$_AND__B_Y_$_AND__B_Y_$_NAND__B_Y_$_AND__A_B_$_ANDNOT__B_A_$_SDFF_PN0__Q_D_$_MUX__S_Y_$_DFF_P__D_Q (net)                             | 5      |             |            |            | 0.000       |        |                 |
| R[0]_0__$_XNOR__A_Y_$_AND__B_Y_$_AND__B_Y_$_NAND__B_Y_$_AND__A_B_$_ANDNOT__B_A_$_SDFF_PN0__Q_D_$_MUX__S_Y_$_DFF_P__D_Q_NAND3BX0P5H7R_B:B (NAND3BX0P5H7R) |        | 0.001       | 0.000      | 0.043      |             | 0.000  | 0.088f          |
| R[0]_0__$_XNOR__A_Y_$_AND__B_Y_$_AND__B_Y_$_NAND__B_Y_$_AND__A_B_$_ANDNOT__B_A_$_SDFF_PN0__Q_D_$_MUX__S_Y_$_DFF_P__D_Q_NAND3BX0P5H7R_B:Y (NAND3BX0P5H7R) |        | 0.003       | 0.000      | 0.072      |             | 0.058  | 0.146r          |
| R[2]_0__reg_p_D_NOR2X0P5H7R_Y_A (net)                                                                                                                    | 6      |             |            |            | 0.000       |        |                 |
| R[2]_1__reg_p_D_NOR2X0P5H7R_Y:A (NOR2X0P5H7R)                                                                                                            |        | 0.001       | 0.000      | 0.072      |             | 0.000  | 0.146r          |
| R[2]_1__reg_p_D_NOR2X0P5H7R_Y:Y (NOR2X0P5H7R)                                                                                                            |        | 0.001       | 0.000      | 0.018      |             | 0.029  | 0.175f          |
| R[2]_1__reg_p_D (net)                                                                                                                                    | 1      |             |            |            | 0.000       |        |                 |
| R[2]_1__reg_p:D (DFFQX1H7R)                                                                                                                              |        | 0.001       | 0.000      | 0.018      |             | 0.000  | 0.175f          |
|                                                                                                                                                          |        |             |            |            |             |        |                 |
| clk (port)                                                                                                                                               |        | 0.026       | 0.000      | 0.000      |             | 0.000  | 0.000r          |
| clk (clock net)                                                                                                                                          | 24     |             |            |            | NA          |        |                 |
| R[2]_7__reg_p_E_ICGX0P5H7R_E:CK (ICGX0P5H7R)                                                                                                             |        | 0.002       | 0.000      | 0.000      |             | 0.000  | 0.000r          |
| R[2]_7__reg_p_E_ICGX0P5H7R_E:ECK (ICGX0P5H7R)                                                                                                            |        | 0.008       | 0.000      | 0.000      |             | 0.000  | 0.000r          |
| R[2]_6__reg_p_CK (clock net)                                                                                                                             | 8      |             |            |            | NA          |        |                 |
| R[2]_1__reg_p:CK (DFFQX1H7R)                                                                                                                             |        | 0.001       | 0.000      | 0.000      |             | 0.000  | 0.000r          |
| clock core_clock (rise edge)                                                                                                                             |        |             |            |            |             | 0      | 0               |
| clock network delay (ideal)                                                                                                                              |        |             |            |            |             | 0.000  | 0.000           |
| R[2]_1__reg_p:CK (DFFQX1H7R)                                                                                                                             |        |             |            |            |             |        | 0.000r          |
| library hold time                                                                                                                                        |        |             |            |            |             | -0.004 | -0.004          |
| clock reconvergence pessimism                                                                                                                            |        |             |            |            |             | -0.000 | -0.004          |
|                                                                                                                                                          |        |             |            |            |             |        |                 |
| path cell delay                                                                                                                                          |        |             |            |            |             |        | 0.175(100.000%) |
| path net delay                                                                                                                                           |        |             |            |            |             |        | 0.000(0.000%)   |
|                                                                                                                                                          |        |             |            |            |             |        |                 |
| data require time                                                                                                                                        |        |             |            |            |             |        | -0.004          |
| data arrival time                                                                                                                                        |        |             |            |            |             |        | 0.175           |
| slack (MET)                                                                                                                                              |        |             |            |            |             |        | 0.179           |
+----------------------------------------------------------------------------------------------------------------------------------------------------------+--------+-------------+------------+------------+-------------+--------+-----------------+
+----------------------------------------------------------------------------------------------------------------------------------------------------------+--------+-------------+------------+------------+-------------+--------+-----------------+
| Point                                                                                                                                                    | Fanout | Capacitance | Resistance | Transition | Delta Delay | Incr   | Path            |
+----------------------------------------------------------------------------------------------------------------------------------------------------------+--------+-------------+------------+------------+-------------+--------+-----------------+
| clk (port)                                                                                                                                               |        | 0.020       | 0.000      | 0.000      |             | 0.000  | 0.000r          |
| clk (clock net)                                                                                                                                          | 24     |             |            |            | NA          |        |                 |
| R[0]_0__$_XNOR__A_Y_$_AND__B_Y_$_AND__B_Y_$_NAND__B_Y_$_AND__A_B_$_ANDNOT__B_A_$_SDFF_PN0__Q_D_$_MUX__S_Y_DFFQX1H7R_D:CK (DFFQX1H7R)                     |        | 0.001       | 0.000      | 0.000      |             | 0.000  | 0.000r          |
| clock core_clock (rise edge)                                                                                                                             |        |             |            |            |             | 0      | 0               |
| clock network delay (ideal)                                                                                                                              |        |             |            |            |             | 0.000  | 0.000           |
| R[0]_0__$_XNOR__A_Y_$_AND__B_Y_$_AND__B_Y_$_NAND__B_Y_$_AND__A_B_$_ANDNOT__B_A_$_SDFF_PN0__Q_D_$_MUX__S_Y_DFFQX1H7R_D:CK (DFFQX1H7R)                     |        | 0.001       | 0.000      | 0.000      |             | 0.000  | 0.000r          |
| R[0]_0__$_XNOR__A_Y_$_AND__B_Y_$_AND__B_Y_$_NAND__B_Y_$_AND__A_B_$_ANDNOT__B_A_$_SDFF_PN0__Q_D_$_MUX__S_Y_DFFQX1H7R_D:Q (DFFQX1H7R)                      |        | 0.003       | 0.000      | 0.043      |             | 0.088  | 0.088f          |
| R[0]_0__$_XNOR__A_Y_$_AND__B_Y_$_AND__B_Y_$_NAND__B_Y_$_AND__A_B_$_ANDNOT__B_A_$_SDFF_PN0__Q_D_$_MUX__S_Y_$_DFF_P__D_Q (net)                             | 5      |             |            |            | 0.000       |        |                 |
| R[0]_0__$_XNOR__A_Y_$_AND__B_Y_$_AND__B_Y_$_NAND__B_Y_$_AND__A_B_$_ANDNOT__B_A_$_SDFF_PN0__Q_D_$_MUX__S_Y_$_DFF_P__D_Q_NAND3BX0P5H7R_B:B (NAND3BX0P5H7R) |        | 0.001       | 0.000      | 0.043      |             | 0.000  | 0.088f          |
| R[0]_0__$_XNOR__A_Y_$_AND__B_Y_$_AND__B_Y_$_NAND__B_Y_$_AND__A_B_$_ANDNOT__B_A_$_SDFF_PN0__Q_D_$_MUX__S_Y_$_DFF_P__D_Q_NAND3BX0P5H7R_B:Y (NAND3BX0P5H7R) |        | 0.003       | 0.000      | 0.072      |             | 0.058  | 0.146r          |
| R[2]_0__reg_p_D_NOR2X0P5H7R_Y_A (net)                                                                                                                    | 6      |             |            |            | 0.000       |        |                 |
| R[2]_0__reg_p_D_NOR2X0P5H7R_Y:A (NOR2X0P5H7R)                                                                                                            |        | 0.001       | 0.000      | 0.072      |             | 0.000  | 0.146r          |
| R[2]_0__reg_p_D_NOR2X0P5H7R_Y:Y (NOR2X0P5H7R)                                                                                                            |        | 0.001       | 0.000      | 0.019      |             | 0.029  | 0.175f          |
| R[2]_0__reg_p_D (net)                                                                                                                                    | 1      |             |            |            | 0.000       |        |                 |
| R[2]_0__reg_p:D (DFFQX1H7R)                                                                                                                              |        | 0.001       | 0.000      | 0.019      |             | 0.000  | 0.175f          |
|                                                                                                                                                          |        |             |            |            |             |        |                 |
| clk (port)                                                                                                                                               |        | 0.026       | 0.000      | 0.000      |             | 0.000  | 0.000r          |
| clk (clock net)                                                                                                                                          | 24     |             |            |            | NA          |        |                 |
| R[2]_7__reg_p_E_ICGX0P5H7R_E:CK (ICGX0P5H7R)                                                                                                             |        | 0.002       | 0.000      | 0.000      |             | 0.000  | 0.000r          |
| R[2]_7__reg_p_E_ICGX0P5H7R_E:ECK (ICGX0P5H7R)                                                                                                            |        | 0.008       | 0.000      | 0.000      |             | 0.000  | 0.000r          |
| R[2]_6__reg_p_CK (clock net)                                                                                                                             | 8      |             |            |            | NA          |        |                 |
| R[2]_0__reg_p:CK (DFFQX1H7R)                                                                                                                             |        | 0.001       | 0.000      | 0.000      |             | 0.000  | 0.000r          |
| clock core_clock (rise edge)                                                                                                                             |        |             |            |            |             | 0      | 0               |
| clock network delay (ideal)                                                                                                                              |        |             |            |            |             | 0.000  | 0.000           |
| R[2]_0__reg_p:CK (DFFQX1H7R)                                                                                                                             |        |             |            |            |             |        | 0.000r          |
| library hold time                                                                                                                                        |        |             |            |            |             | -0.004 | -0.004          |
| clock reconvergence pessimism                                                                                                                            |        |             |            |            |             | -0.000 | -0.004          |
|                                                                                                                                                          |        |             |            |            |             |        |                 |
| path cell delay                                                                                                                                          |        |             |            |            |             |        | 0.175(100.000%) |
| path net delay                                                                                                                                           |        |             |            |            |             |        | 0.000(0.000%)   |
|                                                                                                                                                          |        |             |            |            |             |        |                 |
| data require time                                                                                                                                        |        |             |            |            |             |        | -0.004          |
| data arrival time                                                                                                                                        |        |             |            |            |             |        | 0.175           |
| slack (MET)                                                                                                                                              |        |             |            |            |             |        | 0.180           |
+----------------------------------------------------------------------------------------------------------------------------------------------------------+--------+-------------+------------+------------+-------------+--------+-----------------+
+----------------------------------------------------------------------------------------------------------------------------------------------------------+--------+-------------+------------+------------+-------------+--------+-----------------+
| Point                                                                                                                                                    | Fanout | Capacitance | Resistance | Transition | Delta Delay | Incr   | Path            |
+----------------------------------------------------------------------------------------------------------------------------------------------------------+--------+-------------+------------+------------+-------------+--------+-----------------+
| clk (port)                                                                                                                                               |        | 0.020       | 0.000      | 0.000      |             | 0.000  | 0.000r          |
| clk (clock net)                                                                                                                                          | 24     |             |            |            | NA          |        |                 |
| R[0]_0__$_XNOR__A_Y_$_AND__B_Y_$_AND__B_Y_$_NAND__B_Y_$_AND__A_B_$_ANDNOT__B_A_$_SDFF_PN0__Q_D_$_MUX__S_Y_DFFQX1H7R_D:CK (DFFQX1H7R)                     |        | 0.001       | 0.000      | 0.000      |             | 0.000  | 0.000r          |
| clock core_clock (rise edge)                                                                                                                             |        |             |            |            |             | 0      | 0               |
| clock network delay (ideal)                                                                                                                              |        |             |            |            |             | 0.000  | 0.000           |
| R[0]_0__$_XNOR__A_Y_$_AND__B_Y_$_AND__B_Y_$_NAND__B_Y_$_AND__A_B_$_ANDNOT__B_A_$_SDFF_PN0__Q_D_$_MUX__S_Y_DFFQX1H7R_D:CK (DFFQX1H7R)                     |        | 0.001       | 0.000      | 0.000      |             | 0.000  | 0.000r          |
| R[0]_0__$_XNOR__A_Y_$_AND__B_Y_$_AND__B_Y_$_NAND__B_Y_$_AND__A_B_$_ANDNOT__B_A_$_SDFF_PN0__Q_D_$_MUX__S_Y_DFFQX1H7R_D:Q (DFFQX1H7R)                      |        | 0.003       | 0.000      | 0.043      |             | 0.088  | 0.088f          |
| R[0]_0__$_XNOR__A_Y_$_AND__B_Y_$_AND__B_Y_$_NAND__B_Y_$_AND__A_B_$_ANDNOT__B_A_$_SDFF_PN0__Q_D_$_MUX__S_Y_$_DFF_P__D_Q (net)                             | 5      |             |            |            | 0.000       |        |                 |
| R[0]_0__$_XNOR__A_Y_$_AND__B_Y_$_AND__B_Y_$_NAND__B_Y_$_AND__A_B_$_ANDNOT__B_A_$_SDFF_PN0__Q_D_$_MUX__S_Y_$_DFF_P__D_Q_NAND3BX0P5H7R_B:B (NAND3BX0P5H7R) |        | 0.001       | 0.000      | 0.043      |             | 0.000  | 0.088f          |
| R[0]_0__$_XNOR__A_Y_$_AND__B_Y_$_AND__B_Y_$_NAND__B_Y_$_AND__A_B_$_ANDNOT__B_A_$_SDFF_PN0__Q_D_$_MUX__S_Y_$_DFF_P__D_Q_NAND3BX0P5H7R_B:Y (NAND3BX0P5H7R) |        | 0.003       | 0.000      | 0.072      |             | 0.058  | 0.146r          |
| R[2]_0__reg_p_D_NOR2X0P5H7R_Y_A (net)                                                                                                                    | 6      |             |            |            | 0.000       |        |                 |
| R[2]_2__reg_p_D_NOR2X0P5H7R_Y:A (NOR2X0P5H7R)                                                                                                            |        | 0.001       | 0.000      | 0.072      |             | 0.000  | 0.146r          |
| R[2]_2__reg_p_D_NOR2X0P5H7R_Y:Y (NOR2X0P5H7R)                                                                                                            |        | 0.001       | 0.000      | 0.022      |             | 0.029  | 0.175f          |
| R[2]_2__reg_p_D (net)                                                                                                                                    | 1      |             |            |            | 0.000       |        |                 |
| R[2]_2__reg_p:D (DFFQX1H7R)                                                                                                                              |        | 0.001       | 0.000      | 0.022      |             | 0.000  | 0.175f          |
|                                                                                                                                                          |        |             |            |            |             |        |                 |
| clk (port)                                                                                                                                               |        | 0.026       | 0.000      | 0.000      |             | 0.000  | 0.000r          |
| clk (clock net)                                                                                                                                          | 24     |             |            |            | NA          |        |                 |
| R[2]_7__reg_p_E_ICGX0P5H7R_E:CK (ICGX0P5H7R)                                                                                                             |        | 0.002       | 0.000      | 0.000      |             | 0.000  | 0.000r          |
| R[2]_7__reg_p_E_ICGX0P5H7R_E:ECK (ICGX0P5H7R)                                                                                                            |        | 0.008       | 0.000      | 0.000      |             | 0.000  | 0.000r          |
| R[2]_6__reg_p_CK (clock net)                                                                                                                             | 8      |             |            |            | NA          |        |                 |
| R[2]_2__reg_p:CK (DFFQX1H7R)                                                                                                                             |        | 0.001       | 0.000      | 0.000      |             | 0.000  | 0.000r          |
| clock core_clock (rise edge)                                                                                                                             |        |             |            |            |             | 0      | 0               |
| clock network delay (ideal)                                                                                                                              |        |             |            |            |             | 0.000  | 0.000           |
| R[2]_2__reg_p:CK (DFFQX1H7R)                                                                                                                             |        |             |            |            |             |        | 0.000r          |
| library hold time                                                                                                                                        |        |             |            |            |             | -0.005 | -0.005          |
| clock reconvergence pessimism                                                                                                                            |        |             |            |            |             | -0.000 | -0.005          |
|                                                                                                                                                          |        |             |            |            |             |        |                 |
| path cell delay                                                                                                                                          |        |             |            |            |             |        | 0.175(100.000%) |
| path net delay                                                                                                                                           |        |             |            |            |             |        | 0.000(0.000%)   |
|                                                                                                                                                          |        |             |            |            |             |        |                 |
| data require time                                                                                                                                        |        |             |            |            |             |        | -0.005          |
| data arrival time                                                                                                                                        |        |             |            |            |             |        | 0.175           |
| slack (MET)                                                                                                                                              |        |             |            |            |             |        | 0.180           |
+----------------------------------------------------------------------------------------------------------------------------------------------------------+--------+-------------+------------+------------+-------------+--------+-----------------+
+---------------------------------------------------------------------------------------------------------------------------------------------------------------------+--------+-------------+------------+------------+-------------+--------+-----------------+
| Point                                                                                                                                                               | Fanout | Capacitance | Resistance | Transition | Delta Delay | Incr   | Path            |
+---------------------------------------------------------------------------------------------------------------------------------------------------------------------+--------+-------------+------------+------------+-------------+--------+-----------------+
| clk (port)                                                                                                                                                          |        | 0.020       | 0.000      | 0.000      |             | 0.000  | 0.000r          |
| clk (clock net)                                                                                                                                                     | 24     |             |            |            | NA          |        |                 |
| R[0]_0__$_XNOR__A_Y_$_AND__B_Y_$_AND__B_Y_$_NAND__B_Y_$_AND__A_B_$_ANDNOT__B_A_$_SDFF_PN0__Q_D_$_MUX__S_Y_DFFQX1H7R_D:CK (DFFQX1H7R)                                |        | 0.001       | 0.000      | 0.000      |             | 0.000  | 0.000r          |
| clock core_clock (rise edge)                                                                                                                                        |        |             |            |            |             | 0      | 0               |
| clock network delay (ideal)                                                                                                                                         |        |             |            |            |             | 0.000  | 0.000           |
| R[0]_0__$_XNOR__A_Y_$_AND__B_Y_$_AND__B_Y_$_NAND__B_Y_$_AND__A_B_$_ANDNOT__B_A_$_SDFF_PN0__Q_D_$_MUX__S_Y_DFFQX1H7R_D:CK (DFFQX1H7R)                                |        | 0.001       | 0.000      | 0.000      |             | 0.000  | 0.000r          |
| R[0]_0__$_XNOR__A_Y_$_AND__B_Y_$_AND__B_Y_$_NAND__B_Y_$_AND__A_B_$_ANDNOT__B_A_$_SDFF_PN0__Q_D_$_MUX__S_Y_DFFQX1H7R_D:Q (DFFQX1H7R)                                 |        | 0.003       | 0.000      | 0.043      |             | 0.088  | 0.088f          |
| R[0]_0__$_XNOR__A_Y_$_AND__B_Y_$_AND__B_Y_$_NAND__B_Y_$_AND__A_B_$_ANDNOT__B_A_$_SDFF_PN0__Q_D_$_MUX__S_Y_$_DFF_P__D_Q (net)                                        | 5      |             |            |            | 0.000       |        |                 |
| R[0]_0__$_XNOR__A_Y_$_AND__B_Y_$_AND__B_Y_$_NAND__B_Y_$_AND__A_B_$_ANDNOT__B_A_$_NOR__B_Y_$_NAND__A_Y_$_NAND__B_Y_OAI31X0P5H7R_Y_A2_NAND2X0P5H7R_Y:B (NAND2X0P5H7R) |        | 0.001       | 0.000      | 0.043      |             | 0.000  | 0.088f          |
| R[0]_0__$_XNOR__A_Y_$_AND__B_Y_$_AND__B_Y_$_NAND__B_Y_$_AND__A_B_$_ANDNOT__B_A_$_NOR__B_Y_$_NAND__A_Y_$_NAND__B_Y_OAI31X0P5H7R_Y_A2_NAND2X0P5H7R_Y:Y (NAND2X0P5H7R) |        | 0.001       | 0.000      | 0.027      |             | 0.029  | 0.117r          |
| R[0]_0__$_XNOR__A_Y_$_AND__B_Y_$_AND__B_Y_$_NAND__B_Y_$_AND__A_B_$_ANDNOT__B_A_$_NOR__B_Y_$_NAND__A_Y_$_NAND__B_Y_OAI31X0P5H7R_Y_A2 (net)                           | 1      |             |            |            | 0.000       |        |                 |
| R[0]_0__$_XNOR__A_Y_$_AND__B_Y_$_AND__B_Y_$_NAND__B_Y_$_AND__A_B_$_ANDNOT__B_A_$_NOR__B_Y_$_NAND__A_Y_$_NAND__B_Y_OAI31X0P5H7R_Y:A2 (OAI31X0P5H7R)                  |        | 0.001       | 0.000      | 0.027      |             | 0.000  | 0.117r          |
| R[0]_0__$_XNOR__A_Y_$_AND__B_Y_$_AND__B_Y_$_NAND__B_Y_$_AND__A_B_$_ANDNOT__B_A_$_NOR__B_Y_$_NAND__A_Y_$_NAND__B_Y_OAI31X0P5H7R_Y:Y (OAI31X0P5H7R)                   |        | 0.001       | 0.000      | 0.027      |             | 0.033  | 0.149f          |
| R[0]_0__$_XNOR__A_Y_$_AND__B_Y_$_AND__B_Y_$_NAND__B_Y_$_AND__A_B_$_ANDNOT__B_A_$_NOR__B_Y_$_NAND__A_Y_$_NAND__B_Y (net)                                             | 1      |             |            |            | 0.000       |        |                 |
| R[0]_0__$_XNOR__A_Y_$_AND__B_Y_$_AND__B_Y_$_NAND__B_Y_$_AND__A_B_$_ANDNOT__B_A_$_NOR__B_Y_$_NAND__A_Y_$_NAND__B_Y_ICGX0P5H7R_E:E (ICGX0P5H7R)                       |        | 0.001       | 0.000      | 0.027      |             | 0.000  | 0.149f          |
|                                                                                                                                                                     |        |             |            |            |             |        |                 |
| clk (port)                                                                                                                                                          |        | 0.026       | 0.000      | 0.000      |             | 0.000  | 0.000r          |
| clk (clock net)                                                                                                                                                     | 24     |             |            |            | NA          |        |                 |
| R[0]_0__$_XNOR__A_Y_$_AND__B_Y_$_AND__B_Y_$_NAND__B_Y_$_AND__A_B_$_ANDNOT__B_A_$_NOR__B_Y_$_NAND__A_Y_$_NAND__B_Y_ICGX0P5H7R_E:CK (ICGX0P5H7R)                      |        | 0.002       | 0.000      | 0.000      |             | 0.000  | 0.000r          |
| clock core_clock (rise edge)                                                                                                                                        |        |             |            |            |             | 0      | 0               |
| clock network delay (ideal)                                                                                                                                         |        |             |            |            |             | 0.000  | 0.000           |
| R[0]_0__$_XNOR__A_Y_$_AND__B_Y_$_AND__B_Y_$_NAND__B_Y_$_AND__A_B_$_ANDNOT__B_A_$_NOR__B_Y_$_NAND__A_Y_$_NAND__B_Y_ICGX0P5H7R_E:CK (ICGX0P5H7R)                      |        |             |            |            |             |        | 0.000r          |
| library hold time                                                                                                                                                   |        |             |            |            |             | -0.002 | -0.002          |
| clock reconvergence pessimism                                                                                                                                       |        |             |            |            |             | -0.000 | -0.002          |
|                                                                                                                                                                     |        |             |            |            |             |        |                 |
| path cell delay                                                                                                                                                     |        |             |            |            |             |        | 0.149(100.000%) |
| path net delay                                                                                                                                                      |        |             |            |            |             |        | 0.000(0.000%)   |
|                                                                                                                                                                     |        |             |            |            |             |        |                 |
| data require time                                                                                                                                                   |        |             |            |            |             |        | -0.002          |
| data arrival time                                                                                                                                                   |        |             |            |            |             |        | 0.149           |
| slack (MET)                                                                                                                                                         |        |             |            |            |             |        | 0.151           |
+---------------------------------------------------------------------------------------------------------------------------------------------------------------------+--------+-------------+------------+------------+-------------+--------+-----------------+
+----------------------------------------------------------------------------------------------------------------------------------------------------------+--------+-------------+------------+------------+-------------+--------+-----------------+
| Point                                                                                                                                                    | Fanout | Capacitance | Resistance | Transition | Delta Delay | Incr   | Path            |
+----------------------------------------------------------------------------------------------------------------------------------------------------------+--------+-------------+------------+------------+-------------+--------+-----------------+
| clk (port)                                                                                                                                               |        | 0.020       | 0.000      | 0.000      |             | 0.000  | 0.000r          |
| clk (clock net)                                                                                                                                          | 24     |             |            |            | NA          |        |                 |
| R[0]_0__$_XNOR__A_Y_$_AND__B_Y_$_AND__B_Y_$_NAND__B_Y_$_AND__A_B_$_ANDNOT__B_A_$_SDFF_PN0__Q_D_$_MUX__S_Y_DFFQX1H7R_D:CK (DFFQX1H7R)                     |        | 0.001       | 0.000      | 0.000      |             | 0.000  | 0.000r          |
| clock core_clock (rise edge)                                                                                                                             |        |             |            |            |             | 0      | 0               |
| clock network delay (ideal)                                                                                                                              |        |             |            |            |             | 0.000  | 0.000           |
| R[0]_0__$_XNOR__A_Y_$_AND__B_Y_$_AND__B_Y_$_NAND__B_Y_$_AND__A_B_$_ANDNOT__B_A_$_SDFF_PN0__Q_D_$_MUX__S_Y_DFFQX1H7R_D:CK (DFFQX1H7R)                     |        | 0.001       | 0.000      | 0.000      |             | 0.000  | 0.000r          |
| R[0]_0__$_XNOR__A_Y_$_AND__B_Y_$_AND__B_Y_$_NAND__B_Y_$_AND__A_B_$_ANDNOT__B_A_$_SDFF_PN0__Q_D_$_MUX__S_Y_DFFQX1H7R_D:Q (DFFQX1H7R)                      |        | 0.003       | 0.000      | 0.043      |             | 0.088  | 0.088f          |
| R[0]_0__$_XNOR__A_Y_$_AND__B_Y_$_AND__B_Y_$_NAND__B_Y_$_AND__A_B_$_ANDNOT__B_A_$_SDFF_PN0__Q_D_$_MUX__S_Y_$_DFF_P__D_Q (net)                             | 5      |             |            |            | 0.000       |        |                 |
| R[0]_0__$_XNOR__A_Y_$_AND__B_Y_$_AND__B_Y_$_NAND__B_Y_$_AND__A_B_$_ANDNOT__B_A_$_SDFF_PN0__Q_D_$_MUX__S_Y_$_DFF_P__D_Q_NAND3BX0P5H7R_B:B (NAND3BX0P5H7R) |        | 0.001       | 0.000      | 0.043      |             | 0.000  | 0.088f          |
| R[0]_0__$_XNOR__A_Y_$_AND__B_Y_$_AND__B_Y_$_NAND__B_Y_$_AND__A_B_$_ANDNOT__B_A_$_SDFF_PN0__Q_D_$_MUX__S_Y_$_DFF_P__D_Q_NAND3BX0P5H7R_B:Y (NAND3BX0P5H7R) |        | 0.003       | 0.000      | 0.072      |             | 0.058  | 0.146r          |
| R[2]_0__reg_p_D_NOR2X0P5H7R_Y_A (net)                                                                                                                    | 6      |             |            |            | 0.000       |        |                 |
| R[2]_7__reg_p_E_NAND2X0P5H7R_Y:B (NAND2X0P5H7R)                                                                                                          |        | 0.001       | 0.000      | 0.072      |             | 0.000  | 0.146r          |
| R[2]_7__reg_p_E_NAND2X0P5H7R_Y:Y (NAND2X0P5H7R)                                                                                                          |        | 0.001       | 0.000      | 0.034      |             | 0.039  | 0.184f          |
| R[2]_7__reg_p_E (net)                                                                                                                                    | 1      |             |            |            | 0.000       |        |                 |
| R[2]_7__reg_p_E_ICGX0P5H7R_E:E (ICGX0P5H7R)                                                                                                              |        | 0.001       | 0.000      | 0.034      |             | 0.000  | 0.184f          |
|                                                                                                                                                          |        |             |            |            |             |        |                 |
| clk (port)                                                                                                                                               |        | 0.026       | 0.000      | 0.000      |             | 0.000  | 0.000r          |
| clk (clock net)                                                                                                                                          | 24     |             |            |            | NA          |        |                 |
| R[2]_7__reg_p_E_ICGX0P5H7R_E:CK (ICGX0P5H7R)                                                                                                             |        | 0.002       | 0.000      | 0.000      |             | 0.000  | 0.000r          |
| clock core_clock (rise edge)                                                                                                                             |        |             |            |            |             | 0      | 0               |
| clock network delay (ideal)                                                                                                                              |        |             |            |            |             | 0.000  | 0.000           |
| R[2]_7__reg_p_E_ICGX0P5H7R_E:CK (ICGX0P5H7R)                                                                                                             |        |             |            |            |             |        | 0.000r          |
| library hold time                                                                                                                                        |        |             |            |            |             | -0.003 | -0.003          |
| clock reconvergence pessimism                                                                                                                            |        |             |            |            |             | -0.000 | -0.003          |
|                                                                                                                                                          |        |             |            |            |             |        |                 |
| path cell delay                                                                                                                                          |        |             |            |            |             |        | 0.184(100.000%) |
| path net delay                                                                                                                                           |        |             |            |            |             |        | 0.000(0.000%)   |
|                                                                                                                                                          |        |             |            |            |             |        |                 |
| data require time                                                                                                                                        |        |             |            |            |             |        | -0.003          |
| data arrival time                                                                                                                                        |        |             |            |            |             |        | 0.184           |
| slack (MET)                                                                                                                                              |        |             |            |            |             |        | 0.188           |
+----------------------------------------------------------------------------------------------------------------------------------------------------------+--------+-------------+------------+------------+-------------+--------+-----------------+
+------------------------------------------------------------------------------------------------------------------------------------------------------------------------------------------------------------+--------+-------------+------------+------------+-------------+--------+-----------------+
| Point                                                                                                                                                                                                      | Fanout | Capacitance | Resistance | Transition | Delta Delay | Incr   | Path            |
+------------------------------------------------------------------------------------------------------------------------------------------------------------------------------------------------------------+--------+-------------+------------+------------+-------------+--------+-----------------+
| clk (port)                                                                                                                                                                                                 |        | 0.020       | 0.000      | 0.000      |             | 0.000  | 0.000r          |
| clk (clock net)                                                                                                                                                                                            | 24     |             |            |            | NA          |        |                 |
| R[0]_0__$_XNOR__A_Y_$_AND__B_Y_$_AND__B_Y_$_NAND__B_Y_$_AND__A_B_$_OR__Y_B_$_DFF_P__Q_D_$_MUX__Y_B_$_NAND__A_Y_AOI211X1P4H7R_Y_A1_MUX2X8H7R_Y_B_XOR2X0P5H7R_Y_B_OA211X4H7R_A1_Y_DFFQX1H7R_D:CK (DFFQX1H7R) |        | 0.001       | 0.000      | 0.000      |             | 0.000  | 0.000r          |
| clock core_clock (rise edge)                                                                                                                                                                               |        |             |            |            |             | 0      | 0               |
| clock network delay (ideal)                                                                                                                                                                                |        |             |            |            |             | 0.000  | 0.000           |
| R[0]_0__$_XNOR__A_Y_$_AND__B_Y_$_AND__B_Y_$_NAND__B_Y_$_AND__A_B_$_OR__Y_B_$_DFF_P__Q_D_$_MUX__Y_B_$_NAND__A_Y_AOI211X1P4H7R_Y_A1_MUX2X8H7R_Y_B_XOR2X0P5H7R_Y_B_OA211X4H7R_A1_Y_DFFQX1H7R_D:CK (DFFQX1H7R) |        | 0.001       | 0.000      | 0.000      |             | 0.000  | 0.000r          |
| R[0]_0__$_XNOR__A_Y_$_AND__B_Y_$_AND__B_Y_$_NAND__B_Y_$_AND__A_B_$_OR__Y_B_$_DFF_P__Q_D_$_MUX__Y_B_$_NAND__A_Y_AOI211X1P4H7R_Y_A1_MUX2X8H7R_Y_B_XOR2X0P5H7R_Y_B_OA211X4H7R_A1_Y_DFFQX1H7R_D:Q (DFFQX1H7R)  |        | 0.004       | 0.000      | 0.053      |             | 0.097  | 0.097f          |
| R[0]_0__$_XNOR__A_Y_$_AND__B_Y_$_AND__B_Y_$_NAND__B_Y_$_AND__A_B_$_ANDNOT__B_A (net)                                                                                                                       | 6      |             |            |            | 0.000       |        |                 |
| R[0]_0__$_XNOR__A_Y_$_AND__B_Y_$_AND__B_Y_$_NAND__B_Y_$_AND__A_B_$_ANDNOT__B_A_$_NOR__B_Y_$_NAND__A_Y_$_NAND__B_Y_OAI31X0P5H7R_Y:A1 (OAI31X0P5H7R)                                                         |        | 0.001       | 0.000      | 0.053      |             | 0.000  | 0.097f          |
| R[0]_0__$_XNOR__A_Y_$_AND__B_Y_$_AND__B_Y_$_NAND__B_Y_$_AND__A_B_$_ANDNOT__B_A_$_NOR__B_Y_$_NAND__A_Y_$_NAND__B_Y_OAI31X0P5H7R_Y:Y (OAI31X0P5H7R)                                                          |        | 0.001       | 0.000      | 0.079      |             | 0.073  | 0.170r          |
| R[0]_0__$_XNOR__A_Y_$_AND__B_Y_$_AND__B_Y_$_NAND__B_Y_$_AND__A_B_$_ANDNOT__B_A_$_NOR__B_Y_$_NAND__A_Y_$_NAND__B_Y (net)                                                                                    | 1      |             |            |            | 0.000       |        |                 |
| R[0]_0__$_XNOR__A_Y_$_AND__B_Y_$_AND__B_Y_$_NAND__B_Y_$_AND__A_B_$_ANDNOT__B_A_$_NOR__B_Y_$_NAND__A_Y_$_NAND__B_Y_ICGX0P5H7R_E:E (ICGX0P5H7R)                                                              |        | 0.001       | 0.000      | 0.079      |             | 0.000  | 0.170r          |
|                                                                                                                                                                                                            |        |             |            |            |             |        |                 |
| clk (port)                                                                                                                                                                                                 |        | 0.026       | 0.000      | 0.000      |             | 0.000  | 0.000r          |
| clk (clock net)                                                                                                                                                                                            | 24     |             |            |            | NA          |        |                 |
| R[0]_0__$_XNOR__A_Y_$_AND__B_Y_$_AND__B_Y_$_NAND__B_Y_$_AND__A_B_$_ANDNOT__B_A_$_NOR__B_Y_$_NAND__A_Y_$_NAND__B_Y_ICGX0P5H7R_E:CK (ICGX0P5H7R)                                                             |        | 0.002       | 0.000      | 0.000      |             | 0.000  | 0.000r          |
| clock core_clock (rise edge)                                                                                                                                                                               |        |             |            |            |             | 0      | 0               |
| clock network delay (ideal)                                                                                                                                                                                |        |             |            |            |             | 0.000  | 0.000           |
| R[0]_0__$_XNOR__A_Y_$_AND__B_Y_$_AND__B_Y_$_NAND__B_Y_$_AND__A_B_$_ANDNOT__B_A_$_NOR__B_Y_$_NAND__A_Y_$_NAND__B_Y_ICGX0P5H7R_E:CK (ICGX0P5H7R)                                                             |        |             |            |            |             |        | 0.000r          |
| library hold time                                                                                                                                                                                          |        |             |            |            |             | -0.032 | -0.032          |
| clock reconvergence pessimism                                                                                                                                                                              |        |             |            |            |             | -0.000 | -0.032          |
|                                                                                                                                                                                                            |        |             |            |            |             |        |                 |
| path cell delay                                                                                                                                                                                            |        |             |            |            |             |        | 0.170(100.000%) |
| path net delay                                                                                                                                                                                             |        |             |            |            |             |        | 0.000(0.000%)   |
|                                                                                                                                                                                                            |        |             |            |            |             |        |                 |
| data require time                                                                                                                                                                                          |        |             |            |            |             |        | -0.032          |
| data arrival time                                                                                                                                                                                          |        |             |            |            |             |        | 0.170           |
| slack (MET)                                                                                                                                                                                                |        |             |            |            |             |        | 0.202           |
+------------------------------------------------------------------------------------------------------------------------------------------------------------------------------------------------------------+--------+-------------+------------+------------+-------------+--------+-----------------+
+-----------------------------------------------------------------------------------------------------------------------------------------------------------+--------+-------------+------------+------------+-------------+--------+-----------------+
| Point                                                                                                                                                     | Fanout | Capacitance | Resistance | Transition | Delta Delay | Incr   | Path            |
+-----------------------------------------------------------------------------------------------------------------------------------------------------------+--------+-------------+------------+------------+-------------+--------+-----------------+
| clk (port)                                                                                                                                                |        | 0.020       | 0.000      | 0.000      |             | 0.000  | 0.000r          |
| clk (clock net)                                                                                                                                           | 24     |             |            |            | NA          |        |                 |
| pc_1__$_XOR__B_Y_$_MUX__A_Y_$_MUX__A_Y_DFFQX1H7R_D:CK (DFFQX1H7R)                                                                                         |        | 0.001       | 0.000      | 0.000      |             | 0.000  | 0.000r          |
| clock core_clock (rise edge)                                                                                                                              |        |             |            |            |             | 0      | 0               |
| clock network delay (ideal)                                                                                                                               |        |             |            |            |             | 0.000  | 0.000           |
| pc_1__$_XOR__B_Y_$_MUX__A_Y_$_MUX__A_Y_DFFQX1H7R_D:CK (DFFQX1H7R)                                                                                         |        | 0.001       | 0.000      | 0.000      |             | 0.000  | 0.000r          |
| pc_1__$_XOR__B_Y_$_MUX__A_Y_$_MUX__A_Y_DFFQX1H7R_D:Q (DFFQX1H7R)                                                                                          |        | 0.003       | 0.000      | 0.047      |             | 0.092  | 0.092f          |
| pc_1__$_XOR__B_Y_$_MUX__A_Y_$_MUX__A_Y_$_DFF_P__D_Q (net)                                                                                                 | 6      |             |            |            | 0.000       |        |                 |
| R[0]_0__$_XNOR__A_Y_$_AND__B_Y_$_AND__B_Y_$_NAND__B_Y_$_AND__A_B_$_ANDNOT__B_A_$_SDFF_PN0__Q_D_$_MUX__S_Y_$_DFF_P__D_Q_NAND3BX0P7H7R_AN:C (NAND3BX0P7H7R) |        | 0.001       | 0.000      | 0.047      |             | 0.000  | 0.092f          |
| R[0]_0__$_XNOR__A_Y_$_AND__B_Y_$_AND__B_Y_$_NAND__B_Y_$_AND__A_B_$_ANDNOT__B_A_$_SDFF_PN0__Q_D_$_MUX__S_Y_$_DFF_P__D_Q_NAND3BX0P7H7R_AN:Y (NAND3BX0P7H7R) |        | 0.005       | 0.000      | 0.090      |             | 0.067  | 0.159r          |
| R[1]_6__reg_p_D_NOR4X2H7R_Y_D (net)                                                                                                                       | 9      |             |            |            | 0.000       |        |                 |
| R[1]_7__reg_p_E_NAND2X0P5H7R_Y:B (NAND2X0P5H7R)                                                                                                           |        | 0.001       | 0.000      | 0.090      |             | 0.000  | 0.159r          |
| R[1]_7__reg_p_E_NAND2X0P5H7R_Y:Y (NAND2X0P5H7R)                                                                                                           |        | 0.001       | 0.000      | 0.037      |             | 0.042  | 0.201f          |
| R[1]_7__reg_p_E (net)                                                                                                                                     | 1      |             |            |            | 0.000       |        |                 |
| R[1]_7__reg_p_E_ICGX0P5H7R_E:E (ICGX0P5H7R)                                                                                                               |        | 0.001       | 0.000      | 0.037      |             | 0.000  | 0.201f          |
|                                                                                                                                                           |        |             |            |            |             |        |                 |
| clk (port)                                                                                                                                                |        | 0.026       | 0.000      | 0.000      |             | 0.000  | 0.000r          |
| clk (clock net)                                                                                                                                           | 24     |             |            |            | NA          |        |                 |
| R[1]_7__reg_p_E_ICGX0P5H7R_E:CK (ICGX0P5H7R)                                                                                                              |        | 0.002       | 0.000      | 0.000      |             | 0.000  | 0.000r          |
| clock core_clock (rise edge)                                                                                                                              |        |             |            |            |             | 0      | 0               |
| clock network delay (ideal)                                                                                                                               |        |             |            |            |             | 0.000  | 0.000           |
| R[1]_7__reg_p_E_ICGX0P5H7R_E:CK (ICGX0P5H7R)                                                                                                              |        |             |            |            |             |        | 0.000r          |
| library hold time                                                                                                                                         |        |             |            |            |             | -0.004 | -0.004          |
| clock reconvergence pessimism                                                                                                                             |        |             |            |            |             | -0.000 | -0.004          |
|                                                                                                                                                           |        |             |            |            |             |        |                 |
| path cell delay                                                                                                                                           |        |             |            |            |             |        | 0.201(100.000%) |
| path net delay                                                                                                                                            |        |             |            |            |             |        | 0.000(0.000%)   |
|                                                                                                                                                           |        |             |            |            |             |        |                 |
| data require time                                                                                                                                         |        |             |            |            |             |        | -0.004          |
| data arrival time                                                                                                                                         |        |             |            |            |             |        | 0.201           |
| slack (MET)                                                                                                                                               |        |             |            |            |             |        | 0.204           |
+-----------------------------------------------------------------------------------------------------------------------------------------------------------+--------+-------------+------------+------------+-------------+--------+-----------------+
+--------------------------------------------------------------------------------------------------------------------------------------+--------+-------------+------------+------------+-------------+--------+-----------------+
| Point                                                                                                                                | Fanout | Capacitance | Resistance | Transition | Delta Delay | Incr   | Path            |
+--------------------------------------------------------------------------------------------------------------------------------------+--------+-------------+------------+------------+-------------+--------+-----------------+
| clk (port)                                                                                                                           |        | 0.020       | 0.000      | 0.000      |             | 0.000  | 0.000r          |
| clk (clock net)                                                                                                                      | 24     |             |            |            | NA          |        |                 |
| R[0]_0__$_XNOR__A_Y_$_AND__B_Y_$_AND__B_Y_$_NAND__B_Y_$_AND__A_B_$_ANDNOT__B_A_$_SDFF_PN0__Q_D_$_MUX__S_Y_DFFQX1H7R_D:CK (DFFQX1H7R) |        | 0.001       | 0.000      | 0.000      |             | 0.000  | 0.000r          |
| clock core_clock (rise edge)                                                                                                         |        |             |            |            |             | 0      | 0               |
| clock network delay (ideal)                                                                                                          |        |             |            |            |             | 0.000  | 0.000           |
| R[0]_0__$_XNOR__A_Y_$_AND__B_Y_$_AND__B_Y_$_NAND__B_Y_$_AND__A_B_$_ANDNOT__B_A_$_SDFF_PN0__Q_D_$_MUX__S_Y_DFFQX1H7R_D:CK (DFFQX1H7R) |        | 0.001       | 0.000      | 0.000      |             | 0.000  | 0.000r          |
| R[0]_0__$_XNOR__A_Y_$_AND__B_Y_$_AND__B_Y_$_NAND__B_Y_$_AND__A_B_$_ANDNOT__B_A_$_SDFF_PN0__Q_D_$_MUX__S_Y_DFFQX1H7R_D:Q (DFFQX1H7R)  |        | 0.003       | 0.000      | 0.045      |             | 0.114  | 0.114r          |
| R[0]_0__$_XNOR__A_Y_$_AND__B_Y_$_AND__B_Y_$_NAND__B_Y_$_AND__A_B_$_ANDNOT__B_A_$_SDFF_PN0__Q_D_$_MUX__S_Y_$_DFF_P__D_Q (net)         | 5      |             |            |            | 0.000       |        |                 |
| R[2]_2__reg_p_D_NOR2X0P5H7R_Y_B_OAO211X0P5H7R_Y_C0_OR3X1H7R_C:B (OR3X1H7R)                                                           |        | 0.001       | 0.000      | 0.045      |             | 0.000  | 0.114r          |
| R[2]_2__reg_p_D_NOR2X0P5H7R_Y_B_OAO211X0P5H7R_Y_C0_OR3X1H7R_C:Y (OR3X1H7R)                                                           |        | 0.001       | 0.000      | 0.017      |             | 0.044  | 0.157r          |
| R[2]_2__reg_p_D_NOR2X0P5H7R_Y_B_OAO211X0P5H7R_Y_C0_OR3X1H7R_C_Y (net)                                                                | 1      |             |            |            | 0.000       |        |                 |
| R[2]_2__reg_p_D_NOR2X0P5H7R_Y_B_OAO211X0P5H7R_Y_C0_OR3X1H7R_C_Y_BUFX1P4H7R_A:A (BUFX1P4H7R)                                          |        | 0.001       | 0.000      | 0.017      |             | 0.000  | 0.157r          |
| R[2]_2__reg_p_D_NOR2X0P5H7R_Y_B_OAO211X0P5H7R_Y_C0_OR3X1H7R_C_Y_BUFX1P4H7R_A:Y (BUFX1P4H7R)                                          |        | 0.006       | 0.000      | 0.070      |             | 0.063  | 0.220r          |
| R[0]_6__reg_p_D_NOR4X2H7R_Y_D (net)                                                                                                  | 9      |             |            |            | 0.000       |        |                 |
| R[0]_7__reg_p_E_NAND2X0P5H7R_Y:B (NAND2X0P5H7R)                                                                                      |        | 0.001       | 0.000      | 0.070      |             | 0.000  | 0.220r          |
| R[0]_7__reg_p_E_NAND2X0P5H7R_Y:Y (NAND2X0P5H7R)                                                                                      |        | 0.001       | 0.000      | 0.034      |             | 0.038  | 0.258f          |
| R[0]_7__reg_p_E (net)                                                                                                                | 1      |             |            |            | 0.000       |        |                 |
| R[0]_7__reg_p_E_ICGX0P5H7R_E:E (ICGX0P5H7R)                                                                                          |        | 0.001       | 0.000      | 0.034      |             | 0.000  | 0.258f          |
|                                                                                                                                      |        |             |            |            |             |        |                 |
| clk (port)                                                                                                                           |        | 0.026       | 0.000      | 0.000      |             | 0.000  | 0.000r          |
| clk (clock net)                                                                                                                      | 24     |             |            |            | NA          |        |                 |
| R[0]_7__reg_p_E_ICGX0P5H7R_E:CK (ICGX0P5H7R)                                                                                         |        | 0.002       | 0.000      | 0.000      |             | 0.000  | 0.000r          |
| clock core_clock (rise edge)                                                                                                         |        |             |            |            |             | 0      | 0               |
| clock network delay (ideal)                                                                                                          |        |             |            |            |             | 0.000  | 0.000           |
| R[0]_7__reg_p_E_ICGX0P5H7R_E:CK (ICGX0P5H7R)                                                                                         |        |             |            |            |             |        | 0.000r          |
| library hold time                                                                                                                    |        |             |            |            |             | -0.003 | -0.003          |
| clock reconvergence pessimism                                                                                                        |        |             |            |            |             | -0.000 | -0.003          |
|                                                                                                                                      |        |             |            |            |             |        |                 |
| path cell delay                                                                                                                      |        |             |            |            |             |        | 0.258(100.000%) |
| path net delay                                                                                                                       |        |             |            |            |             |        | 0.000(0.000%)   |
|                                                                                                                                      |        |             |            |            |             |        |                 |
| data require time                                                                                                                    |        |             |            |            |             |        | -0.003          |
| data arrival time                                                                                                                    |        |             |            |            |             |        | 0.258           |
| slack (MET)                                                                                                                          |        |             |            |            |             |        | 0.261           |
+--------------------------------------------------------------------------------------------------------------------------------------+--------+-------------+------------+------------+-------------+--------+-----------------+
